claim_id,claim,classificatie,source_ids,bronpassages,bewijsstatus,tegenbronnen,rationale,beperkingen
RC01,MDM omvat technische en organisatorische beheertaken.,meerdere bronnen,L05;L20,EX-L05;EX-L20,Broninterpretatie; geen eigen empirische toets,,"section{Inleiding} Master Data Management betreft in de onderzochte literatuur zowel het beheren van gegevens over belangrijke bedrijfsentiteiten als het organiseren van de verantwoordelijkheden die dat beheer mogelijk maken. De functionele MDM-studie van Otto en Ofner behandelt modellering, beschikbaarstelling, kwaliteit, onderhoud en archivering als samenhangende activiteiten. Een functioneel referentiemodel voor masterdatakwaliteit positioneert systeemondersteuning bovendien binnen een organisatorisch kwaliteitsvraagstuk. Daarmee is MDM geen synoniem voor een database of softwarepakket.",Zie per-bron toegangslimiet in source-extracts.csv. Eigen synthese is niet extern gevalideerd.
RC02,Dataproducten en federatieve benaderingen overlappen met MDM zonder ermee samen te vallen.,meerdere bronnen,L12;L24,EX-L12;EX-L24,Broninterpretatie; geen eigen empirische toets,,"De terminologie wordt complexer wanneer MDM in verband wordt gebracht met knowledge graphs, data products, Data Mesh en federatieve datastelsels. De literatuur onderscheidt deze benaderingen naar doel en organisatievorm, maar gebruikt ook overlappende begrippen. Blohm et al. bespreken expliciet de onderlinge samenhang van data products, data mesh en data fabric; Gieß en Hutterer vergelijken bredere datamanagementbenaderingen. Zulke vergelijkingen vormen antecedenten voor deze studie, geen bewijs dat al hun conclusies naar ieder MDM-domein kunnen worden overgedragen.",Zie per-bron toegangslimiet in source-extracts.csv. Eigen synthese is niet extern gevalideerd.
RC03,"Reviewrapportagerichtlijnen ondersteunen transparantie, geen automatisch systematische dekking.",meerdere bronnen,M01;M02,EX-M01;EX-M02,Broninterpretatie; geen eigen empirische toets,,"Onderzoeksmethode Reviewstrategie en corpus De studie is een verkennende state-of-the-art review met standards landscape analysis en conceptuele synthese, voorbereid vanuit een scoping-reviewprotocol. PRISMA-ScR ondersteunt het expliciteren van doel, selectie en rapportage van scoping reviews; PRISMA-S richt zich op transparante rapportage van zoekactiviteiten. Deze paper gebruikt die aandachtspunten, maar claimt geen volledige naleving van alle rapportage-items of een retrospectief gereconstrueerde systematische review.",Zie per-bron toegangslimiet in source-extracts.csv. Eigen synthese is niet extern gevalideerd.
RC04,"Masterdatadefinities benadrukken domeinentiteiten, hergebruik en afgestemd beheer.",meerdere bronnen,B01;L18;L20,EX-B01;EX-L18;EX-L20,Broninterpretatie; geen eigen empirische toets,,"Definitie van Master Data Loshin verbindt masterdata met representaties van veelgebruikte bedrijfsconcepten en met een organisatiebrede, consistente blik op die informatie. Otto en Ofner onderscheiden masterdataklasse, attribuut en object, terwijl Wang et al. herhaald gebruik van kernentiteiten over bedrijfsprocessen en systemen benadrukken. Deze accenten wijzen op samenhang, maar leveren geen universele lijst van intrinsieke data-eigenschappen.",Zie per-bron toegangslimiet in source-extracts.csv. Eigen synthese is niet extern gevalideerd.
RC05,Een golden record is geen garantie van juistheid of institutioneel gezag.,meerdere bronnen,L19;P01,EX-L19;EX-P01,Broninterpretatie; geen eigen empirische toets,,Het onderscheid is van belang bij termen als master record en golden record. Een master record kan in een bron een aangewezen beheerrecord betekenen; golden record duidt veelal op een geïntegreerde selectie van gegevens uit bronnen. Gualo et al. gebruiken het laatste begrip in hun behandeling van masterdatarepositories. De toepasselijke selectie- en kwaliteitsregels blijven echter nodig om te bepalen wat zo'n record vertegenwoordigt. Het woord ``golden'' levert op zichzelf geen onafhankelijk bewijs van juistheid of bevoegd gezag.,Zie per-bron toegangslimiet in source-extracts.csv. Eigen synthese is niet extern gevalideerd.
RC06,Vroege MDM-publicaties bevatten semantisch en productgericht denken.,meerdere bronnen,L12;L18;L19;L20;L24,EX-L12;EX-L18;EX-L19;EX-L20;EX-L24,Broninterpretatie; geen eigen empirische toets,L20;L18,"De geselecteerde publicaties ondersteunen wel een reeks gedateerde ankerpunten. SMDM demonstreerde in 2009 semantische toegang tot masterdata. In 2011 beschreven Otto en Ofner strategische requirements, inclusief masterdata als product en business semantics management. Gualo et al. publiceerden in 2023 een kwaliteitsmodel voor masterdatarepositories. Recente syntheses verbreden vervolgens de vergelijking met data products en federatieve organisatievormen. Deze ankerpunten tonen continuïteit en variatie; zij bewijzen geen universele opeenvolging van volwassenheidsfasen.",Zie per-bron toegangslimiet in source-extracts.csv. Eigen synthese is niet extern gevalideerd.
RC07,Vier theoretische perspectieven bieden een eigen ordening van het corpus.,eigen synthese,L07;L08;L15;L21,EX-L07;EX-L08;EX-L15;EX-L21,Broninterpretatie; geen eigen empirische toets,,"Vier theoretische perspectieven zijn analytisch te onderscheiden. Het informatiekwaliteits-perspectief onderzoekt geschiktheid voor gebruik; het governanceperspectief onderzoekt bevoegdheden en besluitvorming; het integratieperspectief behandelt identificatie en afstemming tussen representaties; het ontologische perspectief onderzoekt aannames over objecten, categorieën en identiteit. Deze indeling is een synthese van de geselecteerde literatuur, geen bestaande uniforme MDM-theorie. Zij verklaart waarom een technisch succescriterium, zoals minder duplicaten, niet alle governance- of betekenisvragen beantwoordt.",Zie per-bron toegangslimiet in source-extracts.csv. Eigen synthese is niet extern gevalideerd.
RC08,Datacategorieën verschillen in classificatiegrond en zijn niet allemaal exclusief.,eigen synthese,L12;L20;S47,EX-L12;EX-L20;EX-S47,Broninterpretatie; geen eigen empirische toets,,"Masterdata versus gerelateerde dataconcepten Datacategorieën moeten op hun classificatiegrond worden vergeleken. ``Operationeel'' en ``analytisch'' beschrijven in MDM-literatuur gebruiksscenario's; ``masterdata'' beschrijft een beheerd gegevensdomein. Een dataset is een publiceerbare verzameling, terwijl een dataproduct ook doel en consumptie adresseert. Daarom zijn deze labels niet allemaal wederzijds uitsluitende soorten data.",Zie per-bron toegangslimiet in source-extracts.csv. Eigen synthese is niet extern gevalideerd.
RC09,Capability-taxonomieën verschillen in granulariteit en doel.,eigen synthese,L05;L20;P01,EX-L05;EX-L20;EX-P01,Broninterpretatie; geen eigen empirische toets,,"section{MDM-capabilities en lifecycle} Een capability wordt hier opgevat als een vermogen om een terugkerende beheertaak uit te voeren. Dat vermogen kan mensen, afspraken en software omvatten. De term wordt gebruikt om bronnen vergelijkbaar te maken, niet om te suggereren dat iedere auteur dezelfde taxonomie hanteert. Otto en Ofner beschrijven requirements op strategisch en functioneel niveau; het MDQM-referentiemodel organiseert systeemfuncties; de IBM-publicatie beschrijft implementatie- en modelleeractiviteiten. Hun granulariteit verschilt.",Zie per-bron toegangslimiet in source-extracts.csv. Eigen synthese is niet extern gevalideerd.
RC10,"De lifecycle is een cyclisch analysekader, geen universeel stappenvoorschrift.",eigen synthese,L20;P01;P02,EX-L20;EX-P01;EX-P02,Broninterpretatie; geen eigen empirische toets,,"Het lifecyclepad identificeren, registreren, valideren, matchen, consolideren, verrijken, goedkeuren, publiceren, distribueren, wijzigen, historiseren en archiveren/verwijderen dient als analysekader. Niet iedere bron schrijft deze volgorde voor. Matching kan bijvoorbeeld vóór registratie in een hub gebeuren, of later tijdens herstel. Beheer is cyclisch waar correcties nieuwe validatie, publicatie en beoordeling vereisen. Dat is een procesmatige synthese van de beschreven activiteiten, geen nieuw normatief lifecyclemodel.",Zie per-bron toegangslimiet in source-extracts.csv. Eigen synthese is niet extern gevalideerd.
RC11,Patroonlabels verschillen tussen MDM-bronnen.,meerdere bronnen,L20;P01,EX-L20;EX-P01,Broninterpretatie; geen eigen empirische toets,,"Bestaande MDM-architectuurpatronen Architectuurtermen zijn niet consistent tussen bronnen. Otto en Ofner onderscheiden central system, leading system, repository en peer-to-peer. De IBM-modelleerpublicatie noemt external reference, registry, coexistence en centralized. Deze namen classificeren deels andere eigenschappen: locatie van gegevens, aanwijzing van een leidend systeem en organisatie van synchronisatie. Een namenlijst alleen levert daarom geen betrouwbare patroonmapping.",Zie per-bron toegangslimiet in source-extracts.csv. Eigen synthese is niet extern gevalideerd.
RC12,Patroonlabels bepalen niet zelfstandig prestaties of consistentiegaranties.,eigen synthese,L24;P01;P02,EX-L24;EX-P01;EX-P02,Broninterpretatie; geen eigen empirische toets,,"Voor een vergelijking zijn minstens acht assen relevant: doel, gegevensplaatsing, write authority, eigenaarschap, synchronisatiemechanisme, zichtbaarheidsvertraging, distributie en betekenisafstemming. Een patroonlabel bepaalt geen consistency model in formele zin. Evenmin volgen latency of schaalbaarheid uit het woord ``federatief''. Zulke eigenschappen vereisen een concrete implementatie, werkbelasting en meetdefinitie. De huidige bronnen maken een algemeen prestatieranglijstje niet mogelijk.",Zie per-bron toegangslimiet in source-extracts.csv. Eigen synthese is niet extern gevalideerd.
RC13,Entity resolution omvat meer dan tekstvergelijking.,meerdere bronnen,L21;L29;L30,EX-L21;EX-L29;EX-L30,Broninterpretatie; geen eigen empirische toets,,"Identity en Entity Resolution Entity resolution onderzoekt of verschillende records naar dezelfde referent verwijzen. Getoor en Machanavajjhala plaatsen deze vraag op het raakvlak van onder meer databases, machine learning en informatieontsluiting. Een vergelijking van tekens is daarbij slechts een mogelijke stap. Blocking beperkt kandidaten, matching beoordeelt overeenkomsten en een daaropvolgend besluit bepaalt welke koppeling of clustering wordt aanvaard.",Zie per-bron toegangslimiet in source-extracts.csv. Eigen synthese is niet extern gevalideerd.
RC14,"Identifiergelijkheid, recordgelijkheid en referentidentiteit verschillen.",eigen synthese,L08;S38;S39,EX-L08;EX-S38;EX-S39,Broninterpretatie; geen eigen empirische toets,,"Een identifier werkt binnen een gekozen naamgevings- en uitgiftecontext. URI/IRI-specificaties en publicatieadviezen regelen aspecten van identificatie en verwijzing, maar beslissen niet of twee administratieve registraties dezelfde domeinentiteit bedoelen. Daarom moeten identifiergelijkheid, recordgelijkheid en referentidentiteit afzonderlijk worden geanalyseerd. De juridische of institutionele betekenis van de referent kan bovendien per domein verschillen.",Zie per-bron toegangslimiet in source-extracts.csv. Eigen synthese is niet extern gevalideerd.
RC15,"Matching, survivorship en domeinverandering vragen verschillende besluiten.",eigen synthese,L08;L22;P01,EX-L08;EX-L22;EX-P01,Broninterpretatie; geen eigen empirische toets,,"Survivorship betreft de keuze van te gebruiken waarden wanneer bronnen verschillen. Een matchbesluit zegt nog niet welke waarde voor welk doel moet gelden. Evenzo kan een samenvoeging achteraf onjuist blijken. Een split kan een correctie van een cluster zijn, maar in een domein ook een verandering van het object zelf beschrijven. Deze twee betekenissen zijn analytisch te onderscheiden; een productfunctie met de naam ``split'' zegt niet welke ervan wordt ondersteund.",Zie per-bron toegangslimiet in source-extracts.csv. Eigen synthese is niet extern gevalideerd.
RC16,ER-maatstaven kunnen verschillende rangordes opleveren.,één bron,L22,EX-L22,Broninterpretatie; geen eigen empirische toets,,"De keuze van evaluatiemaatstaf is inhoudelijk relevant. Menestrina et al. laten zien dat entity-resolutionmaten dezelfde uitkomsten verschillend kunnen rangschikken. Pairwise- en clustermaatstaven beschrijven niet noodzakelijk dezelfde foutkosten. Voor publieke toepassingen kan een onterechte samenvoeging andere gevolgen hebben dan een gemiste koppeling; die asymmetrie is een te expliciteren toepassingskeuze, geen in deze paper gemeten overheidsuitkomst.",Zie per-bron toegangslimiet in source-extracts.csv. Eigen synthese is niet extern gevalideerd.
RC17,Datakwaliteit is contextgebonden en multidimensionaal.,meerdere bronnen,L15;L19,EX-L15;EX-L19,Broninterpretatie; geen eigen empirische toets,,Data Quality Datakwaliteit omvat meer dan juistheid van afzonderlijke waarden. Het consumentenperspectief van Wang en Strong en de vergelijking van kwaliteitsdimensies bij Gualo et al. maken duidelijk dat verschillende doelen en contexten verschillende beoordelingsaspecten vragen. Gualo et al. ontwikkelen een model met standaardaanknopingspunten en demonstreren toepassing in een repositorycasus. Hun studie ondersteunt het bestaan van een operationalisering; zij bewijst geen universele geschiktheid voor ieder MDM-domein.,Zie per-bron toegangslimiet in source-extracts.csv. Eigen synthese is niet extern gevalideerd.
RC18,Kwaliteitsdimensies vereisen expliciete vergelijkingsconventies.,eigen synthese,L19;S12,EX-L19;EX-S12,Broninterpretatie; geen eigen empirische toets,,"In deze analyse wordt validiteit gebruikt voor voldoen aan een gekozen regel of domein, volledigheid voor dekking van vereiste gegevens, consistentie voor het ontbreken van relevante tegenstrijdigheden, actualiteit voor temporele bruikbaarheid en juistheid voor overeenkomst met de bedoelde werkelijkheid of gezaghebbende beoordelingsgrond. Deze beknopte omschrijvingen zijn vergelijkingsconventies. Zij vervangen niet de afzonderlijke definities in ISO/IEC 25012 of andere bronnen.",Zie per-bron toegangslimiet in source-extracts.csv. Eigen synthese is niet extern gevalideerd.
RC19,"Normscope, kwaliteitsmetadata en graafvalidatie hebben verschillende toetsobjecten.",normatief,S02;S03;S12;S32;S34,EX-S02;EX-S03;EX-S12;EX-S32;EX-S34,Broninterpretatie; geen eigen empirische toets,,"ISO 8000 behandelt onder meer masterdata-uitwisseling en semantische codering. ISO/IEC 25012 positioneert een datakwaliteitsmodel, terwijl DQV een vocabulaire biedt om kwaliteitsmetingen en context te beschrijven. SHACL ondersteunt controle van een datagraaf tegen vastgelegde shapes. Deze functies vullen elkaar aan, maar een geslaagde shapevalidatie toont niet dat een adres, identiteit of bevoegdheidsclaim feitelijk correct is. Dat laatste is een analytische gevolgtrekking uit de verschillende toetsobjecten.",Zie per-bron toegangslimiet in source-extracts.csv. Eigen synthese is niet extern gevalideerd.
RC20,Governance adresseert besluitrechten en verantwoordelijkheid.,meerdere bronnen,L07;L20;L27,EX-L07;EX-L20;EX-L27,Broninterpretatie; geen eigen empirische toets,,"Governance betreft in de review van Abraham et al. de uitoefening van gezag en controle over gegevensbeheer. De auteurs onderscheiden meerdere dimensies en mechanismen; hun conceptueel overzicht geeft geen enkel verplicht organisatiemodel. Voor MDM impliceert dit dat kwaliteit, toegang en betekenis ook besluitrechten en verantwoordelijkheden vereisen. De organisatorische taak kan niet worden afgeleid uit de opslaglocatie alleen. De recente review van Guerreiro et al. stelt het verband tussen MDM-frameworks en governancevolwassenheid centraal. De auteurs plaatsen empirische validatie van hun conceptuele kader echter expliciet in vervolgonderzoek. Hun synthese wordt hier daarom gebruikt als verwant overzichtswerk, zonder er een causaal aangetoond effect van MDM op volwassenheid aan te ontlenen.",Zie per-bron toegangslimiet in source-extracts.csv. Eigen synthese is niet extern gevalideerd.
RC21,Roltermen vragen bron- en contextgebonden interpretatie.,eigen synthese,L07;L20;L23;S51,EX-L07;EX-L20;EX-L23;EX-S51,Broninterpretatie; geen eigen empirische toets,,"longtable{@{}P{.20linewidth}P{.38linewidth}P{.34linewidth}@{}} toprule Rolterm & Te analyseren verantwoordelijkheid & Bewijsgrens midrule Data owner & Beslissen over doelen, gebruik en verantwoord beheer. & Terminologie en mandaat verschillen per organisatie. Data steward & Operationele coördinatie van kwaliteit, betekenis en issues. & Geen automatisch juridisch eigendom. Custodian & Technische zorg voor opslag, bescherming en beschikbaarstelling. & Vergelijkingsrol; niet overal als aparte functie gedefinieerd. Domain owner & Afbakening en afstemming binnen een gegevensdomein. & In federatieve benaderingen aan domeinorganisatie gerelateerd. Product owner & Verantwoordelijkheid voor een beheerd aanbod aan afnemers. & Productverantwoordelijkheid verleent geen automatisch brongezag. bottomrule longtable Deze rolvergelijking ordent verantwoordelijkheidsvragen uit MDM-, governance- en dataproductliteratuur; zij is geen gezamenlijke definitie van alle bronnen. Vooral custodian en domain owner vragen verdere bronvergelijking voordat een uniforme rol-taxonomie kan worden gesteld.",Zie per-bron toegangslimiet in source-extracts.csv. Eigen synthese is niet extern gevalideerd.
RC22,Standaardbeheer is geen volledige data governance.,meerdere bronnen,L07;S23,EX-L07;EX-S23,Broninterpretatie; geen eigen empirische toets,,"Governancevormen kunnen gecentraliseerde besluitvorming, gedelegeerde domeinverantwoordelijkheid en gezamenlijke regels combineren. BOMOS behandelt beheer van standaarden; het is daarmee relevant voor de afspraken waarop MDM steunt, maar geen volledige vervanging van organisatiebrede data governance. Het beheer van een standaard en het beheer van een gegevensverzameling hebben verschillende objecten en bevoegdheden.",Zie per-bron toegangslimiet in source-extracts.csv. Eigen synthese is niet extern gevalideerd.
RC23,Metadataregistratie onderscheidt conceptuele en representatieconstructies.,normatief,S07;S08;S09;S10,EX-S07;EX-S08;EX-S09;EX-S10,Broninterpretatie; geen eigen empirische toets,,"section{Metadata en Data Elements} Metadata verbinden een gegevensrepresentatie met informatie over betekenis, vorm of beheer. ISO/IEC 11179 adresseert metadataregistratie en maakt onderscheid tussen conceptuele en representatiegerichte constructies. Binnen het dossier is vooral het onderscheid tussen data-elementconcept en waardedomein relevant. De beschikbare officiële scope-informatie ondersteunt deze positionering, maar geen volledige beoordeling van alle modelclausules. De catalogus vermeldt bij ISO/IEC 11179-3:2023 tevens Amendment 1:2026 over item mappings; de inhoud daarvan is niet geanalyseerd.",Zie per-bron toegangslimiet in source-extracts.csv. Eigen synthese is niet extern gevalideerd.
RC24,Een technisch schema bepaalt niet zelfstandig de volledige betekenis.,eigen synthese,S08;S11;S14,EX-S08;EX-S11;EX-S14,Broninterpretatie; geen eigen empirische toets,,"Een technisch veld met een naam en datatype bepaalt niet zelfstandig welke eigenschap van welk object wordt weergegeven. Een beschrijving kan daarnaast een definitie, context, eenheid, toegestane waarden en bronverwijzing nodig hebben. Welke daarvan noodzakelijk zijn, hangt af van de concrete interpretatietaak. Dit is een synthese van terminologie- en metadatawerk; geen eis dat iedere waarde alle context steeds in dezelfde payload moet meedragen.",Zie per-bron toegangslimiet in source-extracts.csv. Eigen synthese is niet extern gevalideerd.
RC25,Metadataregistries en catalogi hebben verschillende en overlappende scopes.,eigen synthese,S08;S09;S47,EX-S08;EX-S09;EX-S47,Broninterpretatie; geen eigen empirische toets,,"Metadataregistries en datacatalogi hebben aanpalende, maar verschillende analyse-eenheden. Een metadataregistry kan dataspecificaties registreren; DCAT beschrijft onder meer datasets, distributies en dataservices. Een catalogusbeschrijving van een dataset is dus niet vanzelf een volledige beschrijving van ieder data-element. Omgekeerd geeft een verzameling elementdefinities nog geen compleet overzicht van het beschikbare aanbod. De grens is niet exclusief: ISO/IEC 11179-33 adresseert zelf datasetregistratie, inclusief kwaliteits- en herkomstmetadata. Er is dus daadwerkelijke overlap op datasetniveau; een tegenstelling tussen de gehele ISO/IEC 11179-serie en catalogisering zou te sterk zijn.",Zie per-bron toegangslimiet in source-extracts.csv. Eigen synthese is niet extern gevalideerd.
RC26,"Term, definitie en begrip zijn te onderscheiden; begrip/concept zijn bronafhankelijk.",normatief,S11;S13;S31,EX-S11;EX-S13;EX-S31,Broninterpretatie; geen eigen empirische toets,,"Semantiek en Begrippen Een term is een aanduiding; een definitie beschrijft de afbakening van het bedoelde begrip. ``Begrip'' en ``concept'' kunnen vertaalvarianten zijn, maar bronnen kunnen ze ook op verschillende manieren in hun model gebruiken. De analyse behandelt ze daarom als afzonderlijke labels waarvan de relatie per bron wordt vastgesteld. Zij poneert niet vooraf dat begrip en concept twee universeel verschillende ontologische categorieën vormen.",Zie per-bron toegangslimiet in source-extracts.csv. Eigen synthese is niet extern gevalideerd.
RC27,"SKOS, NL-SBB en MIM hebben complementaire en overlappende functies.",normatief,S13;S14;S31,EX-S13;EX-S14;EX-S31,Broninterpretatie; geen eigen empirische toets,,"SKOS biedt een model voor begrippenstelsels, labels en relaties. NL-SBB specificeert beschrijvingen van begrippen en werkt de relatie met informatiemodellen en begrippenbeheer uit. MIM behandelt verschillende beschouwingsniveaus en modelconstructies. Het zijn daarmee deels complementaire instrumenten, met expliciet beschreven raakvlakken. NL-SBB is niet eenvoudigweg overbodig omdat SKOS bestaat, en MIM is niet hetzelfde soort artefact als een afzonderlijk begrippenstelsel.",Zie per-bron toegangslimiet in source-extracts.csv. Eigen synthese is niet extern gevalideerd.
RC28,Bedrijfssemantiek komt aantoonbaar voor in vroegere MDM-literatuur.,meerdere bronnen,B01;L20,EX-B01;EX-L20,Broninterpretatie; geen eigen empirische toets,L20;L18,"Een belangrijk tegenargument tegen een te scherpe oud/nieuw-tegenstelling komt uit het MDM-corpus zelf. Loshin bespreekt al uiteenlopende definities van gedeelde bedrijfsconcepten. Otto en Ofner noemen business semantics management en contextafhankelijke masterdata. Expliciete bedrijfsbetekenis is dus aantoonbaar onderdeel van sommige eerdere MDM-benaderingen. De resterende vraag is welke mate van formalisering en uitvoerbare koppeling wordt bereikt, niet of betekenis ooit onderwerp van MDM was.",Zie per-bron toegangslimiet in source-extracts.csv. Eigen synthese is niet extern gevalideerd.
RC29,Gelijke labels garanderen geen gelijke begripsafbakening.,eigen synthese,B01;S31,EX-B01;EX-S31,Broninterpretatie; geen eigen empirische toets,,"Semantic false agreement Als twee systemen hetzelfde label gebruiken, kan hun schijnbare overeenstemming een verschillende afbakening verhullen. Omgekeerd kunnen verschillende labels hetzelfde bedoelen. Hier wordt semantic false agreement gebruikt als analytische aanduiding van zulke onterecht aangenomen overeenstemming, niet als nieuw empirisch vastgesteld fenomeen of uniforme term van alle bronnen. De probleembeschrijving bij Loshin en de afzonderlijke label- en conceptconstructies in SKOS geven aanknopingspunten.",Zie per-bron toegangslimiet in source-extracts.csv. Eigen synthese is niet extern gevalideerd.
RC30,EIF-niveaus verschillen van de eigen uitsplitsing van syntaxis en structuur.,normatief,S43,EX-S43,Broninterpretatie; geen eigen empirische toets,,"Het onderscheid tussen syntactische, structurele en semantische interoperabiliteit helpt dit te analyseren. Syntactische overeenstemming betreft de leesbare representatie; structurele overeenstemming de ordening en modelrelaties; semantische overeenstemming de interpretatie. Organisatorische afstemming en juridische toepasselijkheid voegen andere voorwaarden toe. EIF onderscheidt juridische, organisatorische, semantische en technische interoperabiliteit; de uitsplitsing van syntaxis en structuur is hier een nadere analytische ordening binnen de technische en semantische bespreking, niet een letterlijke vijfdelige EIF-classificatie.",Zie per-bron toegangslimiet in source-extracts.csv. Eigen synthese is niet extern gevalideerd.
RC31,Conceptuele modellen veronderstellen ontologische categorieën en identiteit.,één bron,L08,EX-L08,Broninterpretatie; geen eigen empirische toets,,"Ontologie en Conceptual Modelling Een ontologische analyse onderzoekt welke categorieën en identiteitscriteria een model veronderstelt. In Guizzardi's werk worden dergelijke grondslagen gebruikt om structurele conceptuele modellen te beoordelen. Een objecttype dat bijvoorbeeld een rol representeert, kan andere identiteitsvoorwaarden hebben dan een type dat een zelfstandig object bedoelt. Het model maakt dus aannames over de referenten; deze aannames verdwijnen niet doordat het diagram technisch correct is.",Zie per-bron toegangslimiet in source-extracts.csv. Eigen synthese is niet extern gevalideerd.
RC32,Ontologische modelleerbenaderingen zijn geen universele MDM-vereiste.,eigen synthese,L10;S40;S41,EX-L10;EX-S40;EX-S41,Broninterpretatie; geen eigen empirische toets,,"UFO en OntoUML zijn relevant als ontologische grondslag respectievelijk modelleer-benadering. OntoClean biedt een aanvullende manier om taxonomische beslissingen te beoordelen. Het zijn geen automatisch noodzakelijke voorzieningen voor ieder MDM-programma. OntoUML is bovendien geen Nederlandse overheidsstandaard. De afweging betreft de concrete modelleervraag, beschikbare expertise en gevolgen van foutieve categorie- of identiteitskeuzen.",Zie per-bron toegangslimiet in source-extracts.csv. Eigen synthese is niet extern gevalideerd.
RC33,"SKOS-concept, ontologische klasse, objecttype en data-element zijn geen automatische equivalenten.",normatief,S08;S13;S31,EX-S08;EX-S13;EX-S31,Broninterpretatie; geen eigen empirische toets,,"Een ontologische klasse, MIM-objecttype, modelattribuut en data-element worden niet zonder mapping gelijkgesteld. Tegelijk verbiedt SKOS niet algemeen dat dezelfde resource ook als OWL-klasse wordt gebruikt. Een verantwoord onderscheid betreft hier de representatierol en interpretatieregels, niet een universele verplichting tot disjuncte resourceverzamelingen.",Zie per-bron toegangslimiet in source-extracts.csv. Eigen synthese is niet extern gevalideerd.
RC34,Semantic Web-specificaties vervullen verschillende representatie- en queryfuncties.,normatief,S28;S29;S30;S35;S36,EX-S28;EX-S29;EX-S30;EX-S35;EX-S36,Broninterpretatie; geen eigen empirische toets,,"Knowledge graphs en Semantic Web RDF biedt een graafgebaseerde representatie; RDFS en OWL voegen verschillende semantische beschrijvingsmogelijkheden toe. JSON-LD biedt een JSON-gebaseerde representatie van linked data, terwijl SPARQL querymogelijkheden voor RDF adresseert. Deze bouwstenen kunnen samen worden gebruikt zonder dat zij één verplicht opslagproduct of één centrale database voorschrijven.",Zie per-bron toegangslimiet in source-extracts.csv. Eigen synthese is niet extern gevalideerd.
RC35,SMDM is een bestaand antecedent van semantische MDM-integratie.,één bron,L18,EX-L18,Broninterpretatie; geen eigen empirische toets,,"SMDM is een concreet antecedent: Wang et al. beschrijven virtuele RDF-toegang tot relationele masterdata, ontologieën, mappings en redeneerondersteuning. Dat ondersteunt de mogelijkheid van semantische uitbreiding van MDM en weerspreekt de nieuwheid van die combinatie als zodanig. De demonstratie onderbouwt geen algemene kosten-batenuitspraak voor alle organisaties of hedendaagse AI-toepassingen.",Zie per-bron toegangslimiet in source-extracts.csv. Eigen synthese is niet extern gevalideerd.
RC36,Een formeel valide graaf garandeert geen juiste mapping of broninhoud.,eigen synthese,L13;S32,EX-L13;EX-S32,Broninterpretatie; geen eigen empirische toets,,"De kennisgraafliteratuur bespreekt uiteenlopende vormen van schema, identiteit, context en gevolgtrekking. Een knowledge graph is daarom geen garantie dat begrippen onderling zijn geharmoniseerd of gezagsclaims zijn gecontroleerd. Een foutieve mapping kan ook in een formeel valide graaf bestaan. Deze beperking volgt uit het onderscheid tussen representatie en de juistheid van de gemodelleerde inhoud.",Zie per-bron toegangslimiet in source-extracts.csv. Eigen synthese is niet extern gevalideerd.
RC37,PROV-O biedt constructies voor provenance; lineage is hier een werkafbakening.,normatief,S33,EX-S33,Broninterpretatie; geen eigen empirische toets,,"Provenance, Lineage en Temporaliteit PROV-O onderscheidt entiteiten, activiteiten en agents en biedt relaties voor onder meer gebruik, generatie en afleiding. Daarmee kan herkomst in samenhang worden beschreven. Lineage wordt in deze paper gebruikt voor de gevolgde gegevens- en transformatieketen; provenance omvat daarnaast de context waarin zulke relaties worden verantwoord. Dit is een praktische werkafbakening, geen claim dat alle auteurs dezelfde terminologische grens hanteren.",Zie per-bron toegangslimiet in source-extracts.csv. Eigen synthese is niet extern gevalideerd.
RC38,Herkomst is geen zelfstandige waarheids- of bevoegdheidswaarborg.,eigen synthese,S25;S33,EX-S25;EX-S33,Broninterpretatie; geen eigen empirische toets,,Herkomst is niet hetzelfde als waarheid of bevoegdheid. Een bekende agent kan een onjuist gegeven produceren; een goed gedocumenteerde bewerking kan een inferentie opleveren die niet als authentiek brongegeven mag worden behandeld. Deze onderscheidingen zijn een conceptuele synthese van provenance en stelselverantwoordelijkheden. De aanwezigheid van een PROV-relatie bewijst niet zelfstandig de juridische grond van een uitspraak.,Zie per-bron toegangslimiet in source-extracts.csv. Eigen synthese is niet extern gevalideerd.
RC39,Valid time en transaction time zijn verschillende tijdsbetekenissen.,één bron,L14,EX-L14,Broninterpretatie; geen eigen empirische toets,,Valid time betreft wanneer een feit geldt in de gemodelleerde werkelijkheid; transaction time wanneer het als actuele databasekennis is opgeslagen. De temporele databaseglossary maakt dit onderscheid expliciet. Een registratiecontext moet daarnaast aangeven op welk systeem een registratiemoment betrekking heeft. Het moment waarop een afnemer een record ontvangt is niet automatisch het transactiemoment van de bron.,Zie per-bron toegangslimiet in source-extracts.csv. Eigen synthese is niet extern gevalideerd.
RC40,Tijdnotatie en tijdontologie bepalen geen volledig historiebeleid.,eigen synthese,P01;S37;S52,EX-P01;EX-S37;EX-S52,Broninterpretatie; geen eigen empirische toets,,"OWL-Time adresseert temporele representatie, ISO 8601 datum- en tijdnotatie. Geen van beide kiest op zichzelf het beleid voor retroactieve correcties, versie-identiteit of bewaring. Die grens is relevant bij de interpretatie van historische masterdata: gelijke datumvelden betekenen nog geen gelijke tijdssemantiek. De IBM-bron behandelt geldigheidsintervallen en technische wijzigingshistorie bovendien al als verschillende aspecten van een MDM-model.",Zie per-bron toegangslimiet in source-extracts.csv. Eigen synthese is niet extern gevalideerd.
RC41,"Documentsoort, normatieve status en empirisch bewijs zijn verschillende assen.",eigen synthese,L11;S13;S30;S42,EX-L11;EX-S13;EX-S30;EX-S42,Broninterpretatie; geen eigen empirische toets,,"Het standaardenlandschap Documentsoorten en normatieve reikwijdte Het corpus bevat normen, technische specificaties, vocabularia, ontologieën, metamodellen, beheerhandreikingen, principes en wetgeving. Deze classificaties vormen verschillende assen. Een ontologie kan als W3C Recommendation zijn gepubliceerd; een metamodel kan een Nederlandse standaard zijn. FAIR is geen ISO-norm en de Interoperable Europe Act is geen vocabulaire. Zulke verschillen bepalen welke conclusies de bron kan ondersteunen.",Zie per-bron toegangslimiet in source-extracts.csv. Eigen synthese is niet extern gevalideerd.
RC42,"Cross-standard relaties vormen een synthese, geen verplichte componentenlijst.",eigen synthese,S01;S02;S03;S07;S08;S09;S10;S11;S12;S13;S14;S15;S16;S17;S18;S19;S20;S21;S22;S23;S24;S25;S26;S27;S28;S29;S30;S31;S32;S33;S34;S35;S36;S37;S38;S39;S40;S41;S42;S43;S44;S45;S47;S49;S51;S52,EX-S01;EX-S02;EX-S03;EX-S07;EX-S08;EX-S09;EX-S10;EX-S11;EX-S12;EX-S13;EX-S14;EX-S15;EX-S16;EX-S17;EX-S18;EX-S19;EX-S20;EX-S21;EX-S22;EX-S23;EX-S24;EX-S25;EX-S26;EX-S27;EX-S28;EX-S29;EX-S30;EX-S31;EX-S32;EX-S33;EX-S34;EX-S35;EX-S36;EX-S37;EX-S38;EX-S39;EX-S40;EX-S41;EX-S42;EX-S43;EX-S44;EX-S45;EX-S47;EX-S49;EX-S51;EX-S52,Broninterpretatie; geen eigen empirische toets,,"longtable{@{}P{.19linewidth}P{.35linewidth}P{.38linewidth}@{}} Cross-standard analyse: complementaire taken en de grenzen van de verbinding.tab:landscape toprule Niveau / vraag & Relevante instrumenten & Aansluiting en grens midruleendfirsthead toprule Niveau / vraag & Relevante instrumenten & Aansluiting en grens midruleendhead Terminologie & ISO 704, NL-SBB, SKOS & Begripsbeschrijving en begrippenrelaties; nog geen volledig logisch recordschema. Ontologische analyse & UFO, OntoUML, OntoClean; OWL voor formalisering & Categorieën en axioma's; geen algemeen bewijs van noodzaak of optimale modellering. Informatie-modellen & MIM, NEN 3610, SEMIC Core Vocabularies & Modelconstructies en domeinhergebruik; mapping naar eigen begripscontext blijft nodig. Metadata-registratie & ISO/IEC 11179 & Betekenis en representatie van dataspecificaties; niet hetzelfde als een datasetcatalogus. Masterdata-kwaliteit & ISO 8000, ISO/IEC 25012 & Uitwisseling en kwaliteitsdimensies; volledige toepasselijke normtekst nodig voor clausuleanalyse. Regels en metingen & SHACL, DQV & Graafvalidatie en kwaliteitsbeschrijving; geen garantie van feitelijke juistheid. Herkomst en tijd & PROV-O, OWL-Time, ISO 8601 & Herkomststructuur, tijdsrelaties en notatie; gezag en historiebeleid niet automatisch bepaald. Aanbod en producten & DCAT, DCAT-AP, DCAT-AP-NL, DPROD & Catalogusresources en productbeschrijving; geen uniforme definitie van ieder data-element. Distributie & OpenAPI, REST API Design Rules, Digikoppeling, FSC & Interfaces en uitwisseling; betekenisafstemming vraagt aanvullende afspraken. Wijzigingen & NL GOV CloudEvents & Eventbeschrijving en notificatie; geen volledige definitie van de domeinverandering. Beheer en context & BOMOS, MDTO, EIF, overheidskaders & Standaardbeheer, duurzame toegankelijkheid en interoperabiliteit; verschillende beheerobjecten. bottomrule longtable De tabel is eigen synthese van de afzonderlijke bronposities; de appendix identificeert documentversies en beperkingen. Het is geen lijst van gezamenlijk verplichte componenten.",Zie per-bron toegangslimiet in source-extracts.csv. Eigen synthese is niet extern gevalideerd.
RC43,"Profielrelaties, complementaire metadata en onderzoekersmappings verschillen.",normatief,S16;S31;S33;S34;S45;S47,EX-S16;EX-S31;EX-S33;EX-S34;EX-S45;EX-S47,Broninterpretatie; geen eigen empirische toets,,"Overlap, mappings en hiaten Drie relaties moeten uit elkaar worden gehouden. Ten eerste kan een profiel een bestaande standaard nader invullen, zoals DCAT-AP en DCAT-AP-NL rond DCAT. Ten tweede kunnen documenten verschillende aspecten van dezelfde resource beschrijven, zoals DQV en PROV-O voor kwaliteitsmetadata en hun herkomst. Ten derde kan een verbinding een onderzoekersmapping zijn, bijvoorbeeld tussen een lokaal begrip en een ontologische klasse. Alleen de eerste twee zijn door de genoemde standaarden rechtstreeks gepositioneerd; de derde vergt afzonderlijke rechtvaardiging.",Zie per-bron toegangslimiet in source-extracts.csv. Eigen synthese is niet extern gevalideerd.
RC44,Overlap bewijst geen redundantie; scopebeperking bewijst geen wetenschappelijke lacune.,eigen synthese,S14;S19;S31,EX-S14;EX-S19;EX-S31,Broninterpretatie; geen eigen empirische toets,,Het ontbreken van een onderwerp in één standaard is niet vanzelf een hiaat. OpenAPI hoeft niet alle institutionele identiteitscriteria te formaliseren om een bruikbare interfacespecificatie te zijn. Een inhoudelijke lacune ontstaat pas ten opzichte van een gemotiveerde behoefte én de gezamenlijk onderzochte dekking. Evenzo bewijst overlap geen redundantie: NL-SBB beschrijft ook gebruiks- en beheerafspraken die niet uit de loutere aanwezigheid van SKOS volgen.,Zie per-bron toegangslimiet in source-extracts.csv. Eigen synthese is niet extern gevalideerd.
RC45,Basisregistratieafspraken verbinden kerngegevens met institutionele verantwoordelijkheid.,normatief,S25;S26,EX-S25;EX-S26,Broninterpretatie; geen eigen empirische toets,,"section{Nederlandse overheidscontext} Stelsel van Basisregistraties De historische eisen voor basisregistraties verbinden registratie met wettelijke verankering, verantwoordelijkheden, kwaliteit en terugmelding. De kwaliteitsbaseline werkt stelselbrede kwaliteitszorg verder uit. Deze bronnen zijn relevant voor MDM omdat zij laten zien dat gedeeld gebruik van kerngegevens niet losstaat van institutionele afspraken. De kwalificatie ``masterdata'' verleent op zichzelf echter geen authenticiteit of bevoegdheid.",Zie per-bron toegangslimiet in source-extracts.csv. Eigen synthese is niet extern gevalideerd.
RC46,BAG biedt begripsdocumentatie; geen operationele stelselketen is hier onderzocht.,normatief,S49,EX-S49,Broninterpretatie; geen eigen empirische toets,,"De BAG-catalogus biedt een concrete documentatiecontext met onder meer nummeraanduiding, verblijfsobject en pand. Een overeenkomstig label in een andere registratie bewijst geen identiteit. Voor een toekomstige vergelijking zijn brondefinities, modelrelaties en tijdsbetekenis nodig. Hier dient BAG uitsluitend om duidelijk te maken welke soorten documenten en begrippen bij een overheidsgerichte MDM-analyse moeten worden onderscheiden. Er worden geen niet-gecontroleerde BRP-, BRK- of WOZ-relaties ingevuld.",Zie per-bron toegangslimiet in source-extracts.csv. Eigen synthese is niet extern gevalideerd.
RC47,Nederlandse standaarden opereren op verschillende abstractieniveaus.,normatief,S13;S14;S15;S16;S17,EX-S13;EX-S14;EX-S15;EX-S16;EX-S17,Broninterpretatie; geen eigen empirische toets,,"Nederlandse modellen, begrippen en metadata MIM ordent conceptuele en logische informatiemodellering; NL-SBB ordent begripsbeschrijvingen; TOOI biedt een kennismodel voor overheidsinformatie. NEN 3610 vormt een afzonderlijke normatieve context voor geo-informatie. DCAT-AP-NL adresseert catalogusmetadata. Dit zijn verschillende abstractieniveaus en toepassingsgebieden, zodat een gezamenlijk gebruik niet mag worden teruggebracht tot een keuze voor één universele modeltaal.",Zie per-bron toegangslimiet in source-extracts.csv. Eigen synthese is niet extern gevalideerd.
RC48,Nederlandse lijststatus en technische versie moeten afzonderlijk worden vastgesteld.,normatief,F01;F02;F03,EX-F01;EX-F02;EX-F03,Broninterpretatie; geen eigen empirische toets,,"Versie, lijststatus en toepasselijkheid Bij de officiële lijstcontrole op 9 september 2026 is MIM 1.2 aanbevolen. De verplichte lijst vermeldt NL-SBB 1.0, OpenAPI Specification 3.0, REST API Design Rules 2.2 en NL GOV CloudEvents 1.1. DCAT-AP-NL 3.0 staat bij de standaarden in behandeling. Ook TOOI en MDTO staan op de geraadpleegde lijst in behandeling. Dit zijn waarnemingen van de officiële registraties op de peildatum, geen zelfstandig oordeel over iedere organisatie of gegevensuitwisseling.",Zie per-bron toegangslimiet in source-extracts.csv. Eigen synthese is niet extern gevalideerd.
RC49,De FDS-dekking is te beperkt voor reconstructie van operationele afspraken.,eigen synthese,S27,EX-S27,Broninterpretatie; geen eigen empirische toets,,Federatief Datastelsel en Europese kaders Het geraadpleegde FDS-afwegingskader vormt een ingang naar voorwaarden voor toelating van aanbod. De beschikbare hoofdpagina is echter onvoldoende om alle operationele afspraken van FDS inhoudelijk te reconstrueren. De studie positioneert FDS daarom als relevante Nederlandse onderzoekscontext en laat gedetailleerde vergelijking met federatieve MDM-patronen open.,Zie per-bron toegangslimiet in source-extracts.csv. Eigen synthese is niet extern gevalideerd.
RC50,"EIF, Europese wetgeving en SEMIC hebben verschillende functies.",normatief,S42;S43;S44,EX-S42;EX-S43;EX-S44,Broninterpretatie; geen eigen empirische toets,,"EIF ordent interoperabiliteit over meerdere niveaus. De Interoperable Europe Act vormt een juridisch kader voor interoperabiliteit in de Europese publieke sector. SEMIC Core Vocabularies bieden herbruikbare kernmodellen, bijvoorbeeld voor personen, organisaties en locaties. Hun rol verschilt: een juridisch of bestuurlijk kader is geen datamodel, en een kernvocabulaire beslist niet automatisch over de volledige betekenis van een nationale registratierelatie.",Zie per-bron toegangslimiet in source-extracts.csv. Eigen synthese is niet extern gevalideerd.
RC51,FAIR ondersteunt hergebruik en machinegericht gebruik zonder algemene openbaarheidseis.,één bron,L11,EX-L11,Broninterpretatie; geen eigen empirische toets,,"FAIR benadrukt vindbaarheid, toegankelijkheid, interoperabiliteit en herbruikbaarheid, inclusief aandacht voor machinegericht gebruik. De principes ondersteunen daarmee het belang van metadata en expliciete verwijzingen. Zij verplichten niet alle gegevens openbaar te maken en bewijzen geen bepaalde MDM-architectuur.",Zie per-bron toegangslimiet in source-extracts.csv. Eigen synthese is niet extern gevalideerd.
RC52,Masterdata en dataproducten beschrijven verschillende aspecten van gegevensaanbod.,eigen synthese,L12,EX-L12,Broninterpretatie; geen eigen empirische toets,,"Masterdata en Data Products Dataproductdenken legt nadruk op een terugkerende informatiebehoefte, beheer en consumptie. Een dataproduct kan masterdata aanbieden, maar ook gegevens uit andere categorieën. De relatie is daarom geen eenvoudige vervanging van de ene term door de andere. Productdenken betreft het georganiseerde aanbod; masterdata betreft een gegevens- en beheervraagstuk dat daarbinnen kan liggen.",Zie per-bron toegangslimiet in source-extracts.csv. Eigen synthese is niet extern gevalideerd.
RC53,Masterdata als product is een expliciet eerder gepubliceerd idee.,één bron,L20,EX-L20,Broninterpretatie; geen eigen empirische toets,L20;L18,De gedachte dat masterdata als product kunnen worden behandeld is ouder dan de recente Data Mesh-discussie. Otto en Ofner noemen dit expliciet en verbinden er productbeschrijvingen en zicht op bronnen en afnemers aan. Een nieuw label is dus onvoldoende om een nieuwe capability of wetenschappelijke bijdrage te claimen. Wel blijft onderzoek nodig naar de praktische invulling en verschillen tussen oudere en recente productbenaderingen.,Zie per-bron toegangslimiet in source-extracts.csv. Eigen synthese is niet extern gevalideerd.
RC54,Productmetadata overlappen met catalogus- en registratiemetadata.,eigen synthese,S08;S47;S51,EX-S08;EX-S47;EX-S51,Broninterpretatie; geen eigen empirische toets,,"DPROD biedt een kandidaatvocabulaire voor productmetadata, waaronder eigenaar, doel en relaties met datasets en diensten. De hier geraadpleegde versie is 1.0 Beta 1. De bron ondersteunt het bestaan van een productspecificatie, niet dat deze versie iedere MDM-behoefte afdekt of dat een specifiek product ermee conformeert. Samenhang met DCAT-profielen en metadataregistries vraagt een vergelijking van resources en verantwoordelijkheden.",Zie per-bron toegangslimiet in source-extracts.csv. Eigen synthese is niet extern gevalideerd.
RC55,Data Mesh-principes zijn beschreven in een grijze-literatuurreview.,één bron,L23,EX-L23,Broninterpretatie; geen eigen empirische toets,,"Masterdata en federatieve data-architecturen De grijze-literatuurreview van Goedegebuure et al. synthetiseert praktijkmateriaal over Data Mesh. De beschreven principes betreffen domeinverantwoordelijkheid, data als product, self-service en federatieve governance. De geraadpleegde auteursversie is geen door deze paper uitgevoerd praktijkonderzoek; de onderliggende professionele claims worden niet automatisch bewijs van gerealiseerde voordelen.",Zie per-bron toegangslimiet in source-extracts.csv. Eigen synthese is niet extern gevalideerd.
RC56,Federatie heeft technische en organisatorische dimensies.,eigen synthese,L20;L23;L24,EX-L20;EX-L23;EX-L24,Broninterpretatie; geen eigen empirische toets,,"Federatie betreft bovendien meerdere dimensies: verdeling van gegevens, verdeling van besluitrechten en de afspraken waarmee partijen samenwerken. Een centraal metadataoverzicht kan met decentraal gegevensbeheer samengaan. Daarom is een tegenstelling tussen ``centraal MDM'' en ``decentraal Data Mesh'' analytisch te grof. De patroonbeschrijvingen en recente architectuurvergelijkingen bevatten verschillende combinaties; de optimale keuze volgt daar niet algemeen uit.",Zie per-bron toegangslimiet in source-extracts.csv. Eigen synthese is niet extern gevalideerd.
RC57,API- en eventstandaarden bepalen niet vanzelf domeinbetekenis.,normatief,S18;S19;S20;S21;S22,EX-S18;EX-S19;EX-S20;EX-S21;EX-S22,Broninterpretatie; geen eigen empirische toets,,"API-first, events en data contracts OpenAPI beschrijft interfaces, de Nederlandse REST-regels stellen ontwerpafspraken en Digikoppeling/FSC adresseert onderdelen van gegevensuitwisseling en verbindingen. Het NL GOV-profiel voor CloudEvents beschrijft gebeurtenissen binnen een uitwisselingscontext. Deze instrumenten kunnen distributie en verandering ondersteunen, maar definiëren niet vanzelf de domeinbetekenis van een merge, correctie of intrekking.",Zie per-bron toegangslimiet in source-extracts.csv. Eigen synthese is niet extern gevalideerd.
RC58,Data contracts en API-first zijn hier begrensde onderzoeksoriëntaties.,eigen synthese,S19;S47;S51,EX-S19;EX-S47;EX-S51,Broninterpretatie; geen eigen empirische toets,,"``API-first'' en ``event-driven'' worden hier als ontwerporiëntaties onderzocht, niet als bewezen opvolgers van MDM. Hetzelfde geldt voor data contracts. De term kan een technisch schema, een kwaliteitsafspraak of een breder productcontract aanduiden. DPROD, catalogusprofielen en interfacespecificaties bieden aangrenzende constructies, maar het huidige corpus rechtvaardigt geen universele definitie of rangorde van data-contractbenaderingen. Dat is een beperking van deze synthese.",Zie per-bron toegangslimiet in source-extracts.csv. Eigen synthese is niet extern gevalideerd.
RC59,AI kan hulpmiddel en consument van masterdata zijn; xLP is een beperkt voorbeeld.,meerdere bronnen,L29;L31,EX-L29;EX-L31,Broninterpretatie; geen eigen empirische toets,,"Masterdata en AI AI kan zowel hulpmiddel bij gegevensbeheer als afnemer van gegevens zijn. Entity-resolutiononderzoek behandelt algoritmische matching en de xLP-publicatie illustreert uitlegbaarheid rond voorspelde relaties in een MDM-context. Het bestaan van deze toepassingen zegt niets over een universele vervanging van governance of over de betrouwbaarheid van ieder afgeleid verband. De geraadpleegde xLP-tekst is een in 2024 gedeponeerde auteursversie met andere jaaraanduidingen in het document; deze paper gebruikt haar als voorbeeld, niet om een chronologische prioriteitsclaim te maken.",Zie per-bron toegangslimiet in source-extracts.csv. Eigen synthese is niet extern gevalideerd.
RC60,RAG-resultaten bewijzen geen algemeen voordeel van semantische MDM.,meerdere bronnen,L13;L16;S33,EX-L13;EX-L16;EX-S33,Broninterpretatie; geen eigen empirische toets,,"Retrieval-Augmented Generation combineert in Lewis et al. generatie met opgehaalde informatie. De studie rapporteert resultaten voor haar eigen taken en modellen. Zij bewijst niet dat een MDM-product met ontologieën automatisch betere antwoorden produceert. Knowledge graphs en expliciete metadata kunnen informatie structureren en ontsluiten, maar onjuiste bronnen, verkeerde mappings of een verkeerde selectiecontext blijven mogelijke fouten.",Zie per-bron toegangslimiet in source-extracts.csv. Eigen synthese is niet extern gevalideerd.
RC61,Machineleesbare epistemische status is een open effect- en representatievraag.,eigen synthese,L16;S25;S33,EX-L16;EX-S25;EX-S33,Broninterpretatie; geen eigen empirische toets,,"Semantic grounding wordt hier opgevat als het verbinden van een interpretatie aan controleerbare concepten en bronnen. Dat is een analytische werkbetekenis, geen claim dat het corpus een algemeen geaccepteerde definitie levert. Het onderscheid tussen normatieve definitie, gezaghebbende registratie, overige registratie en afleiding kan bij AI-consumptie relevant zijn. Hoe die categorieën machineleesbaar worden weergegeven en of zij fouten verminderen, blijft een open onderzoeksvraag. Provenance is daarvoor een mogelijke bouwsteen, geen bewijs van effectiviteit.",Zie per-bron toegangslimiet in source-extracts.csv. Eigen synthese is niet extern gevalideerd.
RC62,"Gegevens, representaties, beheer en consumptie vormen een eigen synthesemodel.",eigen synthese,L07;L12;L19;L20;S08;S47,EX-L07;EX-L12;EX-L19;EX-L20;EX-S08;EX-S47,Broninterpretatie; geen eigen empirische toets,,"section{Synthese: een conceptueel overzicht van de literatuur} De hoofdbevinding is een onderscheid tussen gegevens, representaties, beheer en gebruik. Masterdata organiseren herbruikbare beschrijvingen van relevante entiteiten; identity management ondersteunt verwijzing; kwaliteit adresseert geschiktheid; governance regelt verantwoordelijkheden; metadata en semantiek ondersteunen interpretatie; product- en distributiemechanismen organiseren het aanbod. Deze relaties vormen een eigen synthese van de besproken bronnen en geen nieuwe implementatiearchitectuur.",Zie per-bron toegangslimiet in source-extracts.csv. Eigen synthese is niet extern gevalideerd.
RC63,"Gegevensrollen, correctheidsvormen en centralisatie-assen moeten worden onderscheiden.",eigen synthese,L12;L22;L24;S32;S47,EX-L12;EX-L22;EX-L24;EX-S32;EX-S47,Broninterpretatie; geen eigen empirische toets,,Drie gevolgtrekkingen zijn centraal. Ten eerste kunnen dezelfde gegevens verschillende rollen hebben: een masterdatarecord kan deel uitmaken van een dataset en via een dataproduct worden aangeboden. Ten tweede zijn verschillende vormen van correctheid te onderscheiden: een schema kan geldig zijn terwijl een referentkoppeling onjuist is. Ten derde moet centrale of federatieve inrichting over meerdere assen worden beoordeeld; plaatsing van data bepaalt niet automatisch gezag of betekenis. Deze gevolgtrekkingen ordenen het corpus zonder één technologie als noodzakelijk te verklaren.,Zie per-bron toegangslimiet in source-extracts.csv. Eigen synthese is niet extern gevalideerd.
RC64,Convergentie in geselecteerde bronnen is geen vastgestelde vakgebiedbrede consensus.,eigen synthese,L05;L07;L20;P01,EX-L05;EX-L07;EX-L20;EX-P01,Broninterpretatie; geen eigen empirische toets,,"Gedeelde accenten en controverses In meerdere geselecteerde bronnen keren organisatiebrede afstemming, gegevenskwaliteit en verantwoordelijkheid terug. Dat ondersteunt een voorzichtige convergentieclaim binnen dit corpus, geen statistisch vastgestelde consensus van het vakgebied. Op het niveau van definities, patronen en roltermen blijft variatie bestaan. Die variatie kan ontstaan door een ander toepassingsdomein, een ander beschouwingsniveau of een andere publicatiedoelstelling.",Zie per-bron toegangslimiet in source-extracts.csv. Eigen synthese is niet extern gevalideerd.
RC65,"Uniformiteit, autonomie, modelleerlast en bruikbaarheid vormen analytische spanningen.",eigen synthese,L13;L19;L20;L23,EX-L13;EX-L19;EX-L20;EX-L23,Broninterpretatie; geen eigen empirische toets,,Vier spanningen verdienen nadere analyse: uniforme voorkeurswaarden versus legitieme contextverschillen; centrale coördinatie versus domeinautonomie; expliciete semantiek versus modelleer- en onderhoudsinspanning; en kwaliteitscertificering versus feitelijke bruikbaarheid voor een specifieke afnemer. Dit zijn door de synthese geformuleerde spanningsvelden. De paper claimt niet dat de bronnen hierover een georganiseerd debat met twee vaste kampen vormen.,Zie per-bron toegangslimiet in source-extracts.csv. Eigen synthese is niet extern gevalideerd.
RC66,De onderzoeksagenda onderscheidt synthesevragen van corpus- en toegangslacunes.,eigen synthese,L05;L13;L14;L16;L18;L20;L21;L23;L24;L31;P01;S08;S13;S25;S33,EX-L05;EX-L13;EX-L14;EX-L16;EX-L18;EX-L20;EX-L21;EX-L23;EX-L24;EX-L31;EX-P01;EX-S08;EX-S13;EX-S25;EX-S33,Broninterpretatie; geen eigen empirische toets,,"longtable{@{}P{.08linewidth}P{.37linewidth}P{.47linewidth}@{}} toprule ID & Open vraag & Type en onderbouwing midruleendfirsthead toprule ID & Open vraag & Type en onderbouwing midruleendhead RG01 & Hoe zijn capability-taxonomieën vergelijkbaar zonder bronverschillen te verliezen? & Synthesevraag door uiteenlopende granulariteit in ; geen bewezen afwezigheid van alle mappings. RG02 & Wanneer levert expliciete semantische formalisering extra waarde boven goed begrips- en metadatabeheer? & Conditionele effectvraag; vroege semantische MDM en kennisgraafliteratuur selecteren geen universeel optimale diepte. RG03 & Hoe verhouden MDM-patronen en federatieve governance zich onder gelijke taak- en kostendefinities? & Vergelijkingsvraag; labels en abstractieniveaus verschillen. RG04 & Hoe worden identiteit, provenance en institutioneel gezag gezamenlijk geïnterpreteerd? & Integratievraag tussen verschillende constructies; nog geen aangetoond wereldwijd ontbreken van oplossingen. RG05 & Welke tijds- en mappinginformatie blijft behouden bij bron- en modelwijzigingen? & Contextgebonden integratievraag vanuit temporele begrippen en metadatamodellen. RG06 & Welke effecten heeft contextmetadata bij AI-consumptie van masterdata? & Empirische vervolgbehoefte; RAG- en xLP-resultaten zijn niet zonder meer overdraagbaar. RG07 & Wat schrijven volledige toepasselijke ISO/NEN-teksten precies voor? & Toegangslacune van deze review; geen inhoudelijke tekortkoming van de normen. RG08 & Hoe volledig zijn de dekking van FDS, semantic layers, data contracts en AI-agents? & Corpuslacune; gerichte uitbreiding en primaire passagecontrole nodig. bottomrule longtable Deze agenda draagt claim RC66: zij identificeert onderzoeksvragen en bewijsgrenzen, niet acht reeds bewezen nieuwe research gaps.",Zie per-bron toegangslimiet in source-extracts.csv. Eigen synthese is niet extern gevalideerd.
RC67,Herbenoeming en technische vernieuwing blijven alternatieve interpretaties.,eigen synthese,L13;L16;L18;L20,EX-L13;EX-L16;EX-L18;EX-L20,Broninterpretatie; geen eigen empirische toets,L20;L18,"Een alternatieve lezing is dat de besproken ontwikkelingen vooral bestaande disciplines hernoemen. De aanwezigheid van productdenken en business semantics in vroege MDM-literatuur ondersteunt dat tegenargument gedeeltelijk. Een andere lezing is dat nieuwe technologie de uitvoerbaarheid en schaal van bestaande ideeën verandert. De knowledge graph- en RAG-literatuur maakt technische variatie aannemelijk, maar de huidige review bepaalt niet hoeveel daarvan werkelijk additionele MDM-waarde oplevert. Beide verklaringen blijven dus mogelijk, afhankelijk van de afgebakende capability en context.",Zie per-bron toegangslimiet in source-extracts.csv. Eigen synthese is niet extern gevalideerd.
RC68,Integratieproblemen kunnen door ontbrekende toepassing in plaats van ontbrekende standaarden ontstaan.,eigen synthese,L07;S08;S14,EX-L07;EX-S08;EX-S14,Broninterpretatie; geen eigen empirische toets,,"Een derde verklaring voor integratieproblemen is onvoldoende governance of gebrekkige uitvoering van reeds beschikbare standaarden. Dan is een nieuw vocabulaire niet de primaire oplossing. Omgekeerd kunnen bestaande modellen onvoldoende expliciete verbindingen bieden voor een specifieke taak. De analyse moet daarom onderscheid maken tussen ontbrekende specificatie, ontbrekende toepassing, onjuiste mapping en onvoldoende empirisch bewijs. De huidige synthese biedt categorieën voor dat onderscheid, geen algemene diagnose van de Nederlandse overheid.",Zie per-bron toegangslimiet in source-extracts.csv. Eigen synthese is niet extern gevalideerd.
