concept_id,term,source_id,brondefinitie,bronlocatie,betekeniscontext,onderscheid_met,tegenstrijdigheden,analyse_status
K01,term,S11;S31,Aanduiding in een taal of begrippenstelsel,EX-S11;EX-S31,Parafrase/analytische werkafbakening; geen letterlijk normcitaat,begrip; definitie,Labelgelijkheid bewijst geen conceptgelijkheid,Voorlopige bronvergelijking; onafhankelijk te beoordelen
K02,begrip,S11;S14,Afgebakende betekeniseenheid in een context,EX-S11;EX-S14,Parafrase/analytische werkafbakening; geen letterlijk normcitaat,term; modelconstructie,Niet vooraf onderscheiden als andere universele categorie dan concept,Voorlopige bronvergelijking; onafhankelijk te beoordelen
K03,definitie,S11;S14,Beschrijving van begripsafbakening,EX-S11;EX-S14,Parafrase/analytische werkafbakening; geen letterlijk normcitaat,dataschema,Definitiecriteria en veldrestricties hebben verschillende functies,Voorlopige bronvergelijking; onafhankelijk te beoordelen
K04,concept,S13;S31,Bronafhankelijke modelterm; SKOS-concept in begrippenstelsel,EX-S13;EX-S31,Parafrase/analytische werkafbakening; geen letterlijk normcitaat,OWL-klasse; term,MIM- en SKOS-gebruik niet zonder analyse vereenzelvigen,Voorlopige bronvergelijking; onafhankelijk te beoordelen
K05,ontologische klasse,L08;S30,Categorie met formele of ontologische interpretatie,EX-L08;EX-S30,Parafrase/analytische werkafbakening; geen letterlijk normcitaat,MIM-objecttype; SKOS-concept,SKOS verbiedt algemeen hergebruik als OWL-klasse niet,Voorlopige bronvergelijking; onafhankelijk te beoordelen
K06,objecttype,S13,Constructie binnen een informatiemodel,EX-S13,Parafrase/analytische werkafbakening; geen letterlijk normcitaat,ontologische klasse; record,Ontologische commitment moet afzonderlijk worden onderzocht,Voorlopige bronvergelijking; onafhankelijk te beoordelen
K07,attribuut,S13;L20,Gemodelleerd kenmerk van een type of klasse,EX-S13;EX-L20,Parafrase/analytische werkafbakening; geen letterlijk normcitaat,data-element; concrete waarde,Constructies verschillen per modelniveau,Voorlopige bronvergelijking; onafhankelijk te beoordelen
K08,data-element,S08,Geregistreerde dataspecificatie met conceptuele en representatieaspecten,EX-S08,Parafrase/analytische werkafbakening; geen letterlijk normcitaat,attribuut; veldwaarde,Scopecontrole van norm; volledige clausuleanalyse ontbreekt,Voorlopige bronvergelijking; onafhankelijk te beoordelen
K09,identifier,S38;S39,Aanduiding binnen een identificatiecontext,EX-S38;EX-S39,Parafrase/analytische werkafbakening; geen letterlijk normcitaat,entiteit; identiteit,Gelijke tekens zonder context leveren geen referentbewijs,Voorlopige bronvergelijking; onafhankelijk te beoordelen
K10,entiteit,L20;L21,Bedoelde referent van een gegevensbeschrijving,EX-L20;EX-L21,Parafrase/analytische werkafbakening; geen letterlijk normcitaat,record,PROV-entity kan juist een informatieobject voorstellen,Voorlopige bronvergelijking; onafhankelijk te beoordelen
K11,record,L19;L22,Geregistreerde beschrijving die naar een referent kan verwijzen,EX-L19;EX-L22,Parafrase/analytische werkafbakening; geen letterlijk normcitaat,entiteit; dataset,Meerdere records kunnen één referent beschrijven,Voorlopige bronvergelijking; onafhankelijk te beoordelen
K12,master record,L19;P01,Aangewezen beheerrecord in een bron- of hubcontext,EX-L19;EX-P01,Parafrase/analytische werkafbakening; geen letterlijk normcitaat,golden record,Selectie- en bronstatus zijn organisatieafhankelijk,Voorlopige bronvergelijking; onafhankelijk te beoordelen
K13,golden record,L19;P01,Geïntegreerde keuze van gegevens volgens selectiebeleid,EX-L19;EX-P01,Parafrase/analytische werkafbakening; geen letterlijk normcitaat,waarheid; gezaghebbende registratie,Golden duidt geen zelfstandige juridische of epistemische status aan,Voorlopige bronvergelijking; onafhankelijk te beoordelen
K14,reference data,L19,Waardenstelsels voor toegestane of gedeelde classificaties,EX-L19,Parafrase/analytische werkafbakening; geen letterlijk normcitaat,masterdata-entiteiten,L19 gebruikt ook een ruimere proceduregerichte formulering,Voorlopige bronvergelijking; onafhankelijk te beoordelen
K15,metadata,S07;S08;S47,"Informatie over betekenis, representatie, beheer of aanbod",EX-S07;EX-S08;EX-S47,Parafrase/analytische werkafbakening; geen letterlijk normcitaat,uitsluitend technisch schema,Registries en catalogi hebben overlappende maar verschillende constructies,Voorlopige bronvergelijking; onafhankelijk te beoordelen
K16,dataset,S47;S09,Afgebakende gegevensverzameling in catalogus- of registratiecontext,EX-S47;EX-S09,Parafrase/analytische werkafbakening; geen letterlijk normcitaat,dataproduct; individuele entiteit,11179-33 omvat ook datasetregistratie,Voorlopige bronvergelijking; onafhankelijk te beoordelen
K17,data product,L12;L20;S51,Beheerd aanbod gericht op terugkerende informatiebehoefte,EX-L12;EX-L20;EX-S51,Parafrase/analytische werkafbakening; geen letterlijk normcitaat,dataset; masterdata,Productdenken bestond eerder dan recente Data Mesh-terminologie,Voorlopige bronvergelijking; onafhankelijk te beoordelen
K18,masterdata,B01;L20;L18,Herhaald gebruikte entiteitsgegevens met afgestemd beheer in een organisatiecontext,EX-B01;EX-L20;EX-L18,Parafrase/analytische werkafbakening; geen letterlijk normcitaat,transactionele data; dataset,Eigen werkdefinitie; bronaccenten blijven verschillend,Voorlopige bronvergelijking; onafhankelijk te beoordelen
K19,transactionele data,L20;P01,Gegevens over gebeurtenissen of handelingen,EX-L20;EX-P01,Parafrase/analytische werkafbakening; geen letterlijk normcitaat,transactional MDM,Het architectuurlabel betreft beheer van masterdatamutaties,Voorlopige bronvergelijking; onafhankelijk te beoordelen
K20,operationele/analytische data,L20,Gebruik in uitvoering respectievelijk analyse,EX-L20,Parafrase/analytische werkafbakening; geen letterlijk normcitaat,masterdata als beheerd domein,Geen wederzijds uitsluitende classificatie met masterdata,Voorlopige bronvergelijking; onafhankelijk te beoordelen
K21,provenance/lineage,S33,Herkomstcontext respectievelijk gevolgde transformatieketen,EX-S33,Parafrase/analytische werkafbakening; geen letterlijk normcitaat,waarheid; bevoegdheid,Eigen praktische werkafbakening; geen universele bronconsensus,Voorlopige bronvergelijking; onafhankelijk te beoordelen
K22,valid time/transaction time,L14,Geldigheid in werkelijkheid versus aanwezigheid als actuele databasekennis,EX-L14,Parafrase/analytische werkafbakening; geen letterlijk normcitaat,ontvangsttijd afnemer,Te betrekken op expliciet genoemd bron- of afnemerssysteem,Voorlopige bronvergelijking; onafhankelijk te beoordelen
