id,auteur,jaar,titel,publicatietype,onderzoeksvraag,methode,belangrijkste_bevinding,relevantie_paper,beperkingen,doi_of_stabiele_bron,bewijsniveau,bronlocatie,geraadpleegd_op,claim_id,corpus_status,inhoudelijke_extractie
L01,Alan R. Hevner; Salvatore T. March; Jinsoo Park; Sudha Ram,2004,Design Science in Information Systems Research,Peer-reviewed tijdschriftartikel; MIS Quarterly,Hoe DSR als IS-onderzoeksparadigma uitvoeren? (parafrase),Methodologisch raamwerk en richtlijnen; voorbeelden,Ontwerp en evaluatie van artefacten horen bij kennisontwikkeling,DSR-fundering,Geen empirisch bewijs voor dit artefact,https://aisel.aisnet.org/misq/vol28/iss1/6/,Uitgeversabstract en bibliografie,Abstract,2026-09-07,C-L01,legacy; opnieuw te screenen,Niet opnieuw uitgevoerd
L02,Ken Peffers; Tuure Tuunanen; Marcus A. Rothenberger; Samir Chatterjee,2007,A Design Science Research Methodology for Information Systems Research,Peer-reviewed tijdschriftartikel; JMIS,Welke werkbare methode verbindt DSR-uitvoering en presentatie? (parafrase),Methodesynthese; procesmodel; demonstratie in cases,"DSRM verbindt probleem, doelen, ontwerp, demonstratie, evaluatie en communicatie",Fasen en beslismomenten,Proces volgen garandeert geen geldige bijdrage,https://doi.org/10.2753/MIS0742-1222240302,Uitgeversabstract en auteurs-PDF,https://www.jmis-web.org/articles/765 ; https://scholar.cgu.edu/samir-chatterjee/wp-content/uploads/sites/6/2013/07/jmis-article.pdf,2026-09-07,C-L02,legacy; opnieuw te screenen,Niet opnieuw uitgevoerd
L03,John Venable; Jan Pries-Heje; Richard Baskerville,2016,FEDS: a Framework for Evaluation in Design Science Research,Peer-reviewed tijdschriftartikel; EJIS,"Hoe waarom, wanneer, wat en hoe evalueren bepalen? (parafrase)",Ontwikkeling en evaluatie evaluatieraamwerk,Formative/summative en artificial/naturalistic ondersteunen evaluatiekeuze,Afzonderlijke evaluatie-episodes,"Geen voorgeschreven steekproef of effectdrempel voor deze casus; online gepubliceerd 2014, issue 2016",https://doi.org/10.1057/ejis.2014.36,Uitgeversabstract en bibliografie,Abstract; publication dates ; review: uitgeversmetadata https://www.tandfonline.com/doi/pdf/10.1057/ejis.2014.36 ; volledige inhoud niet opnieuw gelezen,2026-09-07,C-L03,legacy; opnieuw te screenen,Niet opnieuw uitgevoerd
L04,Shirley Gregor; Alan R. Hevner,2013,Positioning and Presenting Design Science Research for Maximum Impact,Peer-reviewed methodologisch essay; MIS Quarterly,Hoe kennisbijdragen van DSR positioneren? (parafrase),Conceptueel raamwerk; analyse exemplarische publicaties,Artefactabstractie en kennisbijdrage moeten expliciet worden onderscheiden,Positioneer integratie als mogelijke exaptation/improvement,Novelty van deze paper blijft afzonderlijk te toetsen,https://ailab-ua.github.io/courses/MIS611D/gregor-2013-positioning-presenting-design-science-research.pdf,Universitaire kopie gepubliceerd artikel; relevante tekst,Abstract; contribution framework,2026-09-07,C-L04,legacy; opnieuw te screenen,Niet opnieuw uitgevoerd
L05,Boris Otto; Kai M. Hüner; Hubert Österle,2012,Toward a functional reference model for master data quality management,Peer-reviewed tijdschriftartikel; Information Systems and e-Business Management,Hoe een functioneel MDQM-referentiemodel ontwerpen? (parafrase),Iteratieve ontwerp/evaluatiecycli; participatieve case Beiersdorf,Functioneel referentiemodel voor masterdatakwaliteitsmanagement; inhoudelijke detaillering beperkt door abstracttoegang.,Direct antecedent: referentiemodel en DSR voor masterdata,"Bedrijfscontext; alleen abstract gelezen; online 2011, issue 2012",https://doi.org/10.1007/s10257-011-0178-0,abstract; geen volledige artikelanalyse,research/corpus/text/L05-db1aa40d98.txt:regel 552; Uitgeversabstract,2026-09-09,C-L05,aangehaald; gerichte passageanalyse,EX-L05
L06,Anders Haug; Jan Stentoft Arlbjørn,2011,Barriers to master data quality,Peer-reviewed tijdschriftartikel; Journal of Enterprise Information Management,Welke barrières belemmeren masterdatakwaliteit? (titelgebaseerde parafrase),Nog niet vastgesteld uit toegankelijke primaire tekst,Nog niet inhoudelijk vastgesteld; bibliografisch geverifieerd,Gerichte vervolgbron voor organisatorische barrières,Metadata-only; secundaire samenvatting niet als bevinding overgenomen,https://doi.org/10.1108/17410391111122862,Institutioneel bibliografisch record; uitgever niet toegankelijk,https://portal.findresearcher.sdu.dk/en/publications/barriers-to-master-data-quality/,2026-09-07,C-L06,legacy; opnieuw te screenen,Niet opnieuw uitgevoerd
L07,Rene Abraham; Johannes Schneider; Jan vom Brocke,2019,"Data governance: A conceptual framework, structured review, and research agenda",Peer-reviewed tijdschriftartikel; International Journal of Information Management,Wat zijn bouwstenen en onderzoeksvragen van data governance? (parafrase),Structured review van 145 wetenschappelijke en praktijkpublicaties,Review ordent data governance als gezag en controle over gegevensbeheer.,Ontwerp van bevoegdheden en verantwoordelijkheden,Gemengde evidence; geen effectmeting voor Nederlandse registraties,https://doi.org/10.1016/j.ijinfomgt.2019.07.008,abstract; geen volledige artikelanalyse,research/corpus/text/L07-3a4864a17e.txt:regel 7; Auteursinstellingsabstract,2026-09-09,C-L07,aangehaald; gerichte passageanalyse,EX-L07
L08,Giancarlo Guizzardi,2005,Ontological foundations for structural conceptual models,Proefschrift; Universiteit Twente,Hoe structurele conceptuele modellen ontologisch funderen? (parafrase),Ontologische analyse; evaluatie en uitbreiding UML-fragment,Ontologische analyse maakt aannames van conceptuele modellen expliciet.,Identiteit; soorten; rollen; conceptuele modellering,Geen directe effectmeting in Stelsel van Basisregistraties,https://research.utwente.nl/en/publications/ontological-foundations-for-structural-conceptual-models/,geselecteerde passage; geen integrale bronvalidatie,research/corpus/text/L08-994a4f9d9d.txt:regel 333; Theoretische hoofdstukken over identiteit en ontologische categorieën,2026-09-09,C-L08,aangehaald; gerichte passageanalyse,EX-L08
L09,Giancarlo Guizzardi; Gerd Wagner; João Paulo A. Almeida; Renata S. S. Guizzardi,2015,Towards ontological foundations for conceptual modeling: The unified foundational ontology (UFO) story,Peer-reviewed tijdschriftartikel; Applied Ontology,Welke ontwikkeling en grondslagen ondersteunen UFO? (parafrase),Conceptuele en retrospectieve uiteenzetting,Positioneert UFO als ontologische basis voor conceptual modelling,Onderbouwing ontologische analysekandidaat,Geen standaardenstatus of gegarandeerde ontwerpwinst afleiden,https://doi.org/10.3233/AO-150157,Institutioneel record en abstract,"https://bia.unibz.it/esploro/outputs/journalArticle/Towards-ontological-foundations-for-conceptual-modeling/991005925750201241 ; review: https://journals.sagepub.com/doi/10.3233/AO-150157 ; uitgeversrecord geverifieerd, volledige tekst niet opnieuw gelezen",2026-09-07,C-L09,legacy; opnieuw te screenen,Niet opnieuw uitgevoerd
L10,Nicola Guarino; Christopher Welty,2002,Evaluating ontological decisions with OntoClean,Tijdschriftartikel; Communications of the ACM,Hoe taxonomische beslissingen ontologisch beoordelen? (parafrase),Formele metaeigenschappen en analysevoorbeelden,OntoClean analyseert taxonomieën met onder meer identiteit en rigiditeit.,Alternatief of aanvulling op UFO/OntoUML,Geen geïntegreerd overheidsdataproduct; casusvoordeel onbekend,https://doi.org/10.1145/503124.503150,geselecteerde passage; geen integrale bronvalidatie,research/corpus/text/L10-af5b66b3f5.txt:regel 22; Taxonomische meta-eigenschappen,2026-09-09,C-L10,aangehaald; gerichte passageanalyse,EX-L10
L11,Mark D. Wilkinson et al. (volledige auteurslijst in bron),2016,The FAIR Guiding Principles for scientific data management and stewardship,Peer-reviewed artikel; Scientific Data,Welke principes ondersteunen hergebruik door mens en machine? (parafrase),Gemeenschapsvorming en principesynthese; voorbeelden,"Vindbaarheid, toegankelijkheid, interoperabiliteit en hergebruik zijn onderscheiden principes.",Identifiers; metadata; provenance; hergebruik,Principes geen productschema of experimenteel AI-prestatiebewijs,https://doi.org/10.1038/sdata.2016.18,geselecteerde passage; geen integrale bronvalidatie,research/corpus/text/L11-04815b51c3.txt:regel 21; FAIR-principes en machine-actionability,2026-09-09,C-L11,aangehaald; gerichte passageanalyse,EX-L11
L12,Ivo Blohm; Felix Wortmann; Christine Legner; Felix Köbler,2024,"Data products, data mesh, and data fabric: New paradigm(s) for data and analytics?",Tijdschriftbijdrage type Catchword; Business & Information Systems Engineering,Hoe deze begrippen afbakenen en positioneren? (parafrase),Conceptuele synthese en vergelijking,"Data products, mesh en fabric worden als gerelateerde maar verschillende benaderingen besproken.",Werkdefinitie data product; geen verplichte data-mesharchitectuur,Conceptuele bijdrage; geen causale validatie van SMDP,https://doi.org/10.1007/s12599-024-00876-5,geselecteerde passage; geen integrale bronvalidatie,"research/corpus/text/L12-296d8d70e7.txt:regel 8; Definities en vergelijking, tabel 1",2026-09-09,C-L12,aangehaald; gerichte passageanalyse,EX-L12
L13,Aidan Hogan et al. (volledige auteurslijst in bron),2021,Knowledge Graphs,Peer-reviewed survey; ACM Computing Surveys,"Welke modellen, technieken en toepassingen kenmerken knowledge graphs? (parafrase)",Breed literatuuroverzicht en technische vergelijking,Knowledge graphs omvatten meerdere representatie- en redeneermogelijkheden.,Alternatieven en technische afwegingen,Survey is geen bewijs van AI-voordeel in Nederlandse overheid,https://doi.org/10.1145/3447772,geselecteerde passage; geen integrale bronvalidatie,"research/corpus/text/L13-5abd6a1f6a.txt:regel 76; Overzicht, schema, identiteit en context",2026-09-09,C-L13,aangehaald; gerichte passageanalyse,EX-L13
L14,Christian S. Jensen et al. (volledige auteurslijst in bron),1994,A Consensus Glossary of Temporal Database Concepts,Wetenschappelijke glossary; ACM SIGMOD Record,Hoe temporele databasebegrippen consistent definiëren? (parafrase),Consensusvorming; definities en voorbeelden,Geldigheid in de werkelijkheid verschilt van aanwezigheid als databasekennis.,Bitemporele historie en reconstructie,Geen moderne event- of productmetadata-specificatie,https://www2.cs.arizona.edu/~rts/pubs/SIGMODRecordMarch94p52.pdf,geselecteerde passage; geen integrale bronvalidatie,research/corpus/text/L14-fa94e82c7b.txt:regel 101; Glossary: valid time en transaction time,2026-09-09,C-L14,aangehaald; gerichte passageanalyse,EX-L14
L15,Richard Y. Wang; Diane M. Strong,1996,Beyond Accuracy: What Data Quality Means to Data Consumers,Peer-reviewed tijdschriftartikel; JMIS,Welke kwaliteitskenmerken zijn voor datagebruikers relevant? (parafrase),Tweestapsurvey en tweefasige sorteerstudie; volgens uitgeversabstract,Datakwaliteit wordt vanuit het perspectief van gegevensconsumenten onderzocht.,Gebruiksafhankelijke evaluatie,Abstractniveau; geen Nederlandse basisregistratiecase,https://www.jmis-web.org/articles/1002,abstract; geen volledige artikelanalyse,research/corpus/text/L15-ecf4996ea9.txt:regel 28; Uitgeversabstract,2026-09-09,C-L15,aangehaald; gerichte passageanalyse,EX-L15
L16,Patrick Lewis et al. (volledige auteurslijst in bron),2020,Retrieval-Augmented Generation for Knowledge-Intensive NLP Tasks,Peer-reviewed conferentiepaper; NeurIPS,Kan retrieval generatieve kennisintensieve NLP verbeteren? (parafrase),Modelontwikkeling; benchmarkexperimenten met baselines,Retrieval-augmented generation verbindt generatie met opgehaalde informatie; resultaten zijn taakgebonden.,Motivatie voor gecontroleerde AI-consumenttest,"Geen bewijs voor semantische masterdata, juridische juistheid of algemene hallucinatiereductie",https://proceedings.neurips.cc/paper_files/paper/2020/hash/6b493230205f780e1bc26945df7481e5-Abstract.html,geselecteerde passage; geen integrale bronvalidatie,research/corpus/text/L16-649aaeda18.txt:regel 1; Abstract en methode,2026-09-09,C-L16,aangehaald; gerichte passageanalyse,EX-L16
L17,Anders Haug; Jan Stentoft Arlbjørn; Frederik Zachariassen; Jakob Schlichter,2013,Master data quality barriers: An empirical investigation,Peer-reviewed tijdschriftartikel; Industrial Management & Data Systems,Welke barrières belemmeren masterdatakwaliteit en hoe verschilt hun belang? (parafrase),Literatuurgebaseerde classificatie; vragenlijst bij 787 Deense productiebedrijven,Twaalf barrières onderzocht; organisatorische problemen verdienen expliciete aandacht,Empirische aanvulling voor governance en verantwoordelijkheidsverdeling,Productiebedrijven; masterdata; abstractniveau; geen Nederlandse overheidseffectmeting,https://doi.org/10.1108/02635571311303550,Institutioneel abstract en bibliografie,https://portal.findresearcher.sdu.dk/en/publications/master-data-quality-barriers-an-empirical-investigation/,2026-09-07,C-L17,legacy; opnieuw te screenen,Niet opnieuw uitgevoerd
L18,Xiaoyuan Wang; Xingzhi Sun; Feng Cao; Li Ma; Nick Kanellos; Kang Zhang; Yue Pan; Yong Yu,2009,SMDM: Enhancing Enterprise-Wide Master Data Management Using Semantic Web Technologies,Conferentiedemonstratiepaper; Proceedings of the VLDB Endowment,"Hoe bestaande MDM semantisch uitbreiden met ontologieën, mappings en queries? (parafrase)",Systeemontwerp en demonstratie; technische queryvergelijking gerapporteerd,"Virtuele RDF-toegang, ontologieën en mappings zijn bestaande semantische MDM-bouwstenen.",Weerlegt brede nieuwheid van semantische masterdata; relevante eenvoudigere architectuurvariant.,Bedrijfscontext en demonstratie; geen bewijs voor Nederlands SMDP of menselijke/AI-interpretatie.,https://www.vldb.org/pvldb/vol2/vldb09-1011.pdf,geselecteerde passage; geen integrale bronvalidatie,research/corpus/text/L18-2be5982312.txt:regel 61; SMDM-architectuur en demonstratie,2026-09-09,C-L18,aangehaald; gerichte passageanalyse,EX-L18
L19,Fernando Gualo; Ismael Caballero; Moisés Rodríguez; Mario Piattini,2023,A Data Quality Model for Master Data Repositories,Tijdschriftartikel; Informatica,Hoe een kwaliteitsmodel en metingen afstemmen op masterdatarepositories? (parafrase),Ontwerp van kwaliteitsmodel op basis van internationale standaarden; uitgewerkt meetvoorbeeld,Kwaliteitsmodel voor masterdatarepositories koppelt dimensies en metingen aan internationale standaarden.,Antecedent voor kwaliteit; voorkomt dat eigen M01-M23 als nieuwe kwaliteitsmeettaxonomie worden gepresenteerd.,"Geen validatie van dit SMDP, Nederlandse gezagsketens of AI; claims beperkt tot gelezen model- en meetbeschrijving.",https://doi.org/10.15388/23-INFOR534,geselecteerde passage; geen integrale bronvalidatie,"research/corpus/text/L19-a9de6de4c9.txt:regel 7; §2, tabellen 1–3 en model-/meetbeschrijving",2026-09-09,C-L19,aangehaald; gerichte passageanalyse,EX-L19
B01,David Loshin,2008,Master Data Management,boek,MDM-doelen en functies duiden,Professionele inleiding; hoofdstukfragment,MDM behandelt uiteenlopende representaties en bedrijfsbetekenis; beheermiddelen dienen bedrijfsdoelen.,Definities en bedrijfssemantiek,Ontdekkingsmetadata; volledige tekst en publicatieversie nog te beoordelen.,https://shop.elsevier.com/books/master-data-management/loshin/978-0-12-374225-4,geselecteerde passage; geen integrale bronvalidatie,"research/corpus/text/B01-6f746e01b6.txt:regel 6; §1.1–1.3, §1.5 en §1.9 (hoofdstukfragment)",2026-09-09,,aangehaald; gerichte passageanalyse,EX-B01
B02,Allen Dreibelbis; Eberhard Hechler; Ivan Milman; Martin Oberhofer; Paul van Run; Dan Wolfson,2008,Enterprise Master Data Management: An SOA Approach to Managing Core Information,boek,nog niet geëxtraheerd,nog niet geëxtraheerd,nog niet geëxtraheerd,MDM;architecture;capabilities;governance,Ontdekkingsmetadata; volledige tekst en publicatieversie nog te beoordelen.,https://www.informit.com/store/enterprise-master-data-management-an-soa-approach-to-9780132799720,Ontdekkingsmetadata; inhoudelijke extractie nog niet uitgevoerd,https://www.informit.com/store/enterprise-master-data-management-an-soa-approach-to-9780132799720,2026-09-08,,kandidaat,Nog niet uitgevoerd
B03,Alex Berson; Larry Dubov,2011 (copyright); 2010 (publicatie),"Master Data Management and Data Governance, 2/E",boek,nog niet geëxtraheerd,nog niet geëxtraheerd,nog niet geëxtraheerd,MDM;governance;architecture,Ontdekkingsmetadata; volledige tekst en publicatieversie nog te beoordelen.,https://www.mheducation.com/highered/mhp/product/master-data-management-data-governance-2-e.html,Ontdekkingsmetadata; inhoudelijke extractie nog niet uitgevoerd,https://www.mheducation.com/highered/mhp/product/master-data-management-data-governance-2-e.html,2026-09-08,,kandidaat,Nog niet uitgevoerd
B04,Peter Christen,2012,"Data Matching: Concepts and Techniques for Record Linkage, Entity Resolution, and Duplicate Detection",boek,nog niet geëxtraheerd,nog niet geëxtraheerd,nog niet geëxtraheerd,entity resolution;matching;deduplication,Ontdekkingsmetadata; volledige tekst en publicatieversie nog te beoordelen.,https://doi.org/10.1007/978-3-642-31164-2,Ontdekkingsmetadata; inhoudelijke extractie nog niet uitgevoerd,https://link.springer.com/book/10.1007/978-3-642-31164-2,2026-09-08,,kandidaat,Nog niet uitgevoerd
B05,Carlo Batini; Monica Scannapieco,2006,"Data Quality: Concepts, Methodologies and Techniques",boek,nog niet geëxtraheerd,nog niet geëxtraheerd,nog niet geëxtraheerd,quality;identity;data integration,Ontdekkingsmetadata; volledige tekst en publicatieversie nog te beoordelen.,https://doi.org/10.1007/3-540-33173-5,Ontdekkingsmetadata; inhoudelijke extractie nog niet uitgevoerd,https://link.springer.com/book/10.1007/3-540-33173-5,2026-09-08,,kandidaat,Nog niet uitgevoerd
B06,C. Maria Keet,2020 (open versie 1.5),An Introduction to Ontology Engineering,open leerboek,nog niet geëxtraheerd,nog niet geëxtraheerd,nog niet geëxtraheerd,ontology;conceptual modelling;knowledge representation,Ontdekkingsmetadata; volledige tekst en publicatieversie nog te beoordelen.,https://people.cs.uct.ac.za/~mkeet/OEbook/,Ontdekkingsmetadata; inhoudelijke extractie nog niet uitgevoerd,https://people.cs.uct.ac.za/~mkeet/OEbook/,2026-09-08,,kandidaat,Nog niet uitgevoerd
B07,Aidan Hogan; Eva Blomqvist; Michael Cochez; Claudia d’Amato; Gerard de Melo; Claudio Gutierrez; Sabrina Kirrane; José Emilio Labra Gayo; Roberto Navigli; Sebastian Neumaier; Axel-Cyrille Ngonga Ngomo; Axel Polleres; Sabbir M. Rashid; Anisa Rula; Lukas Schmelzeisen; Juan Sequeda; Steffen Staab; Antoine Zimmermann,2021,Knowledge Graphs,boek,nog niet geëxtraheerd,nog niet geëxtraheerd,Boekversie van knowledge graph-overzicht; geen onafhankelijk bewijs naast L13.,knowledge graphs;semantics;quality;provenance,Ontdekkingsmetadata; volledige tekst en publicatieversie nog te beoordelen.,https://doi.org/10.2200/S01125ED1V01Y202109DSK022,geselecteerde passage; geen integrale bronvalidatie,research/corpus/text/B07-36c77dd26b.txt:regel 131; Boekhoofdstukken over schema en context,2026-09-09,,aangehaald; gerichte passageanalyse,EX-B07
B08,Zhamak Dehghani,2022,Data Mesh: Delivering Data-Driven Value at Scale,boek,nog niet geëxtraheerd,nog niet geëxtraheerd,nog niet geëxtraheerd,data mesh;data products;federated governance,Ontdekkingsmetadata; volledige tekst en publicatieversie nog te beoordelen.,https://www.oreilly.com/library/view/data-mesh/9781492092384/titlepage01.html,Ontdekkingsmetadata; inhoudelijke extractie nog niet uitgevoerd,https://www.oreilly.com/library/view/data-mesh/9781492092384/titlepage01.html,2026-09-08,,kandidaat,Nog niet uitgevoerd
P01,Jan-Bernd Bracht; Joerg Rehr; Markus Siebert; Rouven Thimm,2012,Smarter Modeling of IBM InfoSphere Master Data Management Solutions,leveranciersboek,MDM-modellering en implementatiestijlen beschrijven,Leveranciershandboek; geselecteerde modelleerhoofdstukken,"Patroonlabels onderscheiden verwijzingen, primair beheer en synchronisatie; historie en survivorship zijn afzonderlijke functies.",Patronen; historie; survivorship,Ontdekkingsmetadata; volledige tekst en publicatieversie nog te beoordelen.,https://www.redbooks.ibm.com/abstracts/sg247956.html,geselecteerde passage; geen integrale bronvalidatie,"research/corpus/text/P01-28c1969531.txt:regel 404; Gedrukte pp. 42–46, 226–227 en 417",2026-09-09,,aangehaald; gerichte passageanalyse,EX-P01
P02,Whei-Jen Chen; Bhavani Eshwar; Ramya Rajendiran; Shettigar Srinivas; Manjunath B Subramanian; Bharathi Venkatasubramanian,2014,Master Data Management for SaaS Applications,leveranciersboek,MDM en SaaS verbinden,Leveranciershandboek; integratiebeschrijving,Leveranciersbeschrijving van MDM-integratie met SaaS; geen onafhankelijke effectvergelijking.,Distributie; integratie,Ontdekkingsmetadata; volledige tekst en publicatieversie nog te beoordelen.,https://www.redbooks.ibm.com/abstracts/sg248220.html,geselecteerde passage; geen integrale bronvalidatie,"research/corpus/text/P02-1d27e6dcf1.txt:regel 8; Scope, inhoudsopgave en integratiebespreking",2026-09-09,,aangehaald; gerichte passageanalyse,EX-P02
L20,Boris Otto; Martin H. Ofner,2011,Strategic Business Requirements for Master Data Management Systems,conferentiepublicatie,Strategische businessrequirements voor MDM-systemen,Requirementsstudie; theoretisch kader en tabellen geanalyseerd,Master Data as a Product en Business Semantics Management zijn expliciete vroegere MDM-ideeën.,Capabilitiestaxonomie; vroeg productdenken,Ontdekkingsmetadata; volledige tekst en publicatieversie nog te beoordelen.,https://aisel.aisnet.org/amcis2011_submissions/108/,geselecteerde passage; geen integrale bronvalidatie,research/corpus/text/L20-ef53704b6c.txt:regel 396; Theoretisch kader p. 2–3; tabellen 1–2 p. 6–7,2026-09-09,,aangehaald; gerichte passageanalyse,EX-L20
L21,Lise Getoor; Ashwin Machanavajjhala,2012,"Entity Resolution: Theory, Practice & Open Challenges",conferentietutorial,Entity-resolutiononderzoek structureren,Onderzoekstutorial,Entity resolution koppelt verschillende beschrijvingen van dezelfde referent.,Identiteit en matching,Ontdekkingsmetadata; volledige tekst en publicatieversie nog te beoordelen.,https://vldb.org/pvldb/vol5/p2018_lisegetoor_vldb2012.pdf,geselecteerde passage; geen integrale bronvalidatie,research/corpus/text/L21-a43adcb079.txt:regel 1; Abstract en tutorialdoel,2026-09-09,,aangehaald; gerichte passageanalyse,EX-L21
L22,David Menestrina; Steven Euijong Whang; Hector Garcia-Molina,2010,Evaluating Entity Resolution Results,conferentiepublicatie,ER-resultaten beoordelen,Vergelijking van ER-evaluatiemaatstaven,Evaluatiematen kunnen dezelfde ER-uitkomsten verschillend rangschikken.,Metricafhankelijkheid,Ontdekkingsmetadata; volledige tekst en publicatieversie nog te beoordelen.,https://www.vldb.org/pvldb/vol3/R18.pdf,geselecteerde passage; geen integrale bronvalidatie,research/corpus/text/L22-265ff3c24d.txt:regel 15; Abstract en vergelijking van maatstaven,2026-09-09,,aangehaald; gerichte passageanalyse,EX-L22
L23,Abel Goedegebuure; Indika Kumara; Stefan Driessen; Willem-Jan van den Heuvel; Geert Monsieur; Damian Andrew Tamburri; Dario Di Nucci,2023,Data Mesh: a Systematic Gray Literature Review,preprint,"Data Mesh-principes, capabilities en rollen structureren","Systematische grijze-literatuurreview van 114 bijdragen, volgens auteurs",Review van grijze literatuur synthetiseert Data Mesh-principes; praktijkclaims zijn geen onafhankelijk gemeten effecten.,Federatie; professioneel bewijs onderscheiden,Ontdekkingsmetadata; volledige tekst en publicatieversie nog te beoordelen.,https://arxiv.org/abs/2304.01062,geselecteerde passage; geen integrale bronvalidatie,research/corpus/text/L23-e486d09f75.txt:regel 13; Abstract en vier principes; auteursversie 2023,2026-09-09,,aangehaald; gerichte passageanalyse,EX-L23
L24,Anna Gieß; Andreas Hutterer,2025,"The Future of Data Management: A Delimitation of Data Platforms, Data Spaces, Data Meshes, and Data Fabrics",tijdschriftartikel,Datamanagementbenaderingen afbakenen,Literatuurreview met vergelijkingskader; 189 bijdragen volgens abstract,"Review vergelijkt platforms, spaces, meshes en fabrics; classificatie bepaalt geen lokale prestatiegarantie.",Architecturen en governance,Ontdekkingsmetadata; volledige tekst en publicatieversie nog te beoordelen.,https://doi.org/10.1007/s10257-025-00707-4,geselecteerde passage; geen integrale bronvalidatie,research/corpus/text/L24-fc9d53d5bb.txt:regel 23; Abstract en vergelijkingskader,2026-09-09,,aangehaald; gerichte passageanalyse,EX-L24
L25,,2025,Data catalog tools: A systematic multivocal literature review,tijdschriftartikel,nog niet geëxtraheerd,nog niet geëxtraheerd,nog niet geëxtraheerd,metadata;catalog;capabilities;data products,Ontdekkingsmetadata; volledige tekst en publicatieversie nog te beoordelen.,https://doi.org/10.1016/j.jss.2025.112584,Ontdekkingsmetadata; inhoudelijke extractie nog niet uitgevoerd,https://www.sciencedirect.com/science/article/pii/S0164121225002535,2026-09-08,,kandidaat,Nog niet uitgevoerd
L26,H. Hassani; X. Huang; S. MacFeely,2025,Mapping the evolution of data governance scientific research,tijdschriftartikel,nog niet geëxtraheerd,nog niet geëxtraheerd,nog niet geëxtraheerd,governance;research landscape,Ontdekkingsmetadata; volledige tekst en publicatieversie nog te beoordelen.,https://doi.org/10.1017/dap.2025.10014,Ontdekkingsmetadata; inhoudelijke extractie nog niet uitgevoerd,https://pure.iiasa.ac.at/id/eprint/20795/,2026-09-08,,kandidaat,Nog niet uitgevoerd
L27,Leonardo Guerreiro; José Martins; Maria do Rosário Bernardo; Henrique Mamede; Frederico Branco,2025,Impact of a Master Data Management Framework to Trigger Data Governance Maturity: A Systematic Literature Review,tijdschriftartikel,Verband MDM-frameworks en governancevolwassenheid onderzoeken,"Literatuurreview; abstract, selectie en conclusie gelezen","Review verbindt MDM en governancevolwassenheid, maar plaatst empirische kadervalidatie in vervolgonderzoek.",Verwant overzicht; geen eigen causale effectschatting,Ontdekkingsmetadata; volledige tekst en publicatieversie nog te beoordelen.,https://doi.org/10.1109/ACCESS.2025.3627855,geselecteerde passage; geen integrale bronvalidatie,research/corpus/text/L27-ba0383324b.txt:regel 103; Abstract; selectiemethode; conclusie en limitations,2026-09-09,,aangehaald; gerichte passageanalyse,EX-L27
L28,Ignacio Acuña; Ania Cravero; Marta Zorrilla,2026,From Compliance to Value: Data Governance Implementation Challenges to Turn Data into a Strategic Asset—A Systematic Literature Review,tijdschriftartikel,nog niet geëxtraheerd,nog niet geëxtraheerd,nog niet geëxtraheerd,governance;implementation;review,Ontdekkingsmetadata; volledige tekst en publicatieversie nog te beoordelen.,https://doi.org/10.3390/app16115289,Ontdekkingsmetadata; inhoudelijke extractie nog niet uitgevoerd,https://www.mdpi.com/2076-3417/16/11/5289,2026-09-08,,kandidaat,Nog niet uitgevoerd
L29,Vassilis Christophides; Vasilis Efthymiou; Themis Palpanas; George Papadakis; Kostas Stefanidis,2020,End-to-End Entity Resolution for Big Data: A Survey,preprint,End-to-end entity resolution structureren,Survey; auteursversie 2020,Entity resolution kent meerdere samenhangende verwerkingsstappen.,ER-workflows,Ontdekkingsmetadata; volledige tekst en publicatieversie nog te beoordelen.,https://arxiv.org/abs/1905.06397,geselecteerde passage; geen integrale bronvalidatie,"research/corpus/text/L29-1ff494de9c.txt:regel 20; Abstract en end-to-end overzicht; arXiv v3, 2020",2026-09-09,,aangehaald; gerichte passageanalyse,EX-L29
L30,George Papadakis; Dimitrios Skoutas; Emmanouil Thanos; Themis Palpanas,2020,A Survey of Blocking and Filtering Techniques for Entity Resolution,preprint,Blocking en filtering vergelijken,Survey; auteursversie 2020,Blocking en filtering beperken vergelijkingen op verschillende manieren.,Kandidaatselectie en schaalbaarheid,Ontdekkingsmetadata; volledige tekst en publicatieversie nog te beoordelen.,https://arxiv.org/abs/1905.06167,geselecteerde passage; geen integrale bronvalidatie,"research/corpus/text/L30-024a111af7.txt:regel 1; Abstract; arXiv v4, 2020",2026-09-09,,aangehaald; gerichte passageanalyse,EX-L30
L31,Balaji Ganesan; Sumit Bhatia; Hima Patel; Sameep Mehta; Matheen Ahmed Pasha; Srinivasa Parkala; Neeraj R Singh; Gayatri Mishra; Somashekhar Naganna,2024,xLP: Explainable Link Prediction for Master Data Management,preprint,Link prediction in MDM uitlegbaar maken,Methode-/demonstratiebeschrijving; depotversie 2024,xLP illustreert uitlegbaarheid van voorspelde relaties in MDM.,AI-hulpmiddel; beperkte overdraagbaarheid,Ontdekkingsmetadata; volledige tekst en publicatieversie nog te beoordelen.,https://arxiv.org/abs/2403.09806,geselecteerde passage; geen integrale bronvalidatie,research/corpus/text/L31-decc8c232d.txt:regel 6; Abstract en demonstratie; depotversie 2024,2026-09-09,,aangehaald; gerichte passageanalyse,EX-L31
M01,Andrea C. Tricco; Erin Lillie; Wasifa Zarin; others,2018,PRISMA Extension for Scoping Reviews (PRISMA-ScR): Checklist and Explanation,reviewmethodologie,Scoping-reviewrapportage verbeteren,Ontwikkeling van rapportagechecklist en toelichting,PRISMA-ScR ondersteunt transparante rapportage van scoping reviews.,Reviewtransparantie,Ontdekkingsmetadata; volledige tekst en publicatieversie nog te beoordelen.,https://doi.org/10.7326/M18-0850,geselecteerde passage; geen integrale bronvalidatie,research/corpus/text/M01-501e205a9e.txt:regel 15; Checklist en toelichting,2026-09-09,,aangehaald; gerichte passageanalyse,EX-M01
M02,Melissa L. Rethlefsen; Shona Kirtley; Siw Waffenschmidt; Ana Patricia Ayala; David Moher; Matthew J. Page; Jonathan B. Koffel; {PRISMA-S Group},2021,PRISMA-S: an extension to the PRISMA statement for reporting literature searches in systematic reviews,reviewmethodologie,Zoekrapportage verbeteren,Ontwikkeling van rapportagerichtlijn en toelichting,PRISMA-S ondersteunt reproduceerbare rapportage van literatuurzoekacties.,Reproduceerbaarheid,Ontdekkingsmetadata; volledige tekst en publicatieversie nog te beoordelen.,https://doi.org/10.5195/jmla.2021.962,geselecteerde passage; geen integrale bronvalidatie,research/corpus/text/M02-5062d21895.txt:regel 816; Abstract en rapportage-items,2026-09-09,,aangehaald; gerichte passageanalyse,EX-M02
B09,John Ladley,2019,"Data Governance: How to Design, Deploy, and Sustain an Effective Data Governance Program",boek,nog niet geëxtraheerd,nog niet geëxtraheerd,nog niet geëxtraheerd,governance;stewardship;capabilities,Ontdekkingsmetadata; volledige tekst en publicatieversie nog te beoordelen.,https://shop.elsevier.com/books/data-governance/ladley/978-0-12-815831-9,Ontdekkingsmetadata; inhoudelijke extractie nog niet uitgevoerd,https://shop.elsevier.com/books/data-governance/ladley/978-0-12-815831-9,2026-09-08,,kandidaat,Nog niet uitgevoerd
