id,titel,auteur,jaar,type,publisher,doi_url,peer_reviewed,primair_secundair,onderzoeksdoel,methode,relevante_definities,belangrijkste_bevindingen,beperkingen,relevantie_mdm,themas,citatie,selectiestatus,metadata_bron
B01,Master Data Management,David Loshin,2008,boek,Morgan Kaufmann / Elsevier,https://shop.elsevier.com/books/master-data-management/loshin/978-0-12-374225-4,niet vastgesteld; professioneel boek,te classificeren per gebruik,nog niet geëxtraheerd,nog niet geëxtraheerd,nog niet geëxtraheerd,nog niet geëxtraheerd,Ontdekkingsmetadata; volledige tekst en publicatieversie nog te beoordelen.,MDM;capabilities;governance;quality,MDM;capabilities;governance;quality,David Loshin (2008). Master Data Management. Morgan Kaufmann / Elsevier. https://shop.elsevier.com/books/master-data-management/loshin/978-0-12-374225-4,kandidaat; inhoudelijke screening nog uit te voeren,https://shop.elsevier.com/books/master-data-management/loshin/978-0-12-374225-4
B02,Enterprise Master Data Management: An SOA Approach to Managing Core Information,Allen Dreibelbis; Eberhard Hechler; Ivan Milman; Martin Oberhofer; Paul van Run; Dan Wolfson,2008,boek,IBM Press / Pearson,https://www.informit.com/store/enterprise-master-data-management-an-soa-approach-to-9780132799720,niet vastgesteld,te classificeren per gebruik,nog niet geëxtraheerd,nog niet geëxtraheerd,nog niet geëxtraheerd,nog niet geëxtraheerd,Ontdekkingsmetadata; volledige tekst en publicatieversie nog te beoordelen.,MDM;architecture;capabilities;governance,MDM;architecture;capabilities;governance,Allen Dreibelbis; Eberhard Hechler; Ivan Milman; Martin Oberhofer; Paul van Run; Dan Wolfson (2008). Enterprise Master Data Management: An SOA Approach to Managing Core Information. IBM Press / Pearson. https://www.informit.com/store/enterprise-master-data-management-an-soa-approach-to-9780132799720,kandidaat; inhoudelijke screening nog uit te voeren,https://www.informit.com/store/enterprise-master-data-management-an-soa-approach-to-9780132799720
B03,"Master Data Management and Data Governance, 2/E",Alex Berson; Larry Dubov,2011 (copyright); 2010 (publicatie),boek,McGraw Hill,https://www.mheducation.com/highered/mhp/product/master-data-management-data-governance-2-e.html,niet vastgesteld,te classificeren per gebruik,nog niet geëxtraheerd,nog niet geëxtraheerd,nog niet geëxtraheerd,nog niet geëxtraheerd,Ontdekkingsmetadata; volledige tekst en publicatieversie nog te beoordelen.,MDM;governance;architecture,MDM;governance;architecture,"Alex Berson; Larry Dubov (2011 (copyright); 2010 (publicatie)). Master Data Management and Data Governance, 2/E. McGraw Hill. https://www.mheducation.com/highered/mhp/product/master-data-management-data-governance-2-e.html",kandidaat; inhoudelijke screening nog uit te voeren,https://www.mheducation.com/highered/mhp/product/master-data-management-data-governance-2-e.html
B04,"Data Matching: Concepts and Techniques for Record Linkage, Entity Resolution, and Duplicate Detection",Peter Christen,2012,boek,Springer,https://doi.org/10.1007/978-3-642-31164-2,niet vastgesteld,te classificeren per gebruik,nog niet geëxtraheerd,nog niet geëxtraheerd,nog niet geëxtraheerd,nog niet geëxtraheerd,Ontdekkingsmetadata; volledige tekst en publicatieversie nog te beoordelen.,entity resolution;matching;deduplication,entity resolution;matching;deduplication,"Peter Christen (2012). Data Matching: Concepts and Techniques for Record Linkage, Entity Resolution, and Duplicate Detection. Springer. https://doi.org/10.1007/978-3-642-31164-2",kandidaat; inhoudelijke screening nog uit te voeren,https://link.springer.com/book/10.1007/978-3-642-31164-2
B05,"Data Quality: Concepts, Methodologies and Techniques",Carlo Batini; Monica Scannapieco,2006,boek,Springer,https://doi.org/10.1007/3-540-33173-5,niet vastgesteld,te classificeren per gebruik,nog niet geëxtraheerd,nog niet geëxtraheerd,nog niet geëxtraheerd,nog niet geëxtraheerd,Ontdekkingsmetadata; volledige tekst en publicatieversie nog te beoordelen.,quality;identity;data integration,quality;identity;data integration,"Carlo Batini; Monica Scannapieco (2006). Data Quality: Concepts, Methodologies and Techniques. Springer. https://doi.org/10.1007/3-540-33173-5",kandidaat; inhoudelijke screening nog uit te voeren,https://link.springer.com/book/10.1007/3-540-33173-5
B06,An Introduction to Ontology Engineering,C. Maria Keet,2020 (open versie 1.5),open leerboek,Auteur / University of Cape Town,https://people.cs.uct.ac.za/~mkeet/OEbook/,niet vastgesteld,te classificeren per gebruik,nog niet geëxtraheerd,nog niet geëxtraheerd,nog niet geëxtraheerd,nog niet geëxtraheerd,Ontdekkingsmetadata; volledige tekst en publicatieversie nog te beoordelen.,ontology;conceptual modelling;knowledge representation,ontology;conceptual modelling;knowledge representation,C. Maria Keet (2020 (open versie 1.5)). An Introduction to Ontology Engineering. Auteur / University of Cape Town. https://people.cs.uct.ac.za/~mkeet/OEbook/,kandidaat; inhoudelijke screening nog uit te voeren,https://people.cs.uct.ac.za/~mkeet/OEbook/
B07,Knowledge Graphs,Aidan Hogan; Eva Blomqvist; Michael Cochez; Claudia d’Amato; Gerard de Melo; Claudio Gutierrez; Sabrina Kirrane; José Emilio Labra Gayo; Roberto Navigli; Sebastian Neumaier; Axel-Cyrille Ngonga Ngomo; Axel Polleres; Sabbir M. Rashid; Anisa Rula; Lukas Schmelzeisen; Juan Sequeda; Steffen Staab; Antoine Zimmermann,2021,boek,Springer; oorspronkelijk Morgan & Claypool,https://doi.org/10.2200/S01125ED1V01Y202109DSK022,niet vastgesteld,te classificeren per gebruik,nog niet geëxtraheerd,nog niet geëxtraheerd,nog niet geëxtraheerd,nog niet geëxtraheerd,Ontdekkingsmetadata; volledige tekst en publicatieversie nog te beoordelen.,knowledge graphs;semantics;quality;provenance,knowledge graphs;semantics;quality;provenance,Aidan Hogan; Eva Blomqvist; Michael Cochez; Claudia d’Amato; Gerard de Melo; Claudio Gutierrez; Sabrina Kirrane; José Emilio Labra Gayo; Roberto Navigli; Sebastian Neumaier; Axel-Cyrille Ngonga Ngomo; Axel Polleres; Sabbir M. Rashid; Anisa Rula; Lukas Schmelzeisen; Juan Sequeda; Steffen Staab; Antoine Zimmermann (2021). Knowledge Graphs. Springer; oorspronkelijk Morgan & Claypool. https://doi.org/10.2200/S01125ED1V01Y202109DSK022,kandidaat; inhoudelijke screening nog uit te voeren,https://kgbook.org/
B08,Data Mesh: Delivering Data-Driven Value at Scale,Zhamak Dehghani,2022,boek,O’Reilly,https://www.oreilly.com/library/view/data-mesh/9781492092384/titlepage01.html,niet vastgesteld,te classificeren per gebruik,nog niet geëxtraheerd,nog niet geëxtraheerd,nog niet geëxtraheerd,nog niet geëxtraheerd,Ontdekkingsmetadata; volledige tekst en publicatieversie nog te beoordelen.,data mesh;data products;federated governance,data mesh;data products;federated governance,Zhamak Dehghani (2022). Data Mesh: Delivering Data-Driven Value at Scale. O’Reilly. https://www.oreilly.com/library/view/data-mesh/9781492092384/titlepage01.html,kandidaat; inhoudelijke screening nog uit te voeren,https://www.oreilly.com/library/view/data-mesh/9781492092384/titlepage01.html
P01,Smarter Modeling of IBM InfoSphere Master Data Management Solutions,Jan-Bernd Bracht; Joerg Rehr; Markus Siebert; Rouven Thimm,2012,leveranciersboek,IBM Redbooks,https://www.redbooks.ibm.com/abstracts/sg247956.html,nee; leveranciersliteratuur,te classificeren per gebruik,nog niet geëxtraheerd,nog niet geëxtraheerd,nog niet geëxtraheerd,nog niet geëxtraheerd,Ontdekkingsmetadata; volledige tekst en publicatieversie nog te beoordelen.,MDM;modelling;architecture,MDM;modelling;architecture,Jan-Bernd Bracht; Joerg Rehr; Markus Siebert; Rouven Thimm (2012). Smarter Modeling of IBM InfoSphere Master Data Management Solutions. IBM Redbooks. https://www.redbooks.ibm.com/abstracts/sg247956.html,kandidaat; inhoudelijke screening nog uit te voeren,https://www.redbooks.ibm.com/abstracts/sg247956.html
P02,Master Data Management for SaaS Applications,Whei-Jen Chen; Bhavani Eshwar; Ramya Rajendiran; Shettigar Srinivas; Manjunath B Subramanian; Bharathi Venkatasubramanian,2014,leveranciersboek,IBM Redbooks,https://www.redbooks.ibm.com/abstracts/sg248220.html,nee; leveranciersliteratuur,te classificeren per gebruik,nog niet geëxtraheerd,nog niet geëxtraheerd,nog niet geëxtraheerd,nog niet geëxtraheerd,Ontdekkingsmetadata; volledige tekst en publicatieversie nog te beoordelen.,MDM;cloud;distribution;integration,MDM;cloud;distribution;integration,Whei-Jen Chen; Bhavani Eshwar; Ramya Rajendiran; Shettigar Srinivas; Manjunath B Subramanian; Bharathi Venkatasubramanian (2014). Master Data Management for SaaS Applications. IBM Redbooks. https://www.redbooks.ibm.com/abstracts/sg248220.html,kandidaat; inhoudelijke screening nog uit te voeren,https://www.redbooks.ibm.com/abstracts/sg248220.html
L20,Strategic Business Requirements for Master Data Management Systems,Boris Otto; Martin H. Ofner,2011,conferentiepublicatie,AIS / AMCIS,https://aisel.aisnet.org/amcis2011_submissions/108/,conferentiepublicatie; reviewstatus nog afzonderlijk controleren,te classificeren per gebruik,nog niet geëxtraheerd,nog niet geëxtraheerd,nog niet geëxtraheerd,nog niet geëxtraheerd,Ontdekkingsmetadata; volledige tekst en publicatieversie nog te beoordelen.,MDM;capabilities;business requirements,MDM;capabilities;business requirements,Boris Otto; Martin H. Ofner (2011). Strategic Business Requirements for Master Data Management Systems. AIS / AMCIS. https://aisel.aisnet.org/amcis2011_submissions/108/,kandidaat; inhoudelijke screening nog uit te voeren,https://aisel.aisnet.org/amcis2011_submissions/108/
L21,"Entity Resolution: Theory, Practice & Open Challenges",Lise Getoor; Ashwin Machanavajjhala,2012,conferentietutorial,PVLDB,https://vldb.org/pvldb/vol5/p2018_lisegetoor_vldb2012.pdf,niet vastgesteld,te classificeren per gebruik,nog niet geëxtraheerd,nog niet geëxtraheerd,nog niet geëxtraheerd,nog niet geëxtraheerd,Ontdekkingsmetadata; volledige tekst en publicatieversie nog te beoordelen.,entity resolution;matching;identity,entity resolution;matching;identity,"Lise Getoor; Ashwin Machanavajjhala (2012). Entity Resolution: Theory, Practice & Open Challenges. PVLDB. https://vldb.org/pvldb/vol5/p2018_lisegetoor_vldb2012.pdf",kandidaat; inhoudelijke screening nog uit te voeren,https://vldb.org/pvldb/vol5/p2018_lisegetoor_vldb2012.pdf
L22,Evaluating Entity Resolution Results,,2010,conferentiepublicatie,PVLDB,https://www.vldb.org/pvldb/vol3/R18.pdf,niet vastgesteld,te classificeren per gebruik,nog niet geëxtraheerd,nog niet geëxtraheerd,nog niet geëxtraheerd,nog niet geëxtraheerd,Ontdekkingsmetadata; volledige tekst en publicatieversie nog te beoordelen.,entity resolution;evaluation;quality,entity resolution;evaluation;quality, (2010). Evaluating Entity Resolution Results. PVLDB. https://www.vldb.org/pvldb/vol3/R18.pdf,kandidaat; inhoudelijke screening nog uit te voeren,https://www.vldb.org/pvldb/vol3/R18.pdf
L23,Data Mesh: a Systematic Gray Literature Review,Abel Goedegebuure; Indika Kumara; Stefan Driessen; Dario Di Nucci; Geert Monsieur; Willem-Jan van den Heuvel; Damian Andrew Tamburri,2023 (preprint),preprint,arXiv,https://arxiv.org/abs/2304.01062,nee voor geregistreerde preprint; latere tijdschriftversie afzonderlijk controleren,te classificeren per gebruik,nog niet geëxtraheerd,nog niet geëxtraheerd,nog niet geëxtraheerd,nog niet geëxtraheerd,Ontdekkingsmetadata; volledige tekst en publicatieversie nog te beoordelen.,data mesh;governance;capabilities,data mesh;governance;capabilities,Abel Goedegebuure; Indika Kumara; Stefan Driessen; Dario Di Nucci; Geert Monsieur; Willem-Jan van den Heuvel; Damian Andrew Tamburri (2023 (preprint)). Data Mesh: a Systematic Gray Literature Review. arXiv. https://arxiv.org/abs/2304.01062,kandidaat; inhoudelijke screening nog uit te voeren,https://arxiv.org/abs/2304.01062
L24,"The Future of Data Management: A Delimitation of Data Platforms, Data Spaces, Data Meshes, and Data Fabrics",,2025,tijdschriftartikel,Springer,https://doi.org/10.1007/s10257-025-00707-4,niet vastgesteld,te classificeren per gebruik,nog niet geëxtraheerd,nog niet geëxtraheerd,nog niet geëxtraheerd,nog niet geëxtraheerd,Ontdekkingsmetadata; volledige tekst en publicatieversie nog te beoordelen.,data mesh;data fabric;federation;architecture,data mesh;data fabric;federation;architecture," (2025). The Future of Data Management: A Delimitation of Data Platforms, Data Spaces, Data Meshes, and Data Fabrics. Springer. https://doi.org/10.1007/s10257-025-00707-4",kandidaat; inhoudelijke screening nog uit te voeren,https://link.springer.com/article/10.1007/s10257-025-00707-4
L25,Data catalog tools: A systematic multivocal literature review,,2025,tijdschriftartikel,Elsevier / Journal of Systems and Software,https://doi.org/10.1016/j.jss.2025.112584,niet vastgesteld,te classificeren per gebruik,nog niet geëxtraheerd,nog niet geëxtraheerd,nog niet geëxtraheerd,nog niet geëxtraheerd,Ontdekkingsmetadata; volledige tekst en publicatieversie nog te beoordelen.,metadata;catalog;capabilities;data products,metadata;catalog;capabilities;data products, (2025). Data catalog tools: A systematic multivocal literature review. Elsevier / Journal of Systems and Software. https://doi.org/10.1016/j.jss.2025.112584,kandidaat; inhoudelijke screening nog uit te voeren,https://www.sciencedirect.com/science/article/pii/S0164121225002535
L26,Mapping the evolution of data governance scientific research,H. Hassani; X. Huang; S. MacFeely,2025,tijdschriftartikel,Cambridge / Data & Policy; IIASA repository,https://doi.org/10.1017/dap.2025.10014,niet vastgesteld,te classificeren per gebruik,nog niet geëxtraheerd,nog niet geëxtraheerd,nog niet geëxtraheerd,nog niet geëxtraheerd,Ontdekkingsmetadata; volledige tekst en publicatieversie nog te beoordelen.,governance;research landscape,governance;research landscape,H. Hassani; X. Huang; S. MacFeely (2025). Mapping the evolution of data governance scientific research. Cambridge / Data & Policy; IIASA repository. https://doi.org/10.1017/dap.2025.10014,kandidaat; inhoudelijke screening nog uit te voeren,https://pure.iiasa.ac.at/id/eprint/20795/
L27,Impact of a Master Data Management Framework to Trigger Data Governance Maturity: A Systematic Literature Review,,2025,tijdschriftartikel,IEEE Access,https://doi.org/10.1109/ACCESS.2025.3627855,niet vastgesteld,te classificeren per gebruik,nog niet geëxtraheerd,nog niet geëxtraheerd,nog niet geëxtraheerd,nog niet geëxtraheerd,Ontdekkingsmetadata; volledige tekst en publicatieversie nog te beoordelen.,MDM;governance;maturity;review,MDM;governance;maturity;review, (2025). Impact of a Master Data Management Framework to Trigger Data Governance Maturity: A Systematic Literature Review. IEEE Access. https://doi.org/10.1109/ACCESS.2025.3627855,kandidaat; inhoudelijke screening nog uit te voeren,https://doi.org/10.1109/ACCESS.2025.3627855
L28,From Compliance to Value: Data Governance Implementation Challenges to Turn Data into a Strategic Asset—A Systematic Literature Review,Ignacio Acuña; Ania Cravero; Marta Zorrilla,2026,tijdschriftartikel,MDPI / Applied Sciences,https://doi.org/10.3390/app16115289,niet vastgesteld,te classificeren per gebruik,nog niet geëxtraheerd,nog niet geëxtraheerd,nog niet geëxtraheerd,nog niet geëxtraheerd,Ontdekkingsmetadata; volledige tekst en publicatieversie nog te beoordelen.,governance;implementation;review,governance;implementation;review,Ignacio Acuña; Ania Cravero; Marta Zorrilla (2026). From Compliance to Value: Data Governance Implementation Challenges to Turn Data into a Strategic Asset—A Systematic Literature Review. MDPI / Applied Sciences. https://doi.org/10.3390/app16115289,kandidaat; inhoudelijke screening nog uit te voeren,https://www.mdpi.com/2076-3417/16/11/5289
L29,End-to-End Entity Resolution for Big Data: A Survey,,2019 (preprint),preprint,arXiv,https://arxiv.org/abs/1905.06397,nee voor geregistreerde preprint,te classificeren per gebruik,nog niet geëxtraheerd,nog niet geëxtraheerd,nog niet geëxtraheerd,nog niet geëxtraheerd,Ontdekkingsmetadata; volledige tekst en publicatieversie nog te beoordelen.,entity resolution;matching;deduplication,entity resolution;matching;deduplication, (2019 (preprint)). End-to-End Entity Resolution for Big Data: A Survey. arXiv. https://arxiv.org/abs/1905.06397,kandidaat; inhoudelijke screening nog uit te voeren,https://arxiv.org/abs/1905.06397
L30,A Survey of Blocking and Filtering Techniques for Entity Resolution,,2019 (preprint),preprint,arXiv,https://arxiv.org/abs/1905.06167,nee voor geregistreerde preprint,te classificeren per gebruik,nog niet geëxtraheerd,nog niet geëxtraheerd,nog niet geëxtraheerd,nog niet geëxtraheerd,Ontdekkingsmetadata; volledige tekst en publicatieversie nog te beoordelen.,entity resolution;blocking;scalability,entity resolution;blocking;scalability, (2019 (preprint)). A Survey of Blocking and Filtering Techniques for Entity Resolution. arXiv. https://arxiv.org/abs/1905.06167,kandidaat; inhoudelijke screening nog uit te voeren,https://arxiv.org/abs/1905.06167
L31,xLP: Explainable Link Prediction for Master Data Management,Balaji Ganesan; Matheen Ahmed Pasha; Srinivasa Parkala; Neeraj R Singh; Gayatri Mishra; Sumit Bhatia; Hima Patel; Somashekar Naganna; Sameep Mehta,2024 (preprint),preprint,arXiv,https://arxiv.org/abs/2403.09806,nee voor geregistreerde preprint,te classificeren per gebruik,nog niet geëxtraheerd,nog niet geëxtraheerd,nog niet geëxtraheerd,nog niet geëxtraheerd,Ontdekkingsmetadata; volledige tekst en publicatieversie nog te beoordelen.,MDM;AI;explainability;entity resolution,MDM;AI;explainability;entity resolution,Balaji Ganesan; Matheen Ahmed Pasha; Srinivasa Parkala; Neeraj R Singh; Gayatri Mishra; Sumit Bhatia; Hima Patel; Somashekar Naganna; Sameep Mehta (2024 (preprint)). xLP: Explainable Link Prediction for Master Data Management. arXiv. https://arxiv.org/abs/2403.09806,kandidaat; inhoudelijke screening nog uit te voeren,https://arxiv.org/abs/2403.09806
M01,PRISMA Extension for Scoping Reviews (PRISMA-ScR): Checklist and Explanation,,2018,reviewmethodologie,Annals of Internal Medicine; auteursmanuscript White Rose,https://doi.org/10.7326/M18-0850,niet vastgesteld,te classificeren per gebruik,nog niet geëxtraheerd,nog niet geëxtraheerd,nog niet geëxtraheerd,nog niet geëxtraheerd,Ontdekkingsmetadata; volledige tekst en publicatieversie nog te beoordelen.,scoping review;reporting,scoping review;reporting, (2018). PRISMA Extension for Scoping Reviews (PRISMA-ScR): Checklist and Explanation. Annals of Internal Medicine; auteursmanuscript White Rose. https://doi.org/10.7326/M18-0850,kandidaat; inhoudelijke screening nog uit te voeren,https://eprints.whiterose.ac.uk/136633/1/PRISMA_ScR_Manuscript_July6th_clean_1_.pdf
M02,PRISMA-S: an extension to the PRISMA statement for reporting literature searches in systematic reviews,,2021,reviewmethodologie,Systematic Reviews; PMC,https://pmc.ncbi.nlm.nih.gov/articles/PMC8270366/,niet vastgesteld,te classificeren per gebruik,nog niet geëxtraheerd,nog niet geëxtraheerd,nog niet geëxtraheerd,nog niet geëxtraheerd,Ontdekkingsmetadata; volledige tekst en publicatieversie nog te beoordelen.,search strategy;reproducibility,search strategy;reproducibility, (2021). PRISMA-S: an extension to the PRISMA statement for reporting literature searches in systematic reviews. Systematic Reviews; PMC. https://pmc.ncbi.nlm.nih.gov/articles/PMC8270366/,kandidaat; inhoudelijke screening nog uit te voeren,https://pmc.ncbi.nlm.nih.gov/articles/PMC8270366/
S52,ISO 8601 — Date and time format,ISO,,standaardinformatie,ISO,https://www.iso.org/iso-8601-date-and-time-format.html,niet vastgesteld,te classificeren per gebruik,nog niet geëxtraheerd,nog niet geëxtraheerd,nog niet geëxtraheerd,nog niet geëxtraheerd,Ontdekkingsmetadata; volledige tekst en publicatieversie nog te beoordelen.,temporality;date representation,temporality;date representation,ISO (). ISO 8601 — Date and time format. ISO. https://www.iso.org/iso-8601-date-and-time-format.html,kandidaat; inhoudelijke screening nog uit te voeren,https://www.iso.org/iso-8601-date-and-time-format.html
B09,"Data Governance: How to Design, Deploy, and Sustain an Effective Data Governance Program",John Ladley,2019,boek,Academic Press / Elsevier,https://shop.elsevier.com/books/data-governance/ladley/978-0-12-815831-9,niet vastgesteld,te classificeren per gebruik,nog niet geëxtraheerd,nog niet geëxtraheerd,nog niet geëxtraheerd,nog niet geëxtraheerd,Ontdekkingsmetadata; volledige tekst en publicatieversie nog te beoordelen.,governance;stewardship;capabilities,governance;stewardship;capabilities,"John Ladley (2019). Data Governance: How to Design, Deploy, and Sustain an Effective Data Governance Program. Academic Press / Elsevier. https://shop.elsevier.com/books/data-governance/ladley/978-0-12-815831-9",kandidaat; inhoudelijke screening nog uit te voeren,https://shop.elsevier.com/books/data-governance/ladley/978-0-12-815831-9
