source_id,selection,reason,evidence
S01,aangehaald,Relevante passage voor paperclaim,officiële overzichts-/cataloguspagina; beperkte inhoudelijke dekking
S02,aangehaald,Relevante passage voor paperclaim,officiële webcontrole; alleen scope
S03,aangehaald,Relevante passage voor paperclaim,officiële webcontrole; alleen scope
S04,niet aangehaald; kandidaat behouden,Niet nodig voor afgebakende synthese of inhoudelijke dekking onvoldoende,Geen afgeronde inhoudelijke selectiebeoordeling
S05,niet aangehaald; kandidaat behouden,Niet nodig voor afgebakende synthese of inhoudelijke dekking onvoldoende,Geen afgeronde inhoudelijke selectiebeoordeling
S06,niet aangehaald; kandidaat behouden,Niet nodig voor afgebakende synthese of inhoudelijke dekking onvoldoende,Geen afgeronde inhoudelijke selectiebeoordeling
S07,aangehaald,Relevante passage voor paperclaim,officiële webcontrole; alleen scope
S08,aangehaald,Relevante passage voor paperclaim,officiële webcontrole; alleen scope
S09,aangehaald,Relevante passage voor paperclaim,officiële webcontrole; alleen scope
S10,aangehaald,Relevante passage voor paperclaim,officiële webcontrole; alleen scope
S11,aangehaald,Relevante passage voor paperclaim,officiële webcontrole; alleen scope
S12,aangehaald,Relevante passage voor paperclaim,officiële webcontrole; alleen scope
S13,aangehaald,Relevante passage voor paperclaim,geselecteerde passage; geen integrale bronvalidatie
S14,aangehaald,Relevante passage voor paperclaim,geselecteerde passage; geen integrale bronvalidatie
S15,aangehaald,Relevante passage voor paperclaim,geselecteerde passage; geen integrale bronvalidatie
S16,aangehaald,Relevante passage voor paperclaim,geselecteerde passage; geen integrale bronvalidatie
S17,aangehaald,Relevante passage voor paperclaim,officiële overzichts-/cataloguspagina; beperkte inhoudelijke dekking
S18,aangehaald,Relevante passage voor paperclaim,geselecteerde passage; geen integrale bronvalidatie
S19,aangehaald,Relevante passage voor paperclaim,geselecteerde passage; geen integrale bronvalidatie
S20,aangehaald,Relevante passage voor paperclaim,geselecteerde passage; geen integrale bronvalidatie
S21,aangehaald,Relevante passage voor paperclaim,geselecteerde passage; geen integrale bronvalidatie
S22,aangehaald,Relevante passage voor paperclaim,geselecteerde passage; geen integrale bronvalidatie
S23,aangehaald,Relevante passage voor paperclaim,geselecteerde passage; geen integrale bronvalidatie
S24,aangehaald,Relevante passage voor paperclaim,geselecteerde passage; geen integrale bronvalidatie
S25,aangehaald,Relevante passage voor paperclaim,geselecteerde passage; geen integrale bronvalidatie
S26,aangehaald,Relevante passage voor paperclaim,geselecteerde passage; geen integrale bronvalidatie
S27,aangehaald,Relevante passage voor paperclaim,officiële overzichts-/cataloguspagina; beperkte inhoudelijke dekking
S28,aangehaald,Relevante passage voor paperclaim,geselecteerde passage; geen integrale bronvalidatie
S29,aangehaald,Relevante passage voor paperclaim,geselecteerde passage; geen integrale bronvalidatie
S30,aangehaald,Relevante passage voor paperclaim,geselecteerde passage; geen integrale bronvalidatie
S31,aangehaald,Relevante passage voor paperclaim,geselecteerde passage; geen integrale bronvalidatie
S32,aangehaald,Relevante passage voor paperclaim,geselecteerde passage; geen integrale bronvalidatie
S33,aangehaald,Relevante passage voor paperclaim,geselecteerde passage; geen integrale bronvalidatie
S34,aangehaald,Relevante passage voor paperclaim,geselecteerde passage; geen integrale bronvalidatie
S35,aangehaald,Relevante passage voor paperclaim,geselecteerde passage; geen integrale bronvalidatie
S36,aangehaald,Relevante passage voor paperclaim,geselecteerde passage; geen integrale bronvalidatie
S37,aangehaald,Relevante passage voor paperclaim,geselecteerde passage; geen integrale bronvalidatie
S38,aangehaald,Relevante passage voor paperclaim,geselecteerde passage; geen integrale bronvalidatie
S39,aangehaald,Relevante passage voor paperclaim,geselecteerde passage; geen integrale bronvalidatie
S40,aangehaald,Relevante passage voor paperclaim,geselecteerde passage; geen integrale bronvalidatie
S41,aangehaald,Relevante passage voor paperclaim,geselecteerde passage; geen integrale bronvalidatie
S42,aangehaald,Relevante passage voor paperclaim,geselecteerde passage; geen integrale bronvalidatie
S43,aangehaald,Relevante passage voor paperclaim,geselecteerde passage; geen integrale bronvalidatie
S44,aangehaald,Relevante passage voor paperclaim,geselecteerde passage; geen integrale bronvalidatie
S45,aangehaald,Relevante passage voor paperclaim,geselecteerde passage; geen integrale bronvalidatie
S46,niet aangehaald; kandidaat behouden,Niet nodig voor afgebakende synthese of inhoudelijke dekking onvoldoende,Geen afgeronde inhoudelijke selectiebeoordeling
S47,aangehaald,Relevante passage voor paperclaim,geselecteerde passage; geen integrale bronvalidatie
S48,niet aangehaald; kandidaat behouden,Niet nodig voor afgebakende synthese of inhoudelijke dekking onvoldoende,Geen afgeronde inhoudelijke selectiebeoordeling
S49,aangehaald,Relevante passage voor paperclaim,geselecteerde passage; geen integrale bronvalidatie
S50,niet aangehaald; kandidaat behouden,Niet nodig voor afgebakende synthese of inhoudelijke dekking onvoldoende,Geen afgeronde inhoudelijke selectiebeoordeling
S51,aangehaald,Relevante passage voor paperclaim,geselecteerde passage; geen integrale bronvalidatie
L01,niet aangehaald; kandidaat behouden,Niet nodig voor afgebakende synthese of inhoudelijke dekking onvoldoende,Geen afgeronde inhoudelijke selectiebeoordeling
L02,niet aangehaald; kandidaat behouden,Niet nodig voor afgebakende synthese of inhoudelijke dekking onvoldoende,Geen afgeronde inhoudelijke selectiebeoordeling
L03,niet aangehaald; kandidaat behouden,Niet nodig voor afgebakende synthese of inhoudelijke dekking onvoldoende,Geen afgeronde inhoudelijke selectiebeoordeling
L04,niet aangehaald; kandidaat behouden,Niet nodig voor afgebakende synthese of inhoudelijke dekking onvoldoende,Geen afgeronde inhoudelijke selectiebeoordeling
L05,aangehaald,Relevante passage voor paperclaim,abstract; geen volledige artikelanalyse
L06,niet aangehaald; kandidaat behouden,Niet nodig voor afgebakende synthese of inhoudelijke dekking onvoldoende,Geen afgeronde inhoudelijke selectiebeoordeling
L07,aangehaald,Relevante passage voor paperclaim,abstract; geen volledige artikelanalyse
L08,aangehaald,Relevante passage voor paperclaim,geselecteerde passage; geen integrale bronvalidatie
L09,niet aangehaald; kandidaat behouden,Niet nodig voor afgebakende synthese of inhoudelijke dekking onvoldoende,Geen afgeronde inhoudelijke selectiebeoordeling
L10,aangehaald,Relevante passage voor paperclaim,geselecteerde passage; geen integrale bronvalidatie
L11,aangehaald,Relevante passage voor paperclaim,geselecteerde passage; geen integrale bronvalidatie
L12,aangehaald,Relevante passage voor paperclaim,geselecteerde passage; geen integrale bronvalidatie
L13,aangehaald,Relevante passage voor paperclaim,geselecteerde passage; geen integrale bronvalidatie
L14,aangehaald,Relevante passage voor paperclaim,geselecteerde passage; geen integrale bronvalidatie
L15,aangehaald,Relevante passage voor paperclaim,abstract; geen volledige artikelanalyse
L16,aangehaald,Relevante passage voor paperclaim,geselecteerde passage; geen integrale bronvalidatie
L17,niet aangehaald; kandidaat behouden,Niet nodig voor afgebakende synthese of inhoudelijke dekking onvoldoende,Geen afgeronde inhoudelijke selectiebeoordeling
L18,aangehaald,Relevante passage voor paperclaim,geselecteerde passage; geen integrale bronvalidatie
L19,aangehaald,Relevante passage voor paperclaim,geselecteerde passage; geen integrale bronvalidatie
B01,aangehaald,Relevante passage voor paperclaim,geselecteerde passage; geen integrale bronvalidatie
B02,niet aangehaald; kandidaat behouden,Niet nodig voor afgebakende synthese of inhoudelijke dekking onvoldoende,Geen afgeronde inhoudelijke selectiebeoordeling
B03,niet aangehaald; kandidaat behouden,Niet nodig voor afgebakende synthese of inhoudelijke dekking onvoldoende,Geen afgeronde inhoudelijke selectiebeoordeling
B04,niet aangehaald; kandidaat behouden,Niet nodig voor afgebakende synthese of inhoudelijke dekking onvoldoende,Geen afgeronde inhoudelijke selectiebeoordeling
B05,niet aangehaald; kandidaat behouden,Niet nodig voor afgebakende synthese of inhoudelijke dekking onvoldoende,Geen afgeronde inhoudelijke selectiebeoordeling
B06,niet aangehaald; kandidaat behouden,Niet nodig voor afgebakende synthese of inhoudelijke dekking onvoldoende,Geen afgeronde inhoudelijke selectiebeoordeling
B07,niet aangehaald; kandidaat behouden,Niet nodig voor afgebakende synthese of inhoudelijke dekking onvoldoende,Geen afgeronde inhoudelijke selectiebeoordeling
B08,niet aangehaald; kandidaat behouden,Niet nodig voor afgebakende synthese of inhoudelijke dekking onvoldoende,Geen afgeronde inhoudelijke selectiebeoordeling
P01,aangehaald,Relevante passage voor paperclaim,geselecteerde passage; geen integrale bronvalidatie
P02,aangehaald,Relevante passage voor paperclaim,geselecteerde passage; geen integrale bronvalidatie
L20,aangehaald,Relevante passage voor paperclaim,geselecteerde passage; geen integrale bronvalidatie
L21,aangehaald,Relevante passage voor paperclaim,geselecteerde passage; geen integrale bronvalidatie
L22,aangehaald,Relevante passage voor paperclaim,geselecteerde passage; geen integrale bronvalidatie
L23,aangehaald,Relevante passage voor paperclaim,geselecteerde passage; geen integrale bronvalidatie
L24,aangehaald,Relevante passage voor paperclaim,geselecteerde passage; geen integrale bronvalidatie
L25,niet aangehaald; kandidaat behouden,Niet nodig voor afgebakende synthese of inhoudelijke dekking onvoldoende,Geen afgeronde inhoudelijke selectiebeoordeling
L26,niet aangehaald; kandidaat behouden,Niet nodig voor afgebakende synthese of inhoudelijke dekking onvoldoende,Geen afgeronde inhoudelijke selectiebeoordeling
L27,aangehaald,Relevante passage voor paperclaim,geselecteerde passage; geen integrale bronvalidatie
L28,niet aangehaald; kandidaat behouden,Niet nodig voor afgebakende synthese of inhoudelijke dekking onvoldoende,Geen afgeronde inhoudelijke selectiebeoordeling
L29,aangehaald,Relevante passage voor paperclaim,geselecteerde passage; geen integrale bronvalidatie
L30,aangehaald,Relevante passage voor paperclaim,geselecteerde passage; geen integrale bronvalidatie
L31,aangehaald,Relevante passage voor paperclaim,geselecteerde passage; geen integrale bronvalidatie
M01,aangehaald,Relevante passage voor paperclaim,geselecteerde passage; geen integrale bronvalidatie
M02,aangehaald,Relevante passage voor paperclaim,geselecteerde passage; geen integrale bronvalidatie
S52,aangehaald,Relevante passage voor paperclaim,officiële webcontrole; alleen scope
B09,niet aangehaald; kandidaat behouden,Niet nodig voor afgebakende synthese of inhoudelijke dekking onvoldoende,Geen afgeronde inhoudelijke selectiebeoordeling
F01,aangehaald,Relevante passage voor paperclaim,geselecteerde passage; geen integrale bronvalidatie
F02,aangehaald,Relevante passage voor paperclaim,geselecteerde passage; geen integrale bronvalidatie
F03,aangehaald,Relevante passage voor paperclaim,geselecteerde passage; geen integrale bronvalidatie
