extract_id,source_id,bronlocatie,local_file,sha256,text_sha256,parafrase,bewijsstatus,beperking,geraadpleegd_op
EX-B01,B01,"research/corpus/text/B01-6f746e01b6.txt:regel 6; §1.1–1.3, §1.5 en §1.9 (hoofdstukfragment)",research/corpus/books/B01-6f746e01b6.pdf,d7f98ed0d3430eca1ade182ad0032150e4563bebee724835576d716f7c89ed66,099bc7037b792a694b7bac7d6817ea64da41e69ff9d542fdd778b2b0489cfce0,MDM behandelt uiteenlopende representaties en bedrijfsbetekenis; beheermiddelen dienen bedrijfsdoelen.,geselecteerde passage; geen integrale bronvalidatie,Gerichte passagecontrole; toepassingsscope begrenst conclusies; geen effectbewijs uit normatieve bron.,2026-09-09
EX-F01,F01,research/corpus/text/F01-paper-check-20260909.txt:regel 684; Lijsttabel; gecontroleerd 9 september 2026,research/corpus/standards/F01-paper-check-20260909.html,c2a69799034c8359f8e10b610c9e715e00a2f1b03aaa739dd7d78ed5b47ce32e,dc6c4fc65745cb30acef5f3dbd5bfe2358a77f7a6bba7128877b6dab923e991b,"NL-SBB 1.0, OpenAPI 3.0, REST-regels 2.2 en CloudEvents 1.1 staan op de pas-toe-of-leg-uit-lijst.",geselecteerde passage; geen integrale bronvalidatie,Gerichte passagecontrole; toepassingsscope begrenst conclusies; geen effectbewijs uit normatieve bron.,2026-09-09
EX-F02,F02,research/corpus/text/F02-paper-check-20260909.txt:regel 112; Status en versie,research/corpus/standards/F02-paper-check-20260909.html,172b9065fdd535ce2383333ac9420cc996a2b7366c7caac549f01845ee922a04,bb1820f223c017859d4b23cc068ff1d9144dc1a1fa3bee0783a1312c7c3ea8e0,MIM 1.2 staat als aanbevolen geregistreerd.,geselecteerde passage; geen integrale bronvalidatie,Gerichte passagecontrole; toepassingsscope begrenst conclusies; geen effectbewijs uit normatieve bron.,2026-09-09
EX-F03,F03,research/corpus/text/F03-paper-check-20260909.txt:regel 476; Lijsttabel en versiewijzigingen,research/corpus/standards/F03-paper-check-20260909.html,f19166cea841f32245a42ab258f0c3007ba6a3fc60c7fc712b1fc107bc0ffbed,0bc09ea66f4b33515ff97c8e7989a49a72f4b882ed41bdcba1cec81ead1e7848,"DCAT-AP-NL, MDTO en TOOI staan in behandeling; OpenAPI-versiewijziging naar 3.1 is in procedure.",geselecteerde passage; geen integrale bronvalidatie,Gerichte passagecontrole; toepassingsscope begrenst conclusies; geen effectbewijs uit normatieve bron.,2026-09-09
EX-L05,L05,research/corpus/text/L05-db1aa40d98.txt:regel 552; Uitgeversabstract,research/corpus/papers/L05-db1aa40d98.html,2254326405aedf5860ce433290d48157ecf422fc364b8fc39b8c554914a56ad4,78a249865177387f9bacaa45a0fae277007202aae19d7a402385380520ae5d5d,Functioneel referentiemodel voor masterdatakwaliteitsmanagement; inhoudelijke detaillering beperkt door abstracttoegang.,abstract; geen volledige artikelanalyse,Gerichte passagecontrole; toepassingsscope begrenst conclusies; geen effectbewijs uit normatieve bron.,2026-09-09
EX-L07,L07,research/corpus/text/L07-3a4864a17e.txt:regel 7; Auteursinstellingsabstract,research/corpus/papers/L07-3a4864a17e.html,25135d78b45f5b95fd477ec7de60d8a8cb52a8ef3fda6365db3a456ce4887be3,94c72e94f47043d8d94446397abffd0987c54dc08b4a830b4860b07e1847c474,Review ordent data governance als gezag en controle over gegevensbeheer.,abstract; geen volledige artikelanalyse,Gerichte passagecontrole; toepassingsscope begrenst conclusies; geen effectbewijs uit normatieve bron.,2026-09-09
EX-L08,L08,research/corpus/text/L08-994a4f9d9d.txt:regel 333; Theoretische hoofdstukken over identiteit en ontologische categorieën,research/corpus/papers/L08-994a4f9d9d.pdf,e630cc6cd6b314a080f3e213bd1f49f0ef773483b53e8682b2e59b45d3638408,e089a32c0534e5b179f16f081ebb104b75067dd3087a4a0d0649c4384281409c,Ontologische analyse maakt aannames van conceptuele modellen expliciet.,geselecteerde passage; geen integrale bronvalidatie,Gerichte passagecontrole; toepassingsscope begrenst conclusies; geen effectbewijs uit normatieve bron.,2026-09-09
EX-L10,L10,research/corpus/text/L10-af5b66b3f5.txt:regel 22; Taxonomische meta-eigenschappen,research/corpus/papers/L10-af5b66b3f5.pdf,00ebe14c630b267ed1e8179145cbda28f4ac11514cdd9caeb7e546e3521bfdd3,bf227eda3482daf9a4183b2ecdee22b068a37090ce226db1394c774c1682943f,OntoClean analyseert taxonomieën met onder meer identiteit en rigiditeit.,geselecteerde passage; geen integrale bronvalidatie,Gerichte passagecontrole; toepassingsscope begrenst conclusies; geen effectbewijs uit normatieve bron.,2026-09-09
EX-L11,L11,research/corpus/text/L11-04815b51c3.txt:regel 21; FAIR-principes en machine-actionability,research/corpus/papers/L11-04815b51c3.pdf,cdddd9f4808f7e3e1f013139c3915ef4d7cdccb008fa947ef5f72b4c7b6ffde7,2d79c92cc5dfb3fabb36c61eba8eb9bcfb50cbba1eecd43fdbe7eb1c3da7c597,"Vindbaarheid, toegankelijkheid, interoperabiliteit en hergebruik zijn onderscheiden principes.",geselecteerde passage; geen integrale bronvalidatie,Gerichte passagecontrole; toepassingsscope begrenst conclusies; geen effectbewijs uit normatieve bron.,2026-09-09
EX-L12,L12,"research/corpus/text/L12-296d8d70e7.txt:regel 8; Definities en vergelijking, tabel 1",research/corpus/papers/L12-296d8d70e7.pdf,cbaf51a1213c491cf66e6a54d79a2ebd26e5a6671d02fa6b75341bf2da51a053,f6b889c5869290084ee7a3a5bd384db56b3f7549ba2d777d938570a1db0b8eca,"Data products, mesh en fabric worden als gerelateerde maar verschillende benaderingen besproken.",geselecteerde passage; geen integrale bronvalidatie,Gerichte passagecontrole; toepassingsscope begrenst conclusies; geen effectbewijs uit normatieve bron.,2026-09-09
EX-L13,L13,"research/corpus/text/L13-5abd6a1f6a.txt:regel 76; Overzicht, schema, identiteit en context",research/corpus/papers/L13-5abd6a1f6a.pdf,54845ff68df19147095b32101a3228b15ccf8eaa5cfe2f631c245996341fa3c7,bb50a6a760b54226bdc1b4e6d2313881fc76bd11a16e0821741b1a27f8ed5b19,Knowledge graphs omvatten meerdere representatie- en redeneermogelijkheden.,geselecteerde passage; geen integrale bronvalidatie,Gerichte passagecontrole; toepassingsscope begrenst conclusies; geen effectbewijs uit normatieve bron.,2026-09-09
EX-L14,L14,research/corpus/text/L14-fa94e82c7b.txt:regel 101; Glossary: valid time en transaction time,research/corpus/papers/L14-fa94e82c7b.pdf,81894b6696dc9201659ab76fe8a31fd45ce1e50f247057f1233d55885620ea66,9df7164fafc0a2a645e9c4503fd5fc51f8d23ccf772621b0bb87028612ee210f,Geldigheid in de werkelijkheid verschilt van aanwezigheid als databasekennis.,geselecteerde passage; geen integrale bronvalidatie,Gerichte passagecontrole; toepassingsscope begrenst conclusies; geen effectbewijs uit normatieve bron.,2026-09-09
EX-L15,L15,research/corpus/text/L15-ecf4996ea9.txt:regel 28; Uitgeversabstract,research/corpus/papers/L15-ecf4996ea9.html,b0dda42dd5c83196bef44633ee1cda897546518dfd4a852d516a951548227b40,285ea34c4258ae960b2a5db5fa35b725056b83bba71198bcd1fa50c84f025132,Datakwaliteit wordt vanuit het perspectief van gegevensconsumenten onderzocht.,abstract; geen volledige artikelanalyse,Gerichte passagecontrole; toepassingsscope begrenst conclusies; geen effectbewijs uit normatieve bron.,2026-09-09
EX-L16,L16,research/corpus/text/L16-649aaeda18.txt:regel 1; Abstract en methode,research/corpus/papers/L16-649aaeda18.pdf,720f67eb41aa49995d5fcf3d24ac7efe431fbe08ce109b14b5a9fa4d4ebe2f8b,6fd20a0ba5e786eeebf2f32bfe4298be92b8e99bcc85bbc0b4dff1d555e970d3,Retrieval-augmented generation verbindt generatie met opgehaalde informatie; resultaten zijn taakgebonden.,geselecteerde passage; geen integrale bronvalidatie,Gerichte passagecontrole; toepassingsscope begrenst conclusies; geen effectbewijs uit normatieve bron.,2026-09-09
EX-L18,L18,research/corpus/text/L18-2be5982312.txt:regel 61; SMDM-architectuur en demonstratie,research/corpus/papers/L18-2be5982312.pdf,3ed95696d0ed8ae657f6efc6756412493efc106a09ce516748d534ddb7616fe3,20a5d8fe3fd4ccb3dae30d4ab6b6a02e9a2cd7979cc0a7082df90e99b4d8561c,"Virtuele RDF-toegang, ontologieën en mappings zijn bestaande semantische MDM-bouwstenen.",geselecteerde passage; geen integrale bronvalidatie,Gerichte passagecontrole; toepassingsscope begrenst conclusies; geen effectbewijs uit normatieve bron.,2026-09-09
EX-L19,L19,"research/corpus/text/L19-a9de6de4c9.txt:regel 7; §2, tabellen 1–3 en model-/meetbeschrijving",research/corpus/papers/L19-a9de6de4c9.pdf,b2b509f96c48a2545d64c49fee1ede75d189e9c093fd3c572ae27caba04e975a,a6661f8986ed8cb5a9a10a64323658f73c85d4f1387d7c470725a312c39da2a1,Kwaliteitsmodel voor masterdatarepositories koppelt dimensies en metingen aan internationale standaarden.,geselecteerde passage; geen integrale bronvalidatie,Gerichte passagecontrole; toepassingsscope begrenst conclusies; geen effectbewijs uit normatieve bron.,2026-09-09
EX-L20,L20,research/corpus/text/L20-ef53704b6c.txt:regel 396; Theoretisch kader p. 2–3; tabellen 1–2 p. 6–7,research/corpus/papers/L20-ef53704b6c.pdf,fb1f53b9c74acdf49695dde44c7695f078779cc9599e2f207cf8241c387c176a,544cb3dbaa7246494d41a4b77af518181048313da0620cbb9730b881fb5a08cc,Master Data as a Product en Business Semantics Management zijn expliciete vroegere MDM-ideeën.,geselecteerde passage; geen integrale bronvalidatie,Gerichte passagecontrole; toepassingsscope begrenst conclusies; geen effectbewijs uit normatieve bron.,2026-09-09
EX-L21,L21,research/corpus/text/L21-a43adcb079.txt:regel 1; Abstract en tutorialdoel,research/corpus/papers/L21-a43adcb079.pdf,5c341632d6de6b7d1575fe5b2eb41d2d42ec763451017de1ca45da267dcddeee,7251abf19b481f08898d5fc8d1a262f849656b152881b4b7d3b75967b154618a,Entity resolution koppelt verschillende beschrijvingen van dezelfde referent.,geselecteerde passage; geen integrale bronvalidatie,Gerichte passagecontrole; toepassingsscope begrenst conclusies; geen effectbewijs uit normatieve bron.,2026-09-09
EX-L22,L22,research/corpus/text/L22-265ff3c24d.txt:regel 15; Abstract en vergelijking van maatstaven,research/corpus/papers/L22-265ff3c24d.pdf,91d57b1af271b1fb672a5d884c80d43a4a892775b69a8d9b009373d5cb883430,e917b27ccb960fe8ce9d32e06b52306a41b3485100d305786116673d4fa96cdc,Evaluatiematen kunnen dezelfde ER-uitkomsten verschillend rangschikken.,geselecteerde passage; geen integrale bronvalidatie,Gerichte passagecontrole; toepassingsscope begrenst conclusies; geen effectbewijs uit normatieve bron.,2026-09-09
EX-L23,L23,research/corpus/text/L23-e486d09f75.txt:regel 13; Abstract en vier principes; auteursversie 2023,research/corpus/papers/L23-e486d09f75.pdf,5f356170072463052a93a6a397ee3c8b00a2f4e68d05fabb2f2c4a56f001e3c6,3df23edd44ead978f43ba164615e4bb2426fe57bf81450d767be4909c8d43cfd,Review van grijze literatuur synthetiseert Data Mesh-principes; praktijkclaims zijn geen onafhankelijk gemeten effecten.,geselecteerde passage; geen integrale bronvalidatie,Gerichte passagecontrole; toepassingsscope begrenst conclusies; geen effectbewijs uit normatieve bron.,2026-09-09
EX-L24,L24,research/corpus/text/L24-fc9d53d5bb.txt:regel 23; Abstract en vergelijkingskader,research/corpus/papers/L24-fc9d53d5bb.pdf,f034f861fe3bb8397cb982f6c3ab1df9cd836f59a6bfe3820907926b201cd4ed,58e7193ffe18209b97b85636a43e71563bc386b20fe261f3b2f377b63af2eab4,"Review vergelijkt platforms, spaces, meshes en fabrics; classificatie bepaalt geen lokale prestatiegarantie.",geselecteerde passage; geen integrale bronvalidatie,Gerichte passagecontrole; toepassingsscope begrenst conclusies; geen effectbewijs uit normatieve bron.,2026-09-09
EX-L27,L27,research/corpus/text/L27-ba0383324b.txt:regel 103; Abstract; selectiemethode; conclusie en limitations,research/corpus/papers/L27-ba0383324b.pdf,515fc32968b4668cacf034b04cf8657c7dcf2226457d274d64ef7fdc1329fc2f,f07d48d5e2f2d87ce19524c47f7883f3c5d6f69bebbb48aeecf55846fee26cd5,"Review verbindt MDM en governancevolwassenheid, maar plaatst empirische kadervalidatie in vervolgonderzoek.",geselecteerde passage; geen integrale bronvalidatie,Gerichte passagecontrole; toepassingsscope begrenst conclusies; geen effectbewijs uit normatieve bron.,2026-09-09
EX-L29,L29,"research/corpus/text/L29-1ff494de9c.txt:regel 20; Abstract en end-to-end overzicht; arXiv v3, 2020",research/corpus/papers/L29-1ff494de9c.pdf,0c945b3e60330bcdddcf43bd7cfc2e000c3d7263ee7862776f2b554450124b2c,8cd0aae0296178015242052a41992e4d91decaf45676aad46ecdf3127fd92822,Entity resolution kent meerdere samenhangende verwerkingsstappen.,geselecteerde passage; geen integrale bronvalidatie,Gerichte passagecontrole; toepassingsscope begrenst conclusies; geen effectbewijs uit normatieve bron.,2026-09-09
EX-L30,L30,"research/corpus/text/L30-024a111af7.txt:regel 1; Abstract; arXiv v4, 2020",research/corpus/papers/L30-024a111af7.pdf,6e26e7a95b315a799f8ddb2a466c48615a931297cf256701b7fd3a3c4a3c814c,95c3b0faa5edadc958c5cb6222e3a1b6a11ed83a9066686145a629cabab2c691,Blocking en filtering beperken vergelijkingen op verschillende manieren.,geselecteerde passage; geen integrale bronvalidatie,Gerichte passagecontrole; toepassingsscope begrenst conclusies; geen effectbewijs uit normatieve bron.,2026-09-09
EX-L31,L31,research/corpus/text/L31-decc8c232d.txt:regel 6; Abstract en demonstratie; depotversie 2024,research/corpus/papers/L31-decc8c232d.pdf,6e59f2409ce8ac05c1d14117cf418a3c6ccf6f4bf94ae0f56aa4d053020a923f,a67fd222afbe82b204dc31468b97374293ed0636e30ac003d515ce9268943ea2,xLP illustreert uitlegbaarheid van voorspelde relaties in MDM.,geselecteerde passage; geen integrale bronvalidatie,Gerichte passagecontrole; toepassingsscope begrenst conclusies; geen effectbewijs uit normatieve bron.,2026-09-09
EX-M01,M01,research/corpus/text/M01-501e205a9e.txt:regel 15; Checklist en toelichting,research/corpus/methods/M01-501e205a9e.pdf,9963b819863a92a1226b8bddc7b8d2d00b6dfe5749da4ae61aa53380f804da85,fddc1d9c89bb38b1d5e053d35db545e4d751cab5200eb522a98868da929ca05f,PRISMA-ScR ondersteunt transparante rapportage van scoping reviews.,geselecteerde passage; geen integrale bronvalidatie,Gerichte passagecontrole; toepassingsscope begrenst conclusies; geen effectbewijs uit normatieve bron.,2026-09-09
EX-M02,M02,research/corpus/text/M02-5062d21895.txt:regel 816; Abstract en rapportage-items,research/corpus/methods/M02-5062d21895.html,1cb9b126d78691c33bfc53e39a29519256324bbccc6245c0122c7790a57a337e,b6c462b781a4b2f98825ecb55bf7614a641b5792f30fa76ffa793a995539b6aa,PRISMA-S ondersteunt reproduceerbare rapportage van literatuurzoekacties.,geselecteerde passage; geen integrale bronvalidatie,Gerichte passagecontrole; toepassingsscope begrenst conclusies; geen effectbewijs uit normatieve bron.,2026-09-09
EX-P01,P01,"research/corpus/text/P01-28c1969531.txt:regel 404; Gedrukte pp. 42–46, 226–227 en 417",research/corpus/professional/P01-28c1969531.pdf,17bb92804316fba14ff5154b64aebad5b6a4a7816b6a9d703d7ad9c7bb3f6748,69fb7b812c97104f682af09c7a90a561aad35c208e83f82167a7bbc647fb9c8a,"Patroonlabels onderscheiden verwijzingen, primair beheer en synchronisatie; historie en survivorship zijn afzonderlijke functies.",geselecteerde passage; geen integrale bronvalidatie,Gerichte passagecontrole; toepassingsscope begrenst conclusies; geen effectbewijs uit normatieve bron.,2026-09-09
EX-P02,P02,"research/corpus/text/P02-1d27e6dcf1.txt:regel 8; Scope, inhoudsopgave en integratiebespreking",research/corpus/professional/P02-1d27e6dcf1.pdf,3eb1280fbea36c3850364d5202b4b42ddc186ac88449bd975ab790a675b0c984,cb88d61bc5888ec4ff46f2ba385b656b47b080c18f967a6924835ce91e728dc1,Leveranciersbeschrijving van MDM-integratie met SaaS; geen onafhankelijke effectvergelijking.,geselecteerde passage; geen integrale bronvalidatie,Gerichte passagecontrole; toepassingsscope begrenst conclusies; geen effectbewijs uit normatieve bron.,2026-09-09
EX-S01,S01,research/corpus/text/S01-92c4ee1259.txt:regel 1; Scope/introductie; zie bron en standaardenmatrix,research/corpus/standards/S01-92c4ee1259.html,b308dd4d4131c0369c82e328dc1e08f946e16fdbc0d2a3324640fd3f06070838,a18fe0ec9845adb40b782e406855e71db62460b1c81a43435a38ad101fc84233,Datamanagement als discipline,officiële overzichts-/cataloguspagina; beperkte inhoudelijke dekking,Gerichte passagecontrole; toepassingsscope begrenst conclusies; geen effectbewijs uit normatieve bron.,2026-09-09
EX-S02,S02,https://www.iso.org/standard/62392.html; officieel abstract/overzicht; geen volledige norm,research/evidence/iso-official-catalog-check.json,722bae2466b02173f6a740f4c68b65459f72582b620f74ffe6b85e786f6cfa7e,722bae2466b02173f6a740f4c68b65459f72582b620f74ffe6b85e786f6cfa7e,Overzicht uitwisseling characteristic master data,officiële webcontrole; alleen scope,Gerichte passagecontrole; toepassingsscope begrenst conclusies; geen effectbewijs uit normatieve bron.,2026-09-09
EX-S03,S03,https://www.iso.org/standard/78501.html; officieel abstract/overzicht; geen volledige norm,research/evidence/iso-official-catalog-check.json,722bae2466b02173f6a740f4c68b65459f72582b620f74ffe6b85e786f6cfa7e,722bae2466b02173f6a740f4c68b65459f72582b620f74ffe6b85e786f6cfa7e,Berichten met characteristic master data tussen systemen/organisaties,officiële webcontrole; alleen scope,Gerichte passagecontrole; toepassingsscope begrenst conclusies; geen effectbewijs uit normatieve bron.,2026-09-09
EX-S07,S07,https://www.iso.org/standard/78915.html; officieel abstract/overzicht; geen volledige norm,research/evidence/iso-official-catalog-check.json,722bae2466b02173f6a740f4c68b65459f72582b620f74ffe6b85e786f6cfa7e,722bae2466b02173f6a740f4c68b65459f72582b620f74ffe6b85e786f6cfa7e,Gemeenschappelijke voorzieningen metadataregister,officiële webcontrole; alleen scope,Gerichte passagecontrole; toepassingsscope begrenst conclusies; geen effectbewijs uit normatieve bron.,2026-09-09
EX-S08,S08,https://www.iso.org/standard/78925.html; officieel abstract/overzicht; geen volledige norm,research/evidence/iso-official-catalog-check.json,722bae2466b02173f6a740f4c68b65459f72582b620f74ffe6b85e786f6cfa7e,722bae2466b02173f6a740f4c68b65459f72582b620f74ffe6b85e786f6cfa7e,Registratie dataspecificaties,officiële webcontrole; alleen scope,Gerichte passagecontrole; toepassingsscope begrenst conclusies; geen effectbewijs uit normatieve bron.,2026-09-09
EX-S09,S09,https://www.iso.org/standard/81725.html; officieel abstract/overzicht; geen volledige norm,research/evidence/iso-official-catalog-check.json,722bae2466b02173f6a740f4c68b65459f72582b620f74ffe6b85e786f6cfa7e,722bae2466b02173f6a740f4c68b65459f72582b620f74ffe6b85e786f6cfa7e,Registratie datasets,officiële webcontrole; alleen scope,Gerichte passagecontrole; toepassingsscope begrenst conclusies; geen effectbewijs uit normatieve bron.,2026-09-09
EX-S10,S10,https://www.iso.org/standard/78916.html; officieel abstract/overzicht; geen volledige norm,research/evidence/iso-official-catalog-check.json,722bae2466b02173f6a740f4c68b65459f72582b620f74ffe6b85e786f6cfa7e,722bae2466b02173f6a740f4c68b65459f72582b620f74ffe6b85e786f6cfa7e,Registratie metadata,officiële webcontrole; alleen scope,Gerichte passagecontrole; toepassingsscope begrenst conclusies; geen effectbewijs uit normatieve bron.,2026-09-09
EX-S11,S11,https://www.iso.org/standard/79077.html; officieel abstract/overzicht; geen volledige norm,research/evidence/iso-official-catalog-check.json,722bae2466b02173f6a740f4c68b65459f72582b620f74ffe6b85e786f6cfa7e,722bae2466b02173f6a740f4c68b65459f72582b620f74ffe6b85e786f6cfa7e,Terminologiewerk incl. juridische en bestuurlijke domeinen,officiële webcontrole; alleen scope,Gerichte passagecontrole; toepassingsscope begrenst conclusies; geen effectbewijs uit normatieve bron.,2026-09-09
EX-S12,S12,https://www.iso.org/standard/35736.html; officieel abstract/overzicht; geen volledige norm,research/evidence/iso-official-catalog-check.json,722bae2466b02173f6a740f4c68b65459f72582b620f74ffe6b85e786f6cfa7e,722bae2466b02173f6a740f4c68b65459f72582b620f74ffe6b85e786f6cfa7e,Kwaliteit gestructureerde data,officiële webcontrole; alleen scope,Gerichte passagecontrole; toepassingsscope begrenst conclusies; geen effectbewijs uit normatieve bron.,2026-09-09
EX-S13,S13,research/corpus/text/S13-44a53e9f27.txt:regel 109; §1.6 en beschouwingsniveaus,research/corpus/standards/S13-44a53e9f27.html,11e4a17a23decbdebe03c7ed7ece1faf669d3e0ba1761b1ed699547224bf8a1e,d9c2953e43abbc83ec84a60735f1e3ac192ade9e73fa4936868d7efc00983e3e,MIM onderscheidt modelniveaus en modelconstructies.,geselecteerde passage; geen integrale bronvalidatie,Gerichte passagecontrole; toepassingsscope begrenst conclusies; geen effectbewijs uit normatieve bron.,2026-09-09
EX-S14,S14,research/corpus/text/S14-3bf703b1c8.txt:regel 161; §5.4 relatie informatiemodellen; §5.5 beheer,research/corpus/standards/S14-3bf703b1c8.html,8c52ed1c898f8767ce014900a8545ad531c7c5ac048b3f3db9b871acaf6d825d,e6e025fc51158e3b0f7ce32c897c64e01295880fc9a96b09641cf643428fd7fd,NL-SBB specificeert begripsbeschrijving en koppelingen met modellen en beheer.,geselecteerde passage; geen integrale bronvalidatie,Gerichte passagecontrole; toepassingsscope begrenst conclusies; geen effectbewijs uit normatieve bron.,2026-09-09
EX-S15,S15,research/corpus/text/S15-7a2d372a2b.txt:regel 1; Scope/introductie; zie bron en standaardenmatrix,research/corpus/standards/S15-7a2d372a2b.html,8bc1ac4d66048f72fb126beb3122989aa0ac7c335a491b2ca2dc949f5d1a3394,b04345c49cfe0ac9783c2349a0c123a98f6d39cb8690e1329443518858376a6e,Overheidsinformatie en overheidsorganisaties,geselecteerde passage; geen integrale bronvalidatie,Gerichte passagecontrole; toepassingsscope begrenst conclusies; geen effectbewijs uit normatieve bron.,2026-09-09
EX-S16,S16,research/corpus/text/S16-32b4d4f545.txt:regel 1; Scope/introductie; zie bron en standaardenmatrix,research/corpus/standards/S16-32b4d4f545.html,b7a216fe034fdd779cf3bd1987f43bcdb6799efbd0f9bc37f09df8ad921461de,f58f864d0a7b5f77d38a5e5ba36e26178041bdaa515bedc4089d122c27d56ec0,Uitwisseling catalogusmetadata Nederland,geselecteerde passage; geen integrale bronvalidatie,Gerichte passagecontrole; toepassingsscope begrenst conclusies; geen effectbewijs uit normatieve bron.,2026-09-09
EX-S17,S17,research/corpus/text/S17-b4076485a1.txt:regel 1; Scope/introductie; zie bron en standaardenmatrix,research/corpus/standards/S17-b4076485a1.html,5c2a507af3ba2724ee0b891d433c6d6745f87c1d79de9b3aedeeff19ea85dca7,b4d3c428d1cf653960e548366d87acf5600c7e9f4aa3f9d7c1c04e976a501047,Locatiegebonden informatie,officiële overzichts-/cataloguspagina; beperkte inhoudelijke dekking,Gerichte passagecontrole; toepassingsscope begrenst conclusies; geen effectbewijs uit normatieve bron.,2026-09-09
EX-S18,S18,research/corpus/text/S18-3e8325d6c3.txt:regel 90; Scope/introductie; zie bron en standaardenmatrix,research/corpus/standards/S18-3e8325d6c3.html,c62a46896a86bc98e659366f7721643b58a27e322ec473fb4695a5c66144cd5b,d9f14487334984a756ade242e8f21dd63ed853320e2409f420cdb6261dda3bdd,Overheids-REST-API-ontwerp,geselecteerde passage; geen integrale bronvalidatie,Gerichte passagecontrole; toepassingsscope begrenst conclusies; geen effectbewijs uit normatieve bron.,2026-09-09
EX-S19,S19,research/corpus/text/S19-cd0b345bb7.txt:regel 1; Scope/introductie; zie bron en standaardenmatrix,research/corpus/standards/S19-cd0b345bb7.html,15fbd8e4e9ab6490d439f3e357afa8b0d43bfdabdbda12ae122034ef07fc3eff,799e66cfa77937fbabe2ba070b2bda3c43e9163bc43801d7c891663712dea9ce,HTTP API-beschrijving,geselecteerde passage; geen integrale bronvalidatie,Gerichte passagecontrole; toepassingsscope begrenst conclusies; geen effectbewijs uit normatieve bron.,2026-09-09
EX-S20,S20,research/corpus/text/S20-4ba4744b73.txt:regel 1; Scope/introductie; zie bron en standaardenmatrix,research/corpus/standards/S20-4ba4744b73.html,47cf463f7090efe47f049ee73f9735364c3d32b005c352239b31731dc4db9dd3,3aa27fe55366dd733caf94d9a60bfa07c0e1d68d540339d5ccd37c5388e3b36d,Gegevensuitwisseling tussen organisaties,geselecteerde passage; geen integrale bronvalidatie,Gerichte passagecontrole; toepassingsscope begrenst conclusies; geen effectbewijs uit normatieve bron.,2026-09-09
EX-S21,S21,research/corpus/text/S21-dfc3a246f5.txt:regel 83; Scope/introductie; zie bron en standaardenmatrix,research/corpus/standards/S21-dfc3a246f5.html,68ce1f8fe311cac47b555bf796910027464f08739d8c8653291be91c3b3c23ed,d9d6e164802cc92b298cdbc4b51dd72a30d6cc7406d4c7e18525df178086ecd5,Federatieve API-connectiviteit,geselecteerde passage; geen integrale bronvalidatie,Gerichte passagecontrole; toepassingsscope begrenst conclusies; geen effectbewijs uit normatieve bron.,2026-09-09
EX-S22,S22,research/corpus/text/S22-32a4f808ee.txt:regel 78; Scope/introductie; zie bron en standaardenmatrix,research/corpus/standards/S22-32a4f808ee.html,6e60c5455656f0bcfc39737c27e30da53ee712cae314c6063137dbb0a09141dd,fb5b5dd6d642089e9c78acaaf0f91d3e5246028f46ff318e26513835c7fb4787,Notificatie-uitwisseling,geselecteerde passage; geen integrale bronvalidatie,Gerichte passagecontrole; toepassingsscope begrenst conclusies; geen effectbewijs uit normatieve bron.,2026-09-09
EX-S23,S23,research/corpus/text/S23-d518ecbcde.txt:regel 1; Scope/introductie; zie bron en standaardenmatrix,research/corpus/standards/S23-d518ecbcde.html,bd092c45b478e3ca8908354d2e5c17afc7bdba0966b98b65dd536d6da2e9b6f3,4576b1d68c9ad143f5925ee1b29df469c34f2f6e72fb5aa3ffc4711c5fe05731,Beheer en ontwikkeling open standaarden/stelsels,geselecteerde passage; geen integrale bronvalidatie,Gerichte passagecontrole; toepassingsscope begrenst conclusies; geen effectbewijs uit normatieve bron.,2026-09-09
EX-S24,S24,research/corpus/text/S24-3678717fb9.txt:regel 1; Scope/introductie; zie bron en standaardenmatrix,research/corpus/standards/S24-3678717fb9.html,9e2e3847a6aa5cf281936805ab5bfdad71b0aef3ee0fe6aa1a70d662425b9992,8a1f581fd6d4dbbc11a31d8180cd7e5262c279fe5464ba5c7b723e24000c073a,Duurzame toegankelijkheid overheidsinformatie,geselecteerde passage; geen integrale bronvalidatie,Gerichte passagecontrole; toepassingsscope begrenst conclusies; geen effectbewijs uit normatieve bron.,2026-09-09
EX-S25,S25,research/corpus/text/S25-3a006d0362.txt:regel 1; Scope/introductie; zie bron en standaardenmatrix,research/corpus/standards/S25-3a006d0362.html,754da6e1ec1ef1d6e7f4072afe7548a914e61eeef96760b047a5b0c919743fce,0118cde967cbf5fb5272de6d75ea1978c1ff9abe1d50da8bbc82220d366f8c6c,Inrichting authentieke registraties,geselecteerde passage; geen integrale bronvalidatie,Gerichte passagecontrole; toepassingsscope begrenst conclusies; geen effectbewijs uit normatieve bron.,2026-09-09
EX-S26,S26,research/corpus/text/S26-970830fa59.txt:regel 1; Scope/introductie; zie bron en standaardenmatrix,research/corpus/standards/S26-970830fa59.pdf,73f7e4a959898b443acb6af1e4c7d05e3e8d2c51f3c9dcfa4019fdf6e386ca1b,e9edbde60ed3af8f5dab1edd569378b88003cb9988ba0474418cafc0b494d5a7,Kwaliteitszorg basisregistraties,geselecteerde passage; geen integrale bronvalidatie,Gerichte passagecontrole; toepassingsscope begrenst conclusies; geen effectbewijs uit normatieve bron.,2026-09-09
EX-S27,S27,research/corpus/text/S27-63d6fcc8a2.txt:regel 1; Scope/introductie; zie bron en standaardenmatrix,research/corpus/standards/S27-63d6fcc8a2.html,e13c99af499a4cde1eba2f9646200ab4dca0fe985240aaf3ec8324635642ed4e,5fb1f3238c891fe6711901534c66d30b42f884caebb0f9d15542cc7851075b49,Toelating van data-aanbod,officiële overzichts-/cataloguspagina; beperkte inhoudelijke dekking,Gerichte passagecontrole; toepassingsscope begrenst conclusies; geen effectbewijs uit normatieve bron.,2026-09-09
EX-S28,S28,research/corpus/text/S28-d556ef4175.txt:regel 4; Scope/introductie; zie bron en standaardenmatrix,research/corpus/standards/S28-d556ef4175.html,3838c992097f72ee8784b6c96194d9879f86f2e08f53ced5a05aa4031750c5ac,d3b9cd9d4dfeef49691ef0acd0f440ea7570e315a44d9c1df6e380922c913cc0,Representatie van resources,geselecteerde passage; geen integrale bronvalidatie,Gerichte passagecontrole; toepassingsscope begrenst conclusies; geen effectbewijs uit normatieve bron.,2026-09-09
EX-S29,S29,research/corpus/text/S29-18b4f56c13.txt:regel 123; Scope/introductie; zie bron en standaardenmatrix,research/corpus/standards/S29-18b4f56c13.html,9d4e0a945d43bebae090aec3776ae0ef83273498c0afa1bb3148df6ab3c24413,f0119943db4608c31ce970f393874f7f912b610117ecaf4450d3af633ea50393,Basisschema’s RDF,geselecteerde passage; geen integrale bronvalidatie,Gerichte passagecontrole; toepassingsscope begrenst conclusies; geen effectbewijs uit normatieve bron.,2026-09-09
EX-S30,S30,research/corpus/text/S30-41eda32348.txt:regel 37; Scope/introductie; zie bron en standaardenmatrix,research/corpus/standards/S30-41eda32348.html,d5d22b811eb348c845c5aa5aaa5c05448e61b63e3a8ee24b129075916d6115a5,671a8b222de477b993aed1233e29432ac6eb1ed3c1a03c189fe3e00d215e6815,Formele ontologieën,geselecteerde passage; geen integrale bronvalidatie,Gerichte passagecontrole; toepassingsscope begrenst conclusies; geen effectbewijs uit normatieve bron.,2026-09-09
EX-S31,S31,"research/corpus/text/S31-0418c1562d.txt:regel 316; Concepten, labels en §3.5.1",research/corpus/standards/S31-0418c1562d.html,3aa00cd16ee4d86d3a19b75501bb317d0b0c134e1f4029e9f3098c4dd3669e4c,8ab5718d11d0bc03de865adfb332df01876090415d022aa08866b610e5c7714d,SKOS maakt label en concept onderscheidbaar; concept en OWL-klasse zijn niet algemeen disjunct.,geselecteerde passage; geen integrale bronvalidatie,Gerichte passagecontrole; toepassingsscope begrenst conclusies; geen effectbewijs uit normatieve bron.,2026-09-09
EX-S32,S32,research/corpus/text/S32-8c25f54d7f.txt:regel 86; Scope/introductie; zie bron en standaardenmatrix,research/corpus/standards/S32-8c25f54d7f.html,ccca77caed771f42ea649c03d190b9c7ea0b82286c22c457b9edc8087c9ad0f8,b0b70eb9c90939c15709321e35488069f2de510436450f167eb40bb82b668b65,Validatie RDF-grafen,geselecteerde passage; geen integrale bronvalidatie,Gerichte passagecontrole; toepassingsscope begrenst conclusies; geen effectbewijs uit normatieve bron.,2026-09-09
EX-S33,S33,research/corpus/text/S33-6e48bcc4a0.txt:regel 102; PROV-O overview en kernconstructies,research/corpus/standards/S33-6e48bcc4a0.html,6b96671ab84faf12ce3f041aca12c3f93a6df2ed242348810743179a68e69555,56145199d153b32ac251c3fb172fa95266f3b5484e552e946d3a12d0b9106ccf,"Entiteiten, activiteiten, agents en afleidingsrelaties representeren provenance.",geselecteerde passage; geen integrale bronvalidatie,Gerichte passagecontrole; toepassingsscope begrenst conclusies; geen effectbewijs uit normatieve bron.,2026-09-09
EX-S34,S34,research/corpus/text/S34-73ead97736.txt:regel 126; Quality measurement en herkomstvoorbeelden,research/corpus/standards/S34-73ead97736.html,271d3e820c681127131595d2c8bf8345e925149192f6cab821f101f09d372a63,4dc7e83f09ec504074b3d187ddd5b54b9efcd4bc626f77a39d153466f52cf95a,"DQV beschrijft kwaliteitsmetadata en metingen, niet zelfstandig feitelijke juistheid.",geselecteerde passage; geen integrale bronvalidatie,Gerichte passagecontrole; toepassingsscope begrenst conclusies; geen effectbewijs uit normatieve bron.,2026-09-09
EX-S35,S35,research/corpus/text/S35-caedf4b2d8.txt:regel 91; Scope/introductie; zie bron en standaardenmatrix,research/corpus/standards/S35-caedf4b2d8.html,9e2c9972d0f60bc744e975731643a9a63d410afc6b682eb8898ad2720e452866,d5319878374b1c414888511f5d7372cfd9f76400617f4e7f6df7841140122cac,Linked Data in JSON,geselecteerde passage; geen integrale bronvalidatie,Gerichte passagecontrole; toepassingsscope begrenst conclusies; geen effectbewijs uit normatieve bron.,2026-09-09
EX-S36,S36,research/corpus/text/S36-ff8e514eef.txt:regel 17; Scope/introductie; zie bron en standaardenmatrix,research/corpus/standards/S36-ff8e514eef.html,f47e4fbfe9c72f3f5f6e8572649f6770e2f1e912aaa9d5a384492cdbe9865fd6,135a429aa29c6161993e77e71fb0500d3f3da15ce5499471cd24bd60a702e8a7,RDF bevragen en verwerken,geselecteerde passage; geen integrale bronvalidatie,Gerichte passagecontrole; toepassingsscope begrenst conclusies; geen effectbewijs uit normatieve bron.,2026-09-09
EX-S37,S37,research/corpus/text/S37-4c57d07938.txt:regel 89; Scope/introductie; zie bron en standaardenmatrix,research/corpus/standards/S37-4c57d07938.html,07341fe8a46f50c7f559516d28bf8a7b0840c354331b88ce8f6d5f8793903263,58a342c52fcf6c4d214d0f2f0eae8109b75349ba78da38c867c0409a8bb1516e,Tijdstippen en intervallen,geselecteerde passage; geen integrale bronvalidatie,Gerichte passagecontrole; toepassingsscope begrenst conclusies; geen effectbewijs uit normatieve bron.,2026-09-09
EX-S38,S38,research/corpus/text/S38-7619e01ad5.txt:regel 49; Scope/introductie; zie bron en standaardenmatrix,research/corpus/standards/S38-7619e01ad5.html,374566719159fd8c5c902506e28c005e3af3cbc0b4d67cfd351a8133ac8cfcc4,fa7e6e9d355b6d98fb2d90b41a8e3a694c8914e0e3154f324455405f5a24c5ae,Identifier-syntax,geselecteerde passage; geen integrale bronvalidatie,Gerichte passagecontrole; toepassingsscope begrenst conclusies; geen effectbewijs uit normatieve bron.,2026-09-09
EX-S39,S39,research/corpus/text/S39-ec90a46f05.txt:regel 33; Scope/introductie; zie bron en standaardenmatrix,research/corpus/standards/S39-ec90a46f05.html,71c25a8c9ab567a238eab66f7023bf5d70efba50ce8f60515f97ad2e363a2c7a,69a6a46e7e55d4a5bc5beb18870dfe1007488545bdbc744506278202ee585899,Identificatie en dereferentie,geselecteerde passage; geen integrale bronvalidatie,Gerichte passagecontrole; toepassingsscope begrenst conclusies; geen effectbewijs uit normatieve bron.,2026-09-09
EX-S40,S40,research/corpus/text/S40-67f754b0ba.txt:regel 1; Scope/introductie; zie bron en standaardenmatrix,research/corpus/standards/S40-67f754b0ba.html,d55097e43e8a2bd6c9824aa5563e5d449759817f85bed114e682b383f2270ccc,4159c8247241e9ba0c9b06d9bf767b137d700351323b2cf2f67711689ebc4e05,Ontologische analyse,geselecteerde passage; geen integrale bronvalidatie,Gerichte passagecontrole; toepassingsscope begrenst conclusies; geen effectbewijs uit normatieve bron.,2026-09-09
EX-S41,S41,research/corpus/text/S41-67f754b0ba.txt:regel 1; Scope/introductie; zie bron en standaardenmatrix,research/corpus/standards/S41-67f754b0ba.html,d55097e43e8a2bd6c9824aa5563e5d449759817f85bed114e682b383f2270ccc,4159c8247241e9ba0c9b06d9bf767b137d700351323b2cf2f67711689ebc4e05,Ontology-driven conceptual modelling,geselecteerde passage; geen integrale bronvalidatie,Gerichte passagecontrole; toepassingsscope begrenst conclusies; geen effectbewijs uit normatieve bron.,2026-09-09
EX-S42,S42,research/corpus/text/S42-paper-check-20260909.txt:regel 6064; Artikel 1–2,research/corpus/standards/S42-paper-check-20260909.html,d5d7ddb978f543ace4c91698076cd114b9608e40c6b8a09398788c9ed73131d3,f98a3cf3c0db9918554f7af1e61e5320c8b4f63e47e0952ff7217798a7f44cb6,De verordening adresseert grensoverschrijdende interoperabiliteit van trans-Europese digitale publieke diensten.,geselecteerde passage; geen integrale bronvalidatie,Gerichte passagecontrole; toepassingsscope begrenst conclusies; geen effectbewijs uit normatieve bron.,2026-09-09
EX-S43,S43,"research/corpus/text/S43-paper-check-20260909.txt:regel 990; §3, in het bijzonder §3.5",research/corpus/standards/S43-paper-check-20260909.pdf,64e99921919e1e754f8a4bde0f2c15b1d7b86897803500945434eba20a07ac68,507165e6a419cb8388d5e0ecfdab87d478dc67910275c62e967b403d8a5f80c5,"EIF onderscheidt juridische, organisatorische, semantische en technische interoperabiliteit.",geselecteerde passage; geen integrale bronvalidatie,Gerichte passagecontrole; toepassingsscope begrenst conclusies; geen effectbewijs uit normatieve bron.,2026-09-09
EX-S44,S44,research/corpus/text/S44-362c73cc52.txt:regel 25; Scope/introductie; zie bron en standaardenmatrix,research/corpus/standards/S44-362c73cc52.html,0648067ae255032bd33cfc4189b618b4d5cb0191c06c727c232746d7ee9e888f,a0c25c2edf8a9deb6f7db99900fb85312b99bf7918cda734544a87a310d93454,Person; Business; Location; Public Organisation als kandidaten,geselecteerde passage; geen integrale bronvalidatie,Gerichte passagecontrole; toepassingsscope begrenst conclusies; geen effectbewijs uit normatieve bron.,2026-09-09
EX-S45,S45,research/corpus/text/S45-2523d2630c.txt:regel 25; Scope/introductie; zie bron en standaardenmatrix,research/corpus/standards/S45-2523d2630c.html,f5cbe0a03f3686b12f9e7f7fc0b5948921e7634459a7d83f6b4cb11c07d66a00,a60c0e21192d1454276b82090e2b2d9f895d747cc2cac7f2f483d83ce2db4add,Europese catalogusuitwisseling,geselecteerde passage; geen integrale bronvalidatie,Gerichte passagecontrole; toepassingsscope begrenst conclusies; geen effectbewijs uit normatieve bron.,2026-09-09
EX-S47,S47,research/corpus/text/S47-6731cfa24b.txt:regel 124; Scope/introductie; zie bron en standaardenmatrix,research/corpus/standards/S47-6731cfa24b.html,068b43f7814525ea784b7d565ada8de2b4538f5377517c4f0ec9b162a34dedfb,e4b0a4d9b1bbf9d7394018b10435261cfbcd465627731def8d3b5e931eb1f6a7,Catalogisering data en diensten,geselecteerde passage; geen integrale bronvalidatie,Gerichte passagecontrole; toepassingsscope begrenst conclusies; geen effectbewijs uit normatieve bron.,2026-09-09
EX-S49,S49,research/corpus/text/S49-94bc4edfbf.txt:regel 1; Scope/introductie; zie bron en standaardenmatrix,research/corpus/standards/S49-94bc4edfbf.html,7a179b3cf23c0a308bcb48018cd198bf1e269cfd1f6211e96850f3f4e9f417c7,788529f809904e1aa685ea72869a5a6e7cb62b547f85da7e3cd072239307c1a5,BAG als afgebakende casus,geselecteerde passage; geen integrale bronvalidatie,Gerichte passagecontrole; toepassingsscope begrenst conclusies; geen effectbewijs uit normatieve bron.,2026-09-09
EX-S51,S51,research/corpus/text/S51-091ce61e98.txt:regel 141; Scope/introductie; zie bron en standaardenmatrix,research/corpus/standards/S51-091ce61e98.pdf,ed6281cae6ca5508995fb4a3b7b21ba07f45714b984726c8fae98cd4403c28fe,9f4316b5b5805ec756ae673218e6e1ff8e19c824ee0b8d4d0740a85c761d0917,Beschrijven van dataproducten en hun datasets/diensten,geselecteerde passage; geen integrale bronvalidatie,Gerichte passagecontrole; toepassingsscope begrenst conclusies; geen effectbewijs uit normatieve bron.,2026-09-09
EX-S52,S52,https://www.iso.org/iso-8601-date-and-time-format.html; officieel abstract/overzicht; geen volledige norm,research/evidence/official-catalog-notes.md,bd10dda929cceb5f2fc404b61d24b77cdd5a87a9bf048eb748fdeb2faeb3854b,bd10dda929cceb5f2fc404b61d24b77cdd5a87a9bf048eb748fdeb2faeb3854b,Notatie van datum en tijd,officiële webcontrole; alleen scope,Gerichte passagecontrole; toepassingsscope begrenst conclusies; geen effectbewijs uit normatieve bron.,2026-09-09
