id,titel,auteur,jaar,type,publisher,doi_url,peer_reviewed,primair_secundair,onderzoeksdoel,methode,relevante_definities,belangrijkste_bevindingen,beperkingen,relevantie_mdm,themas,citatie,selectiestatus,metadata_bron,local_files,acquisition_status,download_count
S01,DAMA-DMBOK,DAMA International,,Body of knowledge / best practices,DAMA International,https://dama.org/dama-dmbok-revision/,niet vastgesteld; officiële/professionele bron,primair voor eigen inhoud; reviewliteratuur synthetiseert andere werken,Datamanagement als discipline,norm-/specificatie-/kaderanalyse nog uit te voeren,Datamanagement als discipline,Datamanagement als discipline,Officiële editie-informatie; boek niet geraadpleegd,Positioneert MDM,Organisatie en processen,"DAMA International. DAMA-DMBOK. DMBOK2 Revised Edition, 2024. https://dama.org/dama-dmbok-revision/",aangehaald in overzichtspaper; geselecteerde passages,standards-matrix.csv,research/corpus/standards/S01-92c4ee1259.html;research/corpus/standards/S01-d1e3a35a96.html;research/corpus/standards/S01-0d621a234a.html;research/corpus/standards/S01-441b472533.pdf,officiële overzichts-/cataloguspagina; beperkte inhoudelijke dekking,4
S02,ISO 8000-100,ISO/TC 184/SC 4,,Internationale norm,ISO/TC 184/SC 4,https://www.iso.org/standard/62392.html,niet vastgesteld; officiële/professionele bron,primair voor eigen inhoud; reviewliteratuur synthetiseert andere werken,Overzicht uitwisseling characteristic master data,norm-/specificatie-/kaderanalyse nog uit te voeren,Overzicht uitwisseling characteristic master data,Overzicht uitwisseling characteristic master data,ISO-catalogus en openbaar abstract; volledige norm niet geraadpleegd,Direct,Uitwisseling,ISO/TC 184/SC 4. ISO 8000-100. 2016. https://www.iso.org/standard/62392.html,aangehaald in overzichtspaper; geselecteerde passages,standards-matrix.csv,,officiële webcontrole; alleen scope,0
S03,ISO 8000-110,ISO/TC 184/SC 4,,Internationale norm,ISO/TC 184/SC 4,https://www.iso.org/standard/78501.html,niet vastgesteld; officiële/professionele bron,primair voor eigen inhoud; reviewliteratuur synthetiseert andere werken,Berichten met characteristic master data tussen systemen/organisaties,norm-/specificatie-/kaderanalyse nog uit te voeren,Berichten met characteristic master data tussen systemen/organisaties,Berichten met characteristic master data tussen systemen/organisaties,ISO-catalogus en openbaar abstract; volledige norm niet geraadpleegd,Directe uitwisselingseisen,Bericht en semantische codering,ISO/TC 184/SC 4. ISO 8000-110. 2021. https://www.iso.org/standard/78501.html,aangehaald in overzichtspaper; geselecteerde passages,standards-matrix.csv,,officiële webcontrole; alleen scope,0
S04,ISO 8000-120,ISO/TC 184/SC 4,,Internationale norm,ISO/TC 184/SC 4,https://www.iso.org/standard/62393.html,niet vastgesteld; officiële/professionele bron,primaire bron voor eigen scope; interpretatie apart,Provenance van characteristic master data,norm-/specificatie-/kaderanalyse nog uit te voeren,nog niet opnieuw geëxtraheerd,zie legacy-matrix; niet opnieuw inhoudelijk geverifieerd,ISO-catalogus en openbaar abstract; volledige norm niet geraadpleegd,Direct,Gegeven en uitwisseling,ISO/TC 184/SC 4. ISO 8000-120. 2016. https://www.iso.org/standard/62393.html,niet aangehaald; kandidaat behouden,standards-matrix.csv,,geen bruikbare tekst verworven,0
S05,ISO 8000-130,ISO/TC 184/SC 4,,Internationale norm,ISO/TC 184/SC 4,https://www.iso.org/standard/62394.html,niet vastgesteld; officiële/professionele bron,primaire bron voor eigen scope; interpretatie apart,Uitwisseling van accuracy-informatie,norm-/specificatie-/kaderanalyse nog uit te voeren,nog niet opnieuw geëxtraheerd,zie legacy-matrix; niet opnieuw inhoudelijk geverifieerd,ISO-catalogus en openbaar abstract; volledige norm niet geraadpleegd,Direct,Kwaliteitsmetadata,ISO/TC 184/SC 4. ISO 8000-130. 2016. https://www.iso.org/standard/62394.html,niet aangehaald; kandidaat behouden,standards-matrix.csv,research/corpus/standards/S05-c40aa13e1c.html,bestanden beschikbaar; aard en inhoud controleren,1
S06,ISO 8000-140,ISO/TC 184/SC 4,,Internationale norm,ISO/TC 184/SC 4,https://www.iso.org/standard/62395.html,niet vastgesteld; officiële/professionele bron,primaire bron voor eigen scope; interpretatie apart,Uitwisseling van completeness-informatie,norm-/specificatie-/kaderanalyse nog uit te voeren,nog niet opnieuw geëxtraheerd,zie legacy-matrix; niet opnieuw inhoudelijk geverifieerd,ISO-catalogus en openbaar abstract; volledige norm niet geraadpleegd,Direct,Kwaliteitsmetadata,ISO/TC 184/SC 4. ISO 8000-140. 2016. https://www.iso.org/standard/62395.html,niet aangehaald; kandidaat behouden,standards-matrix.csv,,geen bruikbare tekst verworven,0
S07,ISO/IEC 11179-3,ISO/IEC JTC 1/SC 32,,Internationale norm / metamodel,ISO/IEC JTC 1/SC 32,https://www.iso.org/standard/78915.html,niet vastgesteld; officiële/professionele bron,primair voor eigen inhoud; reviewliteratuur synthetiseert andere werken,Gemeenschappelijke voorzieningen metadataregister,norm-/specificatie-/kaderanalyse nog uit te voeren,Gemeenschappelijke voorzieningen metadataregister,Gemeenschappelijke voorzieningen metadataregister,ISO-catalogus en openbaar abstract; volledige norm niet geraadpleegd,Beheer definities van masterdata,Meta,ISO/IEC JTC 1/SC 32. ISO/IEC 11179-3. 2023. https://www.iso.org/standard/78915.html,aangehaald in overzichtspaper; geselecteerde passages,standards-matrix.csv,,officiële webcontrole; alleen scope,0
S08,ISO/IEC 11179-31,ISO/IEC JTC 1/SC 32,,Internationale norm / metamodel,ISO/IEC JTC 1/SC 32,https://www.iso.org/standard/78925.html,niet vastgesteld; officiële/professionele bron,primair voor eigen inhoud; reviewliteratuur synthetiseert andere werken,Registratie dataspecificaties,norm-/specificatie-/kaderanalyse nog uit te voeren,Registratie dataspecificaties,Registratie dataspecificaties,ISO-catalogus en openbaar abstract; volledige norm niet geraadpleegd,Koppeling van kenmerken aan waarden,Meta en data-element,ISO/IEC JTC 1/SC 32. ISO/IEC 11179-31. 2023. https://www.iso.org/standard/78925.html,aangehaald in overzichtspaper; geselecteerde passages,standards-matrix.csv,,officiële webcontrole; alleen scope,0
S09,ISO/IEC 11179-33,ISO/IEC JTC 1/SC 32,,Internationale norm / metamodel,ISO/IEC JTC 1/SC 32,https://www.iso.org/standard/81725.html,niet vastgesteld; officiële/professionele bron,primair voor eigen inhoud; reviewliteratuur synthetiseert andere werken,Registratie datasets,norm-/specificatie-/kaderanalyse nog uit te voeren,Registratie datasets,Registratie datasets,ISO-catalogus en openbaar abstract; volledige norm niet geraadpleegd,Collectiemetadata,Meta en collectie,ISO/IEC JTC 1/SC 32. ISO/IEC 11179-33. 2023. https://www.iso.org/standard/81725.html,aangehaald in overzichtspaper; geselecteerde passages,standards-matrix.csv,,officiële webcontrole; alleen scope,0
S10,ISO/IEC 11179-6,ISO/IEC JTC 1/SC 32,,Internationale norm,ISO/IEC JTC 1/SC 32,https://www.iso.org/standard/78916.html,niet vastgesteld; officiële/professionele bron,primair voor eigen inhoud; reviewliteratuur synthetiseert andere werken,Registratie metadata,norm-/specificatie-/kaderanalyse nog uit te voeren,Registratie metadata,Registratie metadata,ISO-catalogus en openbaar abstract; volledige norm niet geraadpleegd,Beheer definities,Governance van metadata,ISO/IEC JTC 1/SC 32. ISO/IEC 11179-6. 2023. https://www.iso.org/standard/78916.html,aangehaald in overzichtspaper; geselecteerde passages,standards-matrix.csv,,officiële webcontrole; alleen scope,0
S11,ISO 704,ISO/TC 37/SC 1,,Internationale norm / terminologische methode,ISO/TC 37/SC 1,https://www.iso.org/standard/79077.html,niet vastgesteld; officiële/professionele bron,primair voor eigen inhoud; reviewliteratuur synthetiseert andere werken,Terminologiewerk incl. juridische en bestuurlijke domeinen,norm-/specificatie-/kaderanalyse nog uit te voeren,Terminologiewerk incl. juridische en bestuurlijke domeinen,Terminologiewerk incl. juridische en bestuurlijke domeinen,ISO-catalogus en openbaar abstract; volledige norm niet geraadpleegd,Definities van masterdata,Terminologie,ISO/TC 37/SC 1. ISO 704. 2022. https://www.iso.org/standard/79077.html,aangehaald in overzichtspaper; geselecteerde passages,standards-matrix.csv,,officiële webcontrole; alleen scope,0
S12,ISO/IEC 25012,ISO/IEC JTC 1/SC 7,,Internationale norm / kwaliteitsmodel,ISO/IEC JTC 1/SC 7,https://www.iso.org/standard/35736.html,niet vastgesteld; officiële/professionele bron,primair voor eigen inhoud; reviewliteratuur synthetiseert andere werken,Kwaliteit gestructureerde data,norm-/specificatie-/kaderanalyse nog uit te voeren,Kwaliteit gestructureerde data,Kwaliteit gestructureerde data,ISO-catalogus en openbaar abstract; volledige norm niet geraadpleegd,Kwaliteitseisen voor data,Gegevenskwaliteit,ISO/IEC JTC 1/SC 7. ISO/IEC 25012. 2008. https://www.iso.org/standard/35736.html,aangehaald in overzichtspaper; geselecteerde passages,standards-matrix.csv,,officiële webcontrole; alleen scope,0
S13,MIM,Geonovum; ontwikkeld met Kadaster en VNG,,Standaard / metamodel,Geonovum; ontwikkeld met Kadaster en VNG,https://docs.geostandaarden.nl/mim/def-st-mim-20240613/,niet vastgesteld; officiële/professionele bron,primair voor eigen inhoud; reviewliteratuur synthetiseert andere werken,Conceptuele en logische informatiemodellen,norm-/specificatie-/kaderanalyse nog uit te voeren,MIM onderscheidt modelniveaus en modelconstructies.,MIM onderscheidt modelniveaus en modelconstructies.,primaire specificatie: relevante onderdelen,Modelspecificatie,Meta; beschouwingsniveaus,Geonovum; ontwikkeld met Kadaster en VNG. MIM. 1.2. https://docs.geostandaarden.nl/mim/def-st-mim-20240613/,aangehaald in overzichtspaper; geselecteerde passages,standards-matrix.csv,research/corpus/standards/S13-44a53e9f27.html;research/corpus/standards/S13-9fb5474ffa.html;research/corpus/standards/S13-fa4dce9bb9.pdf;research/corpus/standards/S13-77bbf48061.pdf;research/corpus/standards/S13-0b3e7ab74f.pdf,geselecteerde passage; geen integrale bronvalidatie,5
S14,NL-SBB,Geonovum,,Standaard voor begripsbeschrijving,Geonovum,https://docs.geostandaarden.nl/nl-sbb/def-st-nl-sbb-20241010/,niet vastgesteld; officiële/professionele bron,primair voor eigen inhoud; reviewliteratuur synthetiseert andere werken,Begrippenlijsten; taxonomieën; thesauri,norm-/specificatie-/kaderanalyse nog uit te voeren,NL-SBB specificeert begripsbeschrijving en koppelingen met modellen en beheer.,NL-SBB specificeert begripsbeschrijving en koppelingen met modellen en beheer.,primaire specificatie: relevante onderdelen,Betekenis van masterdata,Begrip en terminologie,Geonovum. NL-SBB. 1.0. https://docs.geostandaarden.nl/nl-sbb/def-st-nl-sbb-20241010/,aangehaald in overzichtspaper; geselecteerde passages,standards-matrix.csv,research/corpus/standards/S14-3bf703b1c8.html;research/corpus/standards/S14-ef2b0b6434.html;research/corpus/standards/S14-1745dabc73.pdf;research/corpus/standards/S14-0730fd0c87.pdf;research/corpus/standards/S14-0cdfab6e30.pdf;research/corpus/standards/S14-6141e7f8dc.pdf,geselecteerde passage; geen integrale bronvalidatie,6
S15,TOOI,KOOP,,Kennismodel: ontologieën / thesauri / registers,KOOP,https://standaarden.overheid.nl/tooi/downloads,niet vastgesteld; officiële/professionele bron,primair voor eigen inhoud; reviewliteratuur synthetiseert andere werken,Overheidsinformatie en overheidsorganisaties,norm-/specificatie-/kaderanalyse nog uit te voeren,Overheidsinformatie en overheidsorganisaties,Overheidsinformatie en overheidsorganisaties,Officiële module- en versie-informatie,Herbruikbare organisatie-identificatie,Domeinsemantiek en referentiedata,KOOP. TOOI. Ontologie 1.6.2 (2025-07-04); lijstdocumentatie 1.3.4. https://standaarden.overheid.nl/tooi/downloads,aangehaald in overzichtspaper; geselecteerde passages,standards-matrix.csv,research/corpus/standards/S15-7a2d372a2b.html;research/corpus/standards/S15-bb3ae205a4.html;research/corpus/standards/S15-da90555eb3.pdf;research/corpus/standards/S15-e28a29fa03.pdf;research/corpus/standards/S15-3b1436b5c6.pdf,geselecteerde passage; geen integrale bronvalidatie,5
S16,DCAT-AP-NL,Geonovum,,Standaard / applicatieprofiel,Geonovum,https://docs.geostandaarden.nl/dcat/def-st-dcat-ap-nl30-20250526/,niet vastgesteld; officiële/professionele bron,primair voor eigen inhoud; reviewliteratuur synthetiseert andere werken,Uitwisseling catalogusmetadata Nederland,norm-/specificatie-/kaderanalyse nog uit te voeren,Uitwisseling catalogusmetadata Nederland,Uitwisseling catalogusmetadata Nederland,primaire specificatie: relevante onderdelen,Ontdekbaarheid masterdatasets,Dataset; dienst; distributie,Geonovum. DCAT-AP-NL. 3.0. https://docs.geostandaarden.nl/dcat/def-st-dcat-ap-nl30-20250526/,aangehaald in overzichtspaper; geselecteerde passages,standards-matrix.csv,research/corpus/standards/S16-32b4d4f545.html;research/corpus/standards/S16-f7d41bc345.html;research/corpus/standards/S16-ba72e7592d.pdf;research/corpus/standards/S16-c4c5bddc7d.pdf,geselecteerde passage; geen integrale bronvalidatie,4
S17,NEN 3610,NEN; commissie 351240,,Nederlandse norm / basismodel,NEN; commissie 351240,https://www.nen.nl/nen-3610-2022-nl-296137,niet vastgesteld; officiële/professionele bron,primair voor eigen inhoud; reviewliteratuur synthetiseert andere werken,Locatiegebonden informatie,norm-/specificatie-/kaderanalyse nog uit te voeren,Locatiegebonden informatie,Locatiegebonden informatie,NEN-catalogus; volledige norm niet geraadpleegd,Relevant voor geo-masterdata,Conceptueel en logisch,NEN; commissie 351240. NEN 3610. 2022. https://www.nen.nl/nen-3610-2022-nl-296137,aangehaald in overzichtspaper; geselecteerde passages,standards-matrix.csv,research/corpus/standards/S17-b4076485a1.html;research/corpus/standards/S17-9ed11c5494.html;research/corpus/standards/S17-5de084bdde.pdf;research/corpus/standards/S17-5093bbb8f7.pdf;research/corpus/standards/S17-6ed0e17584.pdf,officiële overzichts-/cataloguspagina; beperkte inhoudelijke dekking,5
S18,NLGov REST API Design Rules,Logius,,Standaard / API-specificatie,Logius,https://gitdocumentatie.logius.nl/publicatie/api/adr/2.2.0/,niet vastgesteld; officiële/professionele bron,primair voor eigen inhoud; reviewliteratuur synthetiseert andere werken,Overheids-REST-API-ontwerp,norm-/specificatie-/kaderanalyse nog uit te voeren,Overheids-REST-API-ontwerp,Overheids-REST-API-ontwerp,primaire specificatie: relevante onderdelen,Distributie,Interface,Logius. NLGov REST API Design Rules. 2.2.0; Forum vermeldt 2.2. https://gitdocumentatie.logius.nl/publicatie/api/adr/2.2.0/,aangehaald in overzichtspaper; geselecteerde passages,standards-matrix.csv,research/corpus/standards/S18-3e8325d6c3.html;research/corpus/standards/S18-9414610c52.html;research/corpus/standards/S18-4b09decc1e.pdf;research/corpus/standards/S18-b75c68c922.pdf;research/corpus/standards/S18-6c657f9cae.pdf;research/corpus/standards/S18-39355f08d3.pdf,geselecteerde passage; geen integrale bronvalidatie,6
S19,OpenAPI Specification,OpenAPI Initiative / Linux Foundation,,Interfacespecificatie,OpenAPI Initiative / Linux Foundation,https://spec.openapis.org/oas/v3.1.1.html,niet vastgesteld; officiële/professionele bron,primair voor eigen inhoud; reviewliteratuur synthetiseert andere werken,HTTP API-beschrijving,norm-/specificatie-/kaderanalyse nog uit te voeren,HTTP API-beschrijving,HTTP API-beschrijving,primaire specificatie: relevante onderdelen,Toegangscontract,Interface en payloadschema,OpenAPI Initiative / Linux Foundation. OpenAPI Specification. Onderzoeksreferentie 3.1.1; Nederlandse lijst 3.0. https://spec.openapis.org/oas/v3.1.1.html,aangehaald in overzichtspaper; geselecteerde passages,standards-matrix.csv,research/corpus/standards/S19-cd0b345bb7.html;research/corpus/standards/S19-0e28aa1142.html;research/corpus/standards/S19-cdd4c39a35.pdf;research/corpus/standards/S19-baaa5dc878.pdf;research/corpus/standards/S19-9a7f7c3b6f.pdf,geselecteerde passage; geen integrale bronvalidatie,5
S20,Digikoppeling,Logius,,Standaardenfamilie / koppelvlakspecificaties,Logius,https://gitdocumentatie.logius.nl/publicatie/dk/restapi/,niet vastgesteld; officiële/professionele bron,primair voor eigen inhoud; reviewliteratuur synthetiseert andere werken,Gegevensuitwisseling tussen organisaties,norm-/specificatie-/kaderanalyse nog uit te voeren,Gegevensuitwisseling tussen organisaties,Gegevensuitwisseling tussen organisaties,primaire specificatie: relevante onderdelen,Betrouwbare distributie,Transport; beveiliging; koppelvlak,Logius. Digikoppeling. Geen overkoepelend versienummer; REST-API 4.0.1. https://gitdocumentatie.logius.nl/publicatie/dk/restapi/,aangehaald in overzichtspaper; geselecteerde passages,standards-matrix.csv,research/corpus/standards/S20-4ba4744b73.html;research/corpus/standards/S20-0e78ec93f1.pdf;research/corpus/standards/S20-985cf4a524.pdf,geselecteerde passage; geen integrale bronvalidatie,3
S21,Federated Service Connectivity (FSC),Logius,,Technische specificatie,Logius,https://gitdocumentatie.logius.nl/publicatie/fsc/core/2.0.0/,niet vastgesteld; officiële/professionele bron,primair voor eigen inhoud; reviewliteratuur synthetiseert andere werken,Federatieve API-connectiviteit,norm-/specificatie-/kaderanalyse nog uit te voeren,Federatieve API-connectiviteit,Federatieve API-connectiviteit,primaire specificatie: relevante onderdelen,Gecontroleerde toegang,Vertrouwen en infrastructuur,Logius. Federated Service Connectivity (FSC). Core 2.0.0. https://gitdocumentatie.logius.nl/publicatie/fsc/core/2.0.0/,aangehaald in overzichtspaper; geselecteerde passages,standards-matrix.csv,research/corpus/standards/S21-dfc3a246f5.html;research/corpus/standards/S21-4ba4744b73.html;research/corpus/standards/S21-50a714a36b.pdf;research/corpus/standards/S21-0e78ec93f1.pdf;research/corpus/standards/S21-985cf4a524.pdf,geselecteerde passage; geen integrale bronvalidatie,5
S22,NL GOV profile for CloudEvents,Logius,,Standaard / notificatieprofiel,Logius,https://gitdocumentatie.logius.nl/publicatie/notificatieservices/cloudevents-nl/1.1/,niet vastgesteld; officiële/professionele bron,primair voor eigen inhoud; reviewliteratuur synthetiseert andere werken,Notificatie-uitwisseling,norm-/specificatie-/kaderanalyse nog uit te voeren,Notificatie-uitwisseling,Notificatie-uitwisseling,"primaire specificatie: relevante onderdelen; review: lijstveld versie 1.1, specificatielinklabel noemt 1.0; geselecteerde 1.1-publicatie apart gecontroleerd",Wijzigingen bekendmaken,Event envelope,Logius. NL GOV profile for CloudEvents. 1.1. https://gitdocumentatie.logius.nl/publicatie/notificatieservices/cloudevents-nl/1.1/,aangehaald in overzichtspaper; geselecteerde passages,standards-matrix.csv,research/corpus/standards/S22-32a4f808ee.html;research/corpus/standards/S22-9b6a836a6c.html;research/corpus/standards/S22-fd2dc91916.pdf;research/corpus/standards/S22-c79435ac13.pdf;research/corpus/standards/S22-4a145941bf.pdf;research/corpus/standards/S22-b9b4ba3a84.pdf,geselecteerde passage; geen integrale bronvalidatie,6
S23,BOMOS,Logius,,Governanceframework / best practices,Logius,https://gitdocumentatie.logius.nl/publicatie/bomos/fundament/3.0.2/,niet vastgesteld; officiële/professionele bron,primair voor eigen inhoud; reviewliteratuur synthetiseert andere werken,Beheer en ontwikkeling open standaarden/stelsels,norm-/specificatie-/kaderanalyse nog uit te voeren,Beheer en ontwikkeling open standaarden/stelsels,Beheer en ontwikkeling open standaarden/stelsels,primaire specificatie: relevante onderdelen,Beheer semantische afspraken,Organisatorisch,Logius. BOMOS. Fundament 3.0.2; andere modules afzonderlijk. https://gitdocumentatie.logius.nl/publicatie/bomos/fundament/3.0.2/,aangehaald in overzichtspaper; geselecteerde passages,standards-matrix.csv,research/corpus/standards/S23-d518ecbcde.html;research/corpus/standards/S23-24398fa326.pdf,geselecteerde passage; geen integrale bronvalidatie,2
S24,MDTO,Nationaal Archief,,Norm / metagegevens- en uitwisselspecificatie,Nationaal Archief,https://www.nationaalarchief.nl/archiveren/mdto,niet vastgesteld; officiële/professionele bron,primair voor eigen inhoud; reviewliteratuur synthetiseert andere werken,Duurzame toegankelijkheid overheidsinformatie,norm-/specificatie-/kaderanalyse nog uit te voeren,Duurzame toegankelijkheid overheidsinformatie,Duurzame toegankelijkheid overheidsinformatie,Officiële overzichtspagina; geen clausuleconformiteit vastgesteld,Bewaarwaardige bron- en versie-informatie,Informatieobject en bewaring,Nationaal Archief. MDTO. 1.0. https://www.nationaalarchief.nl/archiveren/mdto,aangehaald in overzichtspaper; geselecteerde passages,standards-matrix.csv,research/corpus/standards/S24-3678717fb9.html;research/corpus/standards/S24-569c75be53.html;research/corpus/standards/S24-da90555eb3.pdf;research/corpus/standards/S24-e28a29fa03.pdf;research/corpus/standards/S24-dca51b05ac.pdf,geselecteerde passage; geen integrale bronvalidatie,5
S25,Twaalf eisen basisregistraties,Rijksoverheid / BZK en betrokken ministers,,Beleidskader; geen technische standaard,Rijksoverheid / BZK en betrokken ministers,https://zoek.officielebekendmakingen.nl/kst-26387-18.html,niet vastgesteld; officiële/professionele bron,primair voor eigen inhoud; reviewliteratuur synthetiseert andere werken,Inrichting authentieke registraties,norm-/specificatie-/kaderanalyse nog uit te voeren,Inrichting authentieke registraties,Inrichting authentieke registraties,primaire specificatie: relevante onderdelen,Stelselcontext,Juridisch en organisatorisch,"Rijksoverheid / BZK en betrokken ministers. Twaalf eisen basisregistraties. Kamerstuk 26387 nr.18, 2003. https://zoek.officielebekendmakingen.nl/kst-26387-18.html",aangehaald in overzichtspaper; geselecteerde passages,standards-matrix.csv,research/corpus/standards/S25-3a006d0362.html;research/corpus/standards/S25-14a60ab585.pdf,geselecteerde passage; geen integrale bronvalidatie,2
S26,Stelselafspraken / baseline kwaliteitszorg,BZK / Stelsel van Basisregistraties,,Afspraken- en kwaliteitskader,BZK / Stelsel van Basisregistraties,https://www.digitaleoverheid.nl/wp-content/uploads/sites/8/2021/07/Baseline-kwaliteitszorg-stelsel-van-basisregistraties2.pdf,niet vastgesteld; officiële/professionele bron,primair voor eigen inhoud; reviewliteratuur synthetiseert andere werken,Kwaliteitszorg basisregistraties,norm-/specificatie-/kaderanalyse nog uit te voeren,Kwaliteitszorg basisregistraties,Kwaliteitszorg basisregistraties,Officiële PDF; hoofdstuk 2 geraadpleegd,Publiek MDM in federatie,Stelsel en processen,BZK / Stelsel van Basisregistraties. Stelselafspraken / baseline kwaliteitszorg. Geraadpleegde publicatie 2021; geen release-ID vastgesteld. https://www.digitaleoverheid.nl/wp-content/uploads/sites/8/2021/07/Baseline-kwaliteitszorg-stelsel-van-basisregistraties2.pdf,aangehaald in overzichtspaper; geselecteerde passages,standards-matrix.csv,research/corpus/standards/S26-970830fa59.pdf,geselecteerde passage; geen integrale bronvalidatie,1
S27,Federatief Datastelsel (FDS),Realisatie IBDS / betrokken overheden,,Afsprakenstelsel / architectuurcontext,Realisatie IBDS / betrokken overheden,https://federatief.datastelsel.nl/afspraken/afwegingskader/v1/,niet vastgesteld; officiële/professionele bron,primair voor eigen inhoud; reviewliteratuur synthetiseert andere werken,Toelating van data-aanbod,norm-/specificatie-/kaderanalyse nog uit te voeren,Toelating van data-aanbod,Toelating van data-aanbod,primaire specificatie: relevante onderdelen,Federatief hergebruik,Federatief; organisatie tot dienst,"Realisatie IBDS / betrokken overheden. Federatief Datastelsel (FDS). Afwegingskader v1, 2025-12-18. https://federatief.datastelsel.nl/afspraken/afwegingskader/v1/",aangehaald in overzichtspaper; geselecteerde passages,standards-matrix.csv,research/corpus/standards/S27-63d6fcc8a2.html,officiële overzichts-/cataloguspagina; beperkte inhoudelijke dekking,1
S28,RDF,W3C,,Standaard / abstract datamodel,W3C,https://www.w3.org/TR/rdf11-concepts/,niet vastgesteld; officiële/professionele bron,primair voor eigen inhoud; reviewliteratuur synthetiseert andere werken,Representatie van resources,norm-/specificatie-/kaderanalyse nog uit te voeren,Representatie van resources,Representatie van resources,primaire specificatie: relevante onderdelen,Representatie-optie,Representatie,"W3C. RDF. 1.1, 2014-02-25. https://www.w3.org/TR/rdf11-concepts/",aangehaald in overzichtspaper; geselecteerde passages,standards-matrix.csv,research/corpus/standards/S28-d556ef4175.html,geselecteerde passage; geen integrale bronvalidatie,1
S29,RDFS,W3C,,Standaard / vocabulaire,W3C,https://www.w3.org/TR/rdf-schema/,niet vastgesteld; officiële/professionele bron,primair voor eigen inhoud; reviewliteratuur synthetiseert andere werken,Basisschema’s RDF,norm-/specificatie-/kaderanalyse nog uit te voeren,Basisschema’s RDF,Basisschema’s RDF,primaire specificatie: relevante onderdelen,Typering,Schema,"W3C. RDFS. 1.1, 2014-02-25. https://www.w3.org/TR/rdf-schema/",aangehaald in overzichtspaper; geselecteerde passages,standards-matrix.csv,research/corpus/standards/S29-18b4f56c13.html,geselecteerde passage; geen integrale bronvalidatie,1
S30,OWL,W3C,,Standaard / ontologietaal,W3C,https://www.w3.org/TR/owl2-overview/,niet vastgesteld; officiële/professionele bron,primair voor eigen inhoud; reviewliteratuur synthetiseert andere werken,Formele ontologieën,norm-/specificatie-/kaderanalyse nog uit te voeren,Formele ontologieën,Formele ontologieën,primaire specificatie: relevante onderdelen,Domeinconstraints en classificatie,Formele semantiek,"W3C. OWL. OWL 2, second edition, 2012. https://www.w3.org/TR/owl2-overview/",aangehaald in overzichtspaper; geselecteerde passages,standards-matrix.csv,research/corpus/standards/S30-41eda32348.html;research/corpus/standards/S30-dbe743d6a1.pdf,geselecteerde passage; geen integrale bronvalidatie,2
S31,SKOS,W3C,,Standaard / vocabulaire,W3C,https://www.w3.org/TR/skos-reference/,niet vastgesteld; officiële/professionele bron,primair voor eigen inhoud; reviewliteratuur synthetiseert andere werken,Kennisorganisatiesystemen,norm-/specificatie-/kaderanalyse nog uit te voeren,SKOS maakt label en concept onderscheidbaar; concept en OWL-klasse zijn niet algemeen disjunct.,SKOS maakt label en concept onderscheidbaar; concept en OWL-klasse zijn niet algemeen disjunct.,primaire specificatie: relevante onderdelen,Begrippen en referentielijsten,Begripsrepresentatie,W3C. SKOS. 2009-08-18. https://www.w3.org/TR/skos-reference/,aangehaald in overzichtspaper; geselecteerde passages,standards-matrix.csv,research/corpus/standards/S31-0418c1562d.html;research/corpus/standards/S31-9c35f586e4.html;research/corpus/standards/S31-7aa218897e.pdf;research/corpus/standards/S31-09b705c8a9.pdf;research/corpus/standards/S31-497e932721.pdf,geselecteerde passage; geen integrale bronvalidatie,5
S32,SHACL,W3C,,Standaard / constrainttaal,W3C,https://www.w3.org/TR/shacl/,niet vastgesteld; officiële/professionele bron,primair voor eigen inhoud; reviewliteratuur synthetiseert andere werken,Validatie RDF-grafen,norm-/specificatie-/kaderanalyse nog uit te voeren,Validatie RDF-grafen,Validatie RDF-grafen,primaire specificatie: relevante onderdelen,Record- en metadata-validatie,Uitvoerbare constraints,W3C. SHACL. 2017-07-20. https://www.w3.org/TR/shacl/,aangehaald in overzichtspaper; geselecteerde passages,standards-matrix.csv,research/corpus/standards/S32-8c25f54d7f.html,geselecteerde passage; geen integrale bronvalidatie,1
S33,PROV-O,W3C,,Standaard / ontologie,W3C,https://www.w3.org/TR/prov-o/,niet vastgesteld; officiële/professionele bron,primair voor eigen inhoud; reviewliteratuur synthetiseert andere werken,Provenance,norm-/specificatie-/kaderanalyse nog uit te voeren,"Entiteiten, activiteiten, agents en afleidingsrelaties representeren provenance.","Entiteiten, activiteiten, agents en afleidingsrelaties representeren provenance.",primaire specificatie: relevante onderdelen,Herkomst van records en transformaties,Bewering en proces,W3C. PROV-O. 2013-04-30. https://www.w3.org/TR/prov-o/,aangehaald in overzichtspaper; geselecteerde passages,standards-matrix.csv,research/corpus/standards/S33-6e48bcc4a0.html,geselecteerde passage; geen integrale bronvalidatie,1
S34,DQV,W3C,,Vocabulaire / Working Group Note,W3C,https://www.w3.org/TR/vocab-dqv/,niet vastgesteld; officiële/professionele bron,primair voor eigen inhoud; reviewliteratuur synthetiseert andere werken,Kwaliteitsmetadata,norm-/specificatie-/kaderanalyse nog uit te voeren,"DQV beschrijft kwaliteitsmetadata en metingen, niet zelfstandig feitelijke juistheid.","DQV beschrijft kwaliteitsmetadata en metingen, niet zelfstandig feitelijke juistheid.",primaire specificatie: relevante onderdelen,Kwaliteitsrapportage,Meting en collectie,W3C. DQV. 2016-12-15. https://www.w3.org/TR/vocab-dqv/,aangehaald in overzichtspaper; geselecteerde passages,standards-matrix.csv,research/corpus/standards/S34-73ead97736.html;research/corpus/standards/S34-548f7b8f1f.pdf;research/corpus/standards/S34-f1caec08f5.pdf,geselecteerde passage; geen integrale bronvalidatie,3
S35,JSON-LD,W3C,,Standaard / serialisatiespecificatie,W3C,https://www.w3.org/TR/json-ld11/,niet vastgesteld; officiële/professionele bron,primair voor eigen inhoud; reviewliteratuur synthetiseert andere werken,Linked Data in JSON,norm-/specificatie-/kaderanalyse nog uit te voeren,Linked Data in JSON,Linked Data in JSON,primaire specificatie: relevante onderdelen,JSON-uitwisseling met semantische koppeling,Representatie en interface,"W3C. JSON-LD. 1.1, 2020-07-16. https://www.w3.org/TR/json-ld11/",aangehaald in overzichtspaper; geselecteerde passages,standards-matrix.csv,research/corpus/standards/S35-caedf4b2d8.html,geselecteerde passage; geen integrale bronvalidatie,1
S36,SPARQL,W3C,,Standaardenfamilie / querytaal,W3C,https://www.w3.org/TR/sparql11-overview/,niet vastgesteld; officiële/professionele bron,primair voor eigen inhoud; reviewliteratuur synthetiseert andere werken,RDF bevragen en verwerken,norm-/specificatie-/kaderanalyse nog uit te voeren,RDF bevragen en verwerken,RDF bevragen en verwerken,primaire specificatie: relevante onderdelen,Keteninspectie,Query en protocol,"W3C. SPARQL. 1.1, 2013-03-21. https://www.w3.org/TR/sparql11-overview/",aangehaald in overzichtspaper; geselecteerde passages,standards-matrix.csv,research/corpus/standards/S36-ff8e514eef.html,geselecteerde passage; geen integrale bronvalidatie,1
S37,OWL-Time,W3C / OGC,,Standaard / ontologie,W3C / OGC,https://www.w3.org/TR/2017/REC-owl-time-20171019/,niet vastgesteld; officiële/professionele bron,primair voor eigen inhoud; reviewliteratuur synthetiseert andere werken,Tijdstippen en intervallen,norm-/specificatie-/kaderanalyse nog uit te voeren,Tijdstippen en intervallen,Tijdstippen en intervallen,primaire specificatie: relevante onderdelen,Historie modelleren,Temporele semantiek,W3C / OGC. OWL-Time. Recommendation 2017-10-19. https://www.w3.org/TR/2017/REC-owl-time-20171019/,aangehaald in overzichtspaper; geselecteerde passages,standards-matrix.csv,research/corpus/standards/S37-4c57d07938.html;research/corpus/standards/S37-af6f73b249.pdf,geselecteerde passage; geen integrale bronvalidatie,2
S38,URI / IRI-identificatie,IETF / RFC Editor,,Technische specificaties,IETF / RFC Editor,https://www.rfc-editor.org/info/rfc3986/ | https://www.rfc-editor.org/info/rfc3987/,niet vastgesteld; officiële/professionele bron,primair voor eigen inhoud; reviewliteratuur synthetiseert andere werken,Identifier-syntax,norm-/specificatie-/kaderanalyse nog uit te voeren,Identifier-syntax,Identifier-syntax,primaire specificatie: relevante onderdelen,Identificatie van entiteiten en artefacten,Identificatie,"IETF / RFC Editor. URI / IRI-identificatie. RFC 3986 en 3987, 2005. https://www.rfc-editor.org/info/rfc3986/ | https://www.rfc-editor.org/info/rfc3987/",aangehaald in overzichtspaper; geselecteerde passages,standards-matrix.csv,research/corpus/standards/S38-7619e01ad5.html;research/corpus/standards/S38-688ac6df25.html,geselecteerde passage; geen integrale bronvalidatie,2
S39,Cool URIs for the Semantic Web,W3C,,Best practice / Interest Group Note,W3C,https://www.w3.org/TR/cooluris/,niet vastgesteld; officiële/professionele bron,primair voor eigen inhoud; reviewliteratuur synthetiseert andere werken,Identificatie en dereferentie,norm-/specificatie-/kaderanalyse nog uit te voeren,Identificatie en dereferentie,Identificatie en dereferentie,primaire specificatie: relevante onderdelen,Referent en beschrijving onderscheiden,Webpublicatie,W3C. Cool URIs for the Semantic Web. 2008-12-03. https://www.w3.org/TR/cooluris/,aangehaald in overzichtspaper; geselecteerde passages,standards-matrix.csv,research/corpus/standards/S39-ec90a46f05.html,geselecteerde passage; geen integrale bronvalidatie,1
S40,UFO,Onderzoeksgemeenschap rond Guizzardi en mede-auteurs,,Foundational ontology,Onderzoeksgemeenschap rond Guizzardi en mede-auteurs,https://ontouml.org/ufo/,niet vastgesteld; officiële/professionele bron,primair voor eigen inhoud; reviewliteratuur synthetiseert andere werken,Ontologische analyse,norm-/specificatie-/kaderanalyse nog uit te voeren,Ontologische analyse,Ontologische analyse,Primaire communitydocumentatie; aangevuld met L08-L09,Identiteitscriteria analyseren,Foundational / domeinonafhankelijk,Onderzoeksgemeenschap rond Guizzardi en mede-auteurs. UFO. Onderzoeksbasis 2005 en 2015; geen release vastgezet. https://ontouml.org/ufo/,aangehaald in overzichtspaper; geselecteerde passages,standards-matrix.csv,research/corpus/standards/S40-67f754b0ba.html,geselecteerde passage; geen integrale bronvalidatie,1
S41,OntoUML,OntoUML-onderzoeksgemeenschap,,Modelleertaal / metamodel; ondersteund door methoden,OntoUML-onderzoeksgemeenschap,https://ontouml.org/ufo/,niet vastgesteld; officiële/professionele bron,primair voor eigen inhoud; reviewliteratuur synthetiseert andere werken,Ontology-driven conceptual modelling,norm-/specificatie-/kaderanalyse nog uit te voeren,Ontology-driven conceptual modelling,Ontology-driven conceptual modelling,Communitydocumentatie en proefschrift L08,Entiteit versus rol analyseren,Conceptueel,OntoUML-onderzoeksgemeenschap. OntoUML. Geen eenduidige release vastgesteld; onderzoeksbaseline L08. https://ontouml.org/ufo/,aangehaald in overzichtspaper; geselecteerde passages,standards-matrix.csv,research/corpus/standards/S41-67f754b0ba.html,geselecteerde passage; geen integrale bronvalidatie,1
S42,Interoperable Europe Act,Europees Parlement en Raad,,EU-verordening; geen technische standaard,Europees Parlement en Raad,https://eur-lex.europa.eu/eli/reg/2024/903,niet vastgesteld; officiële/professionele bron,primair voor eigen inhoud; reviewliteratuur synthetiseert andere werken,Trans-Europese digitale overheidsdiensten,norm-/specificatie-/kaderanalyse nog uit te voeren,De verordening adresseert grensoverschrijdende interoperabiliteit van trans-Europese digitale publieke diensten.,De verordening adresseert grensoverschrijdende interoperabiliteit van trans-Europese digitale publieke diensten.,primaire specificatie: relevante onderdelen,Kader voor grensoverschrijdend hergebruik,Juridisch en governance,Europees Parlement en Raad. Interoperable Europe Act. Verordening (EU) 2024/903. https://eur-lex.europa.eu/eli/reg/2024/903,aangehaald in overzichtspaper; geselecteerde passages,standards-matrix.csv,research/corpus/standards/S42-paper-check-20260909.html,geselecteerde passage; geen integrale bronvalidatie,0
S43,European Interoperability Framework,Europese Commissie,,Interoperabiliteitskader / aanbevelingen,Europese Commissie,https://ec.europa.eu/isa2/sites/default/files/eif_brochure_final.pdf,niet vastgesteld; officiële/professionele bron,primair voor eigen inhoud; reviewliteratuur synthetiseert andere werken,Interoperabele publieke diensten,norm-/specificatie-/kaderanalyse nog uit te voeren,"EIF onderscheidt juridische, organisatorische, semantische en technische interoperabiliteit.","EIF onderscheidt juridische, organisatorische, semantische en technische interoperabiliteit.",primaire specificatie: relevante onderdelen,Kader voor samenwerking,Juridisch; organisatorisch; semantisch; technisch,"Europese Commissie. European Interoperability Framework. 2017, COM(2017)134. https://eur-lex.europa.eu/legal-content/EN/TXT/?uri=celex%3A52017DC0134",aangehaald in overzichtspaper; geselecteerde passages,standards-matrix.csv,research/corpus/standards/S43-paper-check-20260909.pdf,geselecteerde passage; geen integrale bronvalidatie,0
S44,SEMIC Core Vocabularies,Europese Commissie / SEMIC,,Vocabulairefamilie / herbruikbare modellen,Europese Commissie / SEMIC,https://semiceu.github.io/Core-Person-Vocabulary/releases/2.1.1/ | https://semiceu.github.io/Core-Business-Vocabulary/releases/2.2.0/ | https://semiceu.github.io/Core-Location-Vocabulary/releases/2.1.0/ | https://semiceu.github.io/CPOV/releases/2.1.1/,niet vastgesteld; officiële/professionele bron,primair voor eigen inhoud; reviewliteratuur synthetiseert andere werken,Person; Business; Location; Public Organisation als kandidaten,norm-/specificatie-/kaderanalyse nog uit te voeren,Person; Business; Location; Public Organisation als kandidaten,Person; Business; Location; Public Organisation als kandidaten,Primaire releasepagina’s; scope en relevante concepten,Hergebruik kernentiteiten,Domeinconceptueel en uitwisseling,Europese Commissie / SEMIC. SEMIC Core Vocabularies. Onderzoeksreferenties: Person 2.1.1; Business 2.2.0; Location 2.1.0; Public Organisation 2.1.1; geen familieversie. https://semiceu.github.io/Core-Person-Vocabulary/releases/2.1.1/ | https://semiceu.github.io/Core-Business-Vocabulary/releases/2.2.0/ | https://semiceu.github.io/Core-Location-Vocabulary/releases/2.1.0/ | https://semiceu.github.io/CPOV/releases/2.1.1/,aangehaald in overzichtspaper; geselecteerde passages,standards-matrix.csv,research/corpus/standards/S44-362c73cc52.html;research/corpus/standards/S44-7725ca81d9.html;research/corpus/standards/S44-64d4cb6296.html;research/corpus/standards/S44-bbd583479a.html;research/corpus/standards/S44-a30af85bb2.pdf;research/corpus/standards/S44-5f6b4c1788.html,geselecteerde passage; geen integrale bronvalidatie,6
S45,DCAT-AP,Europese Commissie / SEMIC,,Applicatieprofiel,Europese Commissie / SEMIC,https://semiceu.github.io/DCAT-AP/releases/3.0.1/,niet vastgesteld; officiële/professionele bron,primair voor eigen inhoud; reviewliteratuur synthetiseert andere werken,Europese catalogusuitwisseling,norm-/specificatie-/kaderanalyse nog uit te voeren,Europese catalogusuitwisseling,Europese catalogusuitwisseling,primaire specificatie: relevante onderdelen,Masterdatasets ontdekken,Dataset; distributie; dienst,Europese Commissie / SEMIC. DCAT-AP. 3.0.1. https://semiceu.github.io/DCAT-AP/releases/3.0.1/,aangehaald in overzichtspaper; geselecteerde passages,standards-matrix.csv,research/corpus/standards/S45-2523d2630c.html;research/corpus/standards/S45-b7032f81eb.pdf;research/corpus/standards/S45-02e4c77c15.pdf;research/corpus/standards/S45-4bd0aa76af.pdf,geselecteerde passage; geen integrale bronvalidatie,4
S46,FAIR-principes,Wilkinson et al.; FAIR-gemeenschap,,Principes / best practice; geen certificerende norm,Wilkinson et al.; FAIR-gemeenschap,https://www.nature.com/articles/sdata201618,niet vastgesteld; officiële/professionele bron,primaire bron voor eigen scope; interpretatie apart,Vindbaarheid en hergebruik data/metadata,norm-/specificatie-/kaderanalyse nog uit te voeren,nog niet opnieuw geëxtraheerd,zie legacy-matrix; niet opnieuw inhoudelijk geverifieerd,Peer-reviewed artikel; relevante tekst,Masterdata hergebruik,Levenscyclus,Wilkinson et al.; FAIR-gemeenschap. FAIR-principes. 2016. https://www.nature.com/articles/sdata201618,niet aangehaald; kandidaat behouden,standards-matrix.csv,research/corpus/standards/S46-ba332568f0.html;research/corpus/standards/S46-04815b51c3.pdf,bestanden beschikbaar; aard en inhoud controleren,2
S47,DCAT,W3C,,Standaard / vocabulaire,W3C,https://www.w3.org/TR/2024/REC-vocab-dcat-3-20240822/,niet vastgesteld; officiële/professionele bron,primair voor eigen inhoud; reviewliteratuur synthetiseert andere werken,Catalogisering data en diensten,norm-/specificatie-/kaderanalyse nog uit te voeren,Catalogisering data en diensten,Catalogisering data en diensten,primaire specificatie: relevante onderdelen,Datasets en versies,Metadata,"W3C. DCAT. 3, 2024-08-22. https://www.w3.org/TR/2024/REC-vocab-dcat-3-20240822/",aangehaald in overzichtspaper; geselecteerde passages,standards-matrix.csv,research/corpus/standards/S47-6731cfa24b.html,geselecteerde passage; geen integrale bronvalidatie,1
S48,NORA Raamwerk gegevenskwaliteit,NORA Expertgroep Gegevensmanagement,,Kwaliteitsraamwerk / begrippen en metrieken,NORA Expertgroep Gegevensmanagement,https://www.noraonline.nl/wiki/Raamwerk_gegevenskwaliteit_NORA,niet vastgesteld; officiële/professionele bron,primaire bron voor eigen scope; interpretatie apart,Kwaliteitsbeschrijving Nederlandse overheid,norm-/specificatie-/kaderanalyse nog uit te voeren,nog niet opnieuw geëxtraheerd,zie legacy-matrix; niet opnieuw inhoudelijk geverifieerd,primaire specificatie: relevante onderdelen,Kwaliteit masterdata,Kwaliteitssemantiek,NORA Expertgroep Gegevensmanagement. NORA Raamwerk gegevenskwaliteit. Webversie geraadpleegd 2026-09-07. https://www.noraonline.nl/wiki/Raamwerk_gegevenskwaliteit_NORA,niet aangehaald; kandidaat behouden,standards-matrix.csv,research/corpus/standards/S48-6fcfc31309.html,bestanden beschikbaar; aard en inhoud controleren,1
S49,Catalogus BAG 2018,BZK; Kadaster; Geonovum,,Domeincatalogus / gegevensspecificatie,BZK; Kadaster; Geonovum,https://www.geobasisregistraties.nl/documenten/2018/03/12/catalogus-2018,niet vastgesteld; officiële/professionele bron,primair voor eigen inhoud; reviewliteratuur synthetiseert andere werken,BAG als afgebakende casus,norm-/specificatie-/kaderanalyse nog uit te voeren,BAG als afgebakende casus,BAG als afgebakende casus,Officiële publicatiepagina; objectcontext via Kadaster,Concrete masterdata-objecten,Domein; model; registratie,"BZK; Kadaster; Geonovum. Catalogus BAG 2018. 2018, versie 1.0; wijzigingsvoorstellen niet automatisch normatief. https://www.geobasisregistraties.nl/documenten/2018/03/12/catalogus-2018",aangehaald in overzichtspaper; geselecteerde passages,standards-matrix.csv,research/corpus/standards/S49-94bc4edfbf.html;research/corpus/standards/S49-9103689552.pdf,geselecteerde passage; geen integrale bronvalidatie,2
S50,OntoClean,Guarino en Welty,,Methodologie voor ontologische analyse,Guarino en Welty,https://www.loa.istc.cnr.it/old/Papers/CACM2002.pdf,niet vastgesteld; officiële/professionele bron,primaire bron voor eigen scope; interpretatie apart,Toetsing taxonomische beslissingen,norm-/specificatie-/kaderanalyse nog uit te voeren,nog niet opnieuw geëxtraheerd,zie legacy-matrix; niet opnieuw inhoudelijk geverifieerd,Auteursmanuscript van gepubliceerd artikel,Onderscheid soort en rol,Ontologische analyse,Guarino en Welty. OntoClean. 2002 artikel. https://www.loa.istc.cnr.it/old/Papers/CACM2002.pdf,niet aangehaald; kandidaat behouden,standards-matrix.csv,research/corpus/standards/S50-af5b66b3f5.pdf,bestanden beschikbaar; aard en inhoud controleren,1
S51,Data Product Ontology (DPROD),Object Management Group (OMG),,Ontologie / specificatie,Object Management Group (OMG),https://www.omg.org/spec/DPROD/1.0/Beta1/PDF,niet vastgesteld; officiële/professionele bron,primair voor eigen inhoud; reviewliteratuur synthetiseert andere werken,Beschrijven van dataproducten en hun datasets/diensten,norm-/specificatie-/kaderanalyse nog uit te voeren,Beschrijven van dataproducten en hun datasets/diensten,Beschrijven van dataproducten en hun datasets/diensten,Primaire PDF: geselecteerde secties en primaire catalogus gecontroleerd tijdens review,Niet uitsluitend gericht op masterdata; vergelijking voor productpublicatie,Productmetadata en semantische catalogisering,"Object Management Group (OMG). Data Product Ontology (DPROD). 1.0 Beta 1; document februari 2025, catalogus adoption januari 2025. https://www.omg.org/spec/DPROD/1.0/Beta1/PDF",aangehaald in overzichtspaper; geselecteerde passages,standards-matrix.csv,research/corpus/standards/S51-091ce61e98.pdf,geselecteerde passage; geen integrale bronvalidatie,1
L01,Design Science in Information Systems Research,Alan R. Hevner; Salvatore T. March; Jinsoo Park; Sudha Ram,2004,Peer-reviewed tijdschriftartikel; MIS Quarterly,zie legacy-bron; niet apart geëxtraheerd,https://aisel.aisnet.org/misq/vol28/iss1/6/,ja volgens legacy-matrix; niet opnieuw geverifieerd,te classificeren per claimgebruik,Hoe DSR als IS-onderzoeksparadigma uitvoeren? (parafrase),Methodologisch raamwerk en richtlijnen; voorbeelden,nog niet opnieuw geëxtraheerd,Ontwerp en evaluatie van artefacten horen bij kennisontwikkeling,Uitgeversabstract en bibliografie; Geen empirisch bewijs voor dit artefact,DSR-fundering,legacy; thematische hercodering nodig,Alan R. Hevner; Salvatore T. March; Jinsoo Park; Sudha Ram (2004). Design Science in Information Systems Research. https://aisel.aisnet.org/misq/vol28/iss1/6/,niet aangehaald; kandidaat behouden,literature-matrix.csv,research/corpus/papers/L01-f1e1a62e61.html;research/corpus/papers/L01-fb0197e2f5.html,bestanden beschikbaar; aard en inhoud controleren,2
L02,A Design Science Research Methodology for Information Systems Research,Ken Peffers; Tuure Tuunanen; Marcus A. Rothenberger; Samir Chatterjee,2007,Peer-reviewed tijdschriftartikel; JMIS,zie legacy-bron; niet apart geëxtraheerd,https://doi.org/10.2753/MIS0742-1222240302,ja volgens legacy-matrix; niet opnieuw geverifieerd,te classificeren per claimgebruik,Welke werkbare methode verbindt DSR-uitvoering en presentatie? (parafrase),Methodesynthese; procesmodel; demonstratie in cases,nog niet opnieuw geëxtraheerd,"DSRM verbindt probleem, doelen, ontwerp, demonstratie, evaluatie en communicatie",Uitgeversabstract en auteurs-PDF; Proces volgen garandeert geen geldige bijdrage,Fasen en beslismomenten,legacy; thematische hercodering nodig,Ken Peffers; Tuure Tuunanen; Marcus A. Rothenberger; Samir Chatterjee (2007). A Design Science Research Methodology for Information Systems Research. https://doi.org/10.2753/MIS0742-1222240302,niet aangehaald; kandidaat behouden,literature-matrix.csv,research/corpus/papers/L02-b37df60b32.html;research/corpus/papers/L02-1d045ee96d.pdf,bestanden beschikbaar; aard en inhoud controleren,2
L03,FEDS: a Framework for Evaluation in Design Science Research,John Venable; Jan Pries-Heje; Richard Baskerville,2016,Peer-reviewed tijdschriftartikel; EJIS,zie legacy-bron; niet apart geëxtraheerd,https://doi.org/10.1057/ejis.2014.36,ja volgens legacy-matrix; niet opnieuw geverifieerd,te classificeren per claimgebruik,"Hoe waarom, wanneer, wat en hoe evalueren bepalen? (parafrase)",Ontwikkeling en evaluatie evaluatieraamwerk,nog niet opnieuw geëxtraheerd,Formative/summative en artificial/naturalistic ondersteunen evaluatiekeuze,"Uitgeversabstract en bibliografie; Geen voorgeschreven steekproef of effectdrempel voor deze casus; online gepubliceerd 2014, issue 2016",Afzonderlijke evaluatie-episodes,legacy; thematische hercodering nodig,John Venable; Jan Pries-Heje; Richard Baskerville (2016). FEDS: a Framework for Evaluation in Design Science Research. https://doi.org/10.1057/ejis.2014.36,niet aangehaald; kandidaat behouden,literature-matrix.csv,,geen bruikbare tekst verworven,0
L04,Positioning and Presenting Design Science Research for Maximum Impact,Shirley Gregor; Alan R. Hevner,2013,Peer-reviewed methodologisch essay; MIS Quarterly,zie legacy-bron; niet apart geëxtraheerd,https://ailab-ua.github.io/courses/MIS611D/gregor-2013-positioning-presenting-design-science-research.pdf,ja volgens legacy-matrix; niet opnieuw geverifieerd,te classificeren per claimgebruik,Hoe kennisbijdragen van DSR positioneren? (parafrase),Conceptueel raamwerk; analyse exemplarische publicaties,nog niet opnieuw geëxtraheerd,Artefactabstractie en kennisbijdrage moeten expliciet worden onderscheiden,Universitaire kopie gepubliceerd artikel; relevante tekst; Novelty van deze paper blijft afzonderlijk te toetsen,Positioneer integratie als mogelijke exaptation/improvement,legacy; thematische hercodering nodig,Shirley Gregor; Alan R. Hevner (2013). Positioning and Presenting Design Science Research for Maximum Impact. https://ailab-ua.github.io/courses/MIS611D/gregor-2013-positioning-presenting-design-science-research.pdf,niet aangehaald; kandidaat behouden,literature-matrix.csv,research/corpus/papers/L04-af20f5f487.pdf,bestanden beschikbaar; aard en inhoud controleren,1
L05,Toward a functional reference model for master data quality management,Boris Otto; Kai M. Hüner; Hubert Österle,2012,Peer-reviewed tijdschriftartikel; Information Systems and e-Business Management,zie legacy-bron; niet apart geëxtraheerd,https://doi.org/10.1007/s10257-011-0178-0,ja volgens legacy-matrix; niet opnieuw geverifieerd,primair voor eigen inhoud; reviewliteratuur synthetiseert andere werken,Hoe een functioneel MDQM-referentiemodel ontwerpen? (parafrase),Iteratieve ontwerp/evaluatiecycli; participatieve case Beiersdorf,Functioneel referentiemodel voor masterdatakwaliteitsmanagement; inhoudelijke detaillering beperkt door abstracttoegang.,Functioneel referentiemodel voor masterdatakwaliteitsmanagement; inhoudelijke detaillering beperkt door abstracttoegang.,"Uitgeversabstract; volledige tekst achter toegang; Bedrijfscontext; alleen abstract gelezen; online 2011, issue 2012",Direct antecedent: referentiemodel en DSR voor masterdata,legacy; thematische hercodering nodig,Boris Otto; Kai M. Hüner; Hubert Österle (2012). Toward a functional reference model for master data quality management. https://doi.org/10.1007/s10257-011-0178-0,aangehaald in overzichtspaper; geselecteerde passages,literature-matrix.csv,research/corpus/papers/L05-db1aa40d98.html;research/corpus/papers/L05-6d51c298a0.html,abstract; geen volledige artikelanalyse,2
L06,Barriers to master data quality,Anders Haug; Jan Stentoft Arlbjørn,2011,Peer-reviewed tijdschriftartikel; Journal of Enterprise Information Management,zie legacy-bron; niet apart geëxtraheerd,https://doi.org/10.1108/17410391111122862,ja volgens legacy-matrix; niet opnieuw geverifieerd,te classificeren per claimgebruik,Welke barrières belemmeren masterdatakwaliteit? (titelgebaseerde parafrase),Nog niet vastgesteld uit toegankelijke primaire tekst,nog niet opnieuw geëxtraheerd,Nog niet inhoudelijk vastgesteld; bibliografisch geverifieerd,Institutioneel bibliografisch record; uitgever niet toegankelijk; Metadata-only; secundaire samenvatting niet als bevinding overgenomen,Gerichte vervolgbron voor organisatorische barrières,legacy; thematische hercodering nodig,Anders Haug; Jan Stentoft Arlbjørn (2011). Barriers to master data quality. https://doi.org/10.1108/17410391111122862,niet aangehaald; kandidaat behouden,literature-matrix.csv,research/corpus/papers/L06-3eb7c91bbb.html,bestanden beschikbaar; aard en inhoud controleren,1
L07,"Data governance: A conceptual framework, structured review, and research agenda",Rene Abraham; Johannes Schneider; Jan vom Brocke,2019,Peer-reviewed tijdschriftartikel; International Journal of Information Management,zie legacy-bron; niet apart geëxtraheerd,https://doi.org/10.1016/j.ijinfomgt.2019.07.008,ja volgens legacy-matrix; niet opnieuw geverifieerd,primair voor eigen inhoud; reviewliteratuur synthetiseert andere werken,Wat zijn bouwstenen en onderzoeksvragen van data governance? (parafrase),Structured review van 145 wetenschappelijke en praktijkpublicaties,Review ordent data governance als gezag en controle over gegevensbeheer.,Review ordent data governance als gezag en controle over gegevensbeheer.,Institutioneel abstract en bibliografie; Gemengde evidence; geen effectmeting voor Nederlandse registraties,Ontwerp van bevoegdheden en verantwoordelijkheden,legacy; thematische hercodering nodig,"Rene Abraham; Johannes Schneider; Jan vom Brocke (2019). Data governance: A conceptual framework, structured review, and research agenda. https://doi.org/10.1016/j.ijinfomgt.2019.07.008",aangehaald in overzichtspaper; geselecteerde passages,literature-matrix.csv,research/corpus/papers/L07-3a4864a17e.html,abstract; geen volledige artikelanalyse,1
L08,Ontological foundations for structural conceptual models,Giancarlo Guizzardi,2005,Proefschrift; Universiteit Twente,zie legacy-bron; niet apart geëxtraheerd,https://research.utwente.nl/en/publications/ontological-foundations-for-structural-conceptual-models/,zie publicatietype; niet opnieuw vastgesteld,primair voor eigen inhoud; reviewliteratuur synthetiseert andere werken,Hoe structurele conceptuele modellen ontologisch funderen? (parafrase),Ontologische analyse; evaluatie en uitbreiding UML-fragment,Ontologische analyse maakt aannames van conceptuele modellen expliciet.,Ontologische analyse maakt aannames van conceptuele modellen expliciet.,Institutioneel abstract en bibliografie; Geen directe effectmeting in Stelsel van Basisregistraties,Identiteit; soorten; rollen; conceptuele modellering,legacy; thematische hercodering nodig,Giancarlo Guizzardi (2005). Ontological foundations for structural conceptual models. https://research.utwente.nl/en/publications/ontological-foundations-for-structural-conceptual-models/,aangehaald in overzichtspaper; geselecteerde passages,literature-matrix.csv,research/corpus/papers/L08-473f8f459d.html;research/corpus/papers/L08-994a4f9d9d.pdf,geselecteerde passage; geen integrale bronvalidatie,2
L09,Towards ontological foundations for conceptual modeling: The unified foundational ontology (UFO) story,Giancarlo Guizzardi; Gerd Wagner; João Paulo A. Almeida; Renata S. S. Guizzardi,2015,Peer-reviewed tijdschriftartikel; Applied Ontology,zie legacy-bron; niet apart geëxtraheerd,https://doi.org/10.3233/AO-150157,ja volgens legacy-matrix; niet opnieuw geverifieerd,te classificeren per claimgebruik,Welke ontwikkeling en grondslagen ondersteunen UFO? (parafrase),Conceptuele en retrospectieve uiteenzetting,nog niet opnieuw geëxtraheerd,Positioneert UFO als ontologische basis voor conceptual modelling,Institutioneel record en abstract; Geen standaardenstatus of gegarandeerde ontwerpwinst afleiden,Onderbouwing ontologische analysekandidaat,legacy; thematische hercodering nodig,Giancarlo Guizzardi; Gerd Wagner; João Paulo A. Almeida; Renata S. S. Guizzardi (2015). Towards ontological foundations for conceptual modeling: The unified foundational ontology (UFO) story. https://doi.org/10.3233/AO-150157,niet aangehaald; kandidaat behouden,literature-matrix.csv,research/corpus/papers/L09-f6cb6bad2b.html,bestanden beschikbaar; aard en inhoud controleren,1
L10,Evaluating ontological decisions with OntoClean,Nicola Guarino; Christopher Welty,2002,Tijdschriftartikel; Communications of the ACM,zie legacy-bron; niet apart geëxtraheerd,https://doi.org/10.1145/503124.503150,zie publicatietype; niet opnieuw vastgesteld,primair voor eigen inhoud; reviewliteratuur synthetiseert andere werken,Hoe taxonomische beslissingen ontologisch beoordelen? (parafrase),Formele metaeigenschappen en analysevoorbeelden,OntoClean analyseert taxonomieën met onder meer identiteit en rigiditeit.,OntoClean analyseert taxonomieën met onder meer identiteit en rigiditeit.,Auteurs-PDF; relevante tekst; Geen geïntegreerd overheidsdataproduct; casusvoordeel onbekend,Alternatief of aanvulling op UFO/OntoUML,legacy; thematische hercodering nodig,Nicola Guarino; Christopher Welty (2002). Evaluating ontological decisions with OntoClean. https://doi.org/10.1145/503124.503150,aangehaald in overzichtspaper; geselecteerde passages,literature-matrix.csv,research/corpus/papers/L10-af5b66b3f5.pdf,geselecteerde passage; geen integrale bronvalidatie,1
L11,The FAIR Guiding Principles for scientific data management and stewardship,Mark D. Wilkinson et al. (volledige auteurslijst in bron),2016,Peer-reviewed artikel; Scientific Data,zie legacy-bron; niet apart geëxtraheerd,https://doi.org/10.1038/sdata.2016.18,ja volgens legacy-matrix; niet opnieuw geverifieerd,primair voor eigen inhoud; reviewliteratuur synthetiseert andere werken,Welke principes ondersteunen hergebruik door mens en machine? (parafrase),Gemeenschapsvorming en principesynthese; voorbeelden,"Vindbaarheid, toegankelijkheid, interoperabiliteit en hergebruik zijn onderscheiden principes.","Vindbaarheid, toegankelijkheid, interoperabiliteit en hergebruik zijn onderscheiden principes.",Volledige openbare artikeltekst; relevante passages; Principes geen productschema of experimenteel AI-prestatiebewijs,Identifiers; metadata; provenance; hergebruik,legacy; thematische hercodering nodig,Mark D. Wilkinson et al. (volledige auteurslijst in bron) (2016). The FAIR Guiding Principles for scientific data management and stewardship. https://doi.org/10.1038/sdata.2016.18,aangehaald in overzichtspaper; geselecteerde passages,literature-matrix.csv,research/corpus/papers/L11-cb98710042.html;research/corpus/papers/L11-04815b51c3.pdf,geselecteerde passage; geen integrale bronvalidatie,2
L12,"Data products, data mesh, and data fabric: New paradigm(s) for data and analytics?",Ivo Blohm; Felix Wortmann; Christine Legner; Felix Köbler,2024,Tijdschriftbijdrage type Catchword; Business & Information Systems Engineering,zie legacy-bron; niet apart geëxtraheerd,https://doi.org/10.1007/s12599-024-00876-5,zie publicatietype; niet opnieuw vastgesteld,primair voor eigen inhoud; reviewliteratuur synthetiseert andere werken,Hoe deze begrippen afbakenen en positioneren? (parafrase),Conceptuele synthese en vergelijking,"Data products, mesh en fabric worden als gerelateerde maar verschillende benaderingen besproken.","Data products, mesh en fabric worden als gerelateerde maar verschillende benaderingen besproken.",Volledige openbare artikeltekst; relevante secties; Conceptuele bijdrage; geen causale validatie van SMDP,Werkdefinitie data product; geen verplichte data-mesharchitectuur,legacy; thematische hercodering nodig,"Ivo Blohm; Felix Wortmann; Christine Legner; Felix Köbler (2024). Data products, data mesh, and data fabric: New paradigm(s) for data and analytics?. https://doi.org/10.1007/s12599-024-00876-5",aangehaald in overzichtspaper; geselecteerde passages,literature-matrix.csv,research/corpus/papers/L12-a874b017fb.html;research/corpus/papers/L12-296d8d70e7.pdf,geselecteerde passage; geen integrale bronvalidatie,2
L13,Knowledge Graphs,Aidan Hogan et al. (volledige auteurslijst in bron),2021,Peer-reviewed survey; ACM Computing Surveys,zie legacy-bron; niet apart geëxtraheerd,https://doi.org/10.1145/3447772,ja volgens legacy-matrix; niet opnieuw geverifieerd,primair voor eigen inhoud; reviewliteratuur synthetiseert andere werken,"Welke modellen, technieken en toepassingen kenmerken knowledge graphs? (parafrase)",Breed literatuuroverzicht en technische vergelijking,Knowledge graphs omvatten meerdere representatie- en redeneermogelijkheden.,Knowledge graphs omvatten meerdere representatie- en redeneermogelijkheden.,Auteurs-PDF; abstract en relevante tekst; Survey is geen bewijs van AI-voordeel in Nederlandse overheid,Alternatieven en technische afwegingen,legacy; thematische hercodering nodig,Aidan Hogan et al. (volledige auteurslijst in bron) (2021). Knowledge Graphs. https://doi.org/10.1145/3447772,aangehaald in overzichtspaper; geselecteerde passages,literature-matrix.csv,research/corpus/papers/L13-5abd6a1f6a.pdf;research/corpus/papers/L13-450441ea77.pdf,geselecteerde passage; geen integrale bronvalidatie,2
L14,A Consensus Glossary of Temporal Database Concepts,Christian S. Jensen et al. (volledige auteurslijst in bron),1994,Wetenschappelijke glossary; ACM SIGMOD Record,zie legacy-bron; niet apart geëxtraheerd,https://www2.cs.arizona.edu/~rts/pubs/SIGMODRecordMarch94p52.pdf,zie publicatietype; niet opnieuw vastgesteld,primair voor eigen inhoud; reviewliteratuur synthetiseert andere werken,Hoe temporele databasebegrippen consistent definiëren? (parafrase),Consensusvorming; definities en voorbeelden,Geldigheid in de werkelijkheid verschilt van aanwezigheid als databasekennis.,Geldigheid in de werkelijkheid verschilt van aanwezigheid als databasekennis.,Auteurs-PDF; definities gelezen; Geen moderne event- of productmetadata-specificatie,Bitemporele historie en reconstructie,legacy; thematische hercodering nodig,Christian S. Jensen et al. (volledige auteurslijst in bron) (1994). A Consensus Glossary of Temporal Database Concepts. https://www2.cs.arizona.edu/~rts/pubs/SIGMODRecordMarch94p52.pdf,aangehaald in overzichtspaper; geselecteerde passages,literature-matrix.csv,research/corpus/papers/L14-fa94e82c7b.pdf,geselecteerde passage; geen integrale bronvalidatie,1
L15,Beyond Accuracy: What Data Quality Means to Data Consumers,Richard Y. Wang; Diane M. Strong,1996,Peer-reviewed tijdschriftartikel; JMIS,zie legacy-bron; niet apart geëxtraheerd,https://www.jmis-web.org/articles/1002,ja volgens legacy-matrix; niet opnieuw geverifieerd,primair voor eigen inhoud; reviewliteratuur synthetiseert andere werken,Welke kwaliteitskenmerken zijn voor datagebruikers relevant? (parafrase),Tweestapsurvey en tweefasige sorteerstudie; volgens uitgeversabstract,Datakwaliteit wordt vanuit het perspectief van gegevensconsumenten onderzocht.,Datakwaliteit wordt vanuit het perspectief van gegevensconsumenten onderzocht.,Uitgeversabstract en issue-metadata; Abstractniveau; geen Nederlandse basisregistratiecase,Gebruiksafhankelijke evaluatie,legacy; thematische hercodering nodig,Richard Y. Wang; Diane M. Strong (1996). Beyond Accuracy: What Data Quality Means to Data Consumers. https://www.jmis-web.org/articles/1002,aangehaald in overzichtspaper; geselecteerde passages,literature-matrix.csv,research/corpus/papers/L15-ecf4996ea9.html,abstract; geen volledige artikelanalyse,1
L16,Retrieval-Augmented Generation for Knowledge-Intensive NLP Tasks,Patrick Lewis et al. (volledige auteurslijst in bron),2020,Peer-reviewed conferentiepaper; NeurIPS,zie legacy-bron; niet apart geëxtraheerd,https://proceedings.neurips.cc/paper_files/paper/2020/hash/6b493230205f780e1bc26945df7481e5-Abstract.html,ja volgens legacy-matrix; niet opnieuw geverifieerd,primair voor eigen inhoud; reviewliteratuur synthetiseert andere werken,Kan retrieval generatieve kennisintensieve NLP verbeteren? (parafrase),Modelontwikkeling; benchmarkexperimenten met baselines,Retrieval-augmented generation verbindt generatie met opgehaalde informatie; resultaten zijn taakgebonden.,Retrieval-augmented generation verbindt generatie met opgehaalde informatie; resultaten zijn taakgebonden.,"Proceedingsabstract; Geen bewijs voor semantische masterdata, juridische juistheid of algemene hallucinatiereductie",Motivatie voor gecontroleerde AI-consumenttest,legacy; thematische hercodering nodig,Patrick Lewis et al. (volledige auteurslijst in bron) (2020). Retrieval-Augmented Generation for Knowledge-Intensive NLP Tasks. https://proceedings.neurips.cc/paper_files/paper/2020/hash/6b493230205f780e1bc26945df7481e5-Abstract.html,aangehaald in overzichtspaper; geselecteerde passages,literature-matrix.csv,research/corpus/papers/L16-c8e6865523.html;research/corpus/papers/L16-649aaeda18.pdf;research/corpus/papers/L16-5e2e785f15.pdf,geselecteerde passage; geen integrale bronvalidatie,3
L17,Master data quality barriers: An empirical investigation,Anders Haug; Jan Stentoft Arlbjørn; Frederik Zachariassen; Jakob Schlichter,2013,Peer-reviewed tijdschriftartikel; Industrial Management & Data Systems,zie legacy-bron; niet apart geëxtraheerd,https://doi.org/10.1108/02635571311303550,ja volgens legacy-matrix; niet opnieuw geverifieerd,te classificeren per claimgebruik,Welke barrières belemmeren masterdatakwaliteit en hoe verschilt hun belang? (parafrase),Literatuurgebaseerde classificatie; vragenlijst bij 787 Deense productiebedrijven,nog niet opnieuw geëxtraheerd,Twaalf barrières onderzocht; organisatorische problemen verdienen expliciete aandacht,Institutioneel abstract en bibliografie; Productiebedrijven; masterdata; abstractniveau; geen Nederlandse overheidseffectmeting,Empirische aanvulling voor governance en verantwoordelijkheidsverdeling,legacy; thematische hercodering nodig,Anders Haug; Jan Stentoft Arlbjørn; Frederik Zachariassen; Jakob Schlichter (2013). Master data quality barriers: An empirical investigation. https://doi.org/10.1108/02635571311303550,niet aangehaald; kandidaat behouden,literature-matrix.csv,research/corpus/papers/L17-3dbdf668bd.html,bestanden beschikbaar; aard en inhoud controleren,1
L18,SMDM: Enhancing Enterprise-Wide Master Data Management Using Semantic Web Technologies,Xiaoyuan Wang; Xingzhi Sun; Feng Cao; Li Ma; Nick Kanellos; Kang Zhang; Yue Pan; Yong Yu,2009,Conferentiedemonstratiepaper; Proceedings of the VLDB Endowment,zie legacy-bron; niet apart geëxtraheerd,https://www.vldb.org/pvldb/vol2/vldb09-1011.pdf,zie publicatietype; niet opnieuw vastgesteld,primair voor eigen inhoud; reviewliteratuur synthetiseert andere werken,"Hoe bestaande MDM semantisch uitbreiden met ontologieën, mappings en queries? (parafrase)",Systeemontwerp en demonstratie; technische queryvergelijking gerapporteerd,"Virtuele RDF-toegang, ontologieën en mappings zijn bestaande semantische MDM-bouwstenen.","Virtuele RDF-toegang, ontologieën en mappings zijn bestaande semantische MDM-bouwstenen.",Primaire proceedings-PDF; abstract en architectuursecties gelezen; Bedrijfscontext en demonstratie; geen bewijs voor Nederlands SMDP of menselijke/AI-interpretatie.,Weerlegt brede nieuwheid van semantische masterdata; relevante eenvoudigere architectuurvariant.,legacy; thematische hercodering nodig,Xiaoyuan Wang; Xingzhi Sun; Feng Cao; Li Ma; Nick Kanellos; Kang Zhang; Yue Pan; Yong Yu (2009). SMDM: Enhancing Enterprise-Wide Master Data Management Using Semantic Web Technologies. https://www.vldb.org/pvldb/vol2/vldb09-1011.pdf,aangehaald in overzichtspaper; geselecteerde passages,literature-matrix.csv,research/corpus/papers/L18-2be5982312.pdf,geselecteerde passage; geen integrale bronvalidatie,1
L19,A Data Quality Model for Master Data Repositories,Fernando Gualo; Ismael Caballero; Moisés Rodríguez; Mario Piattini,2023,Tijdschriftartikel; Informatica,zie legacy-bron; niet apart geëxtraheerd,https://doi.org/10.15388/23-INFOR534,zie publicatietype; niet opnieuw vastgesteld,primair voor eigen inhoud; reviewliteratuur synthetiseert andere werken,Hoe een kwaliteitsmodel en metingen afstemmen op masterdatarepositories? (parafrase),Ontwerp van kwaliteitsmodel op basis van internationale standaarden; uitgewerkt meetvoorbeeld,Kwaliteitsmodel voor masterdatarepositories koppelt dimensies en metingen aan internationale standaarden.,Kwaliteitsmodel voor masterdatarepositories koppelt dimensies en metingen aan internationale standaarden.,"Primaire uitgeverstekst; model- en meetsecties gecontroleerd tijdens review; Geen validatie van dit SMDP, Nederlandse gezagsketens of AI; claims beperkt tot gelezen model- en meetbeschrijving.",Antecedent voor kwaliteit; voorkomt dat eigen M01-M23 als nieuwe kwaliteitsmeettaxonomie worden gepresenteerd.,legacy; thematische hercodering nodig,Fernando Gualo; Ismael Caballero; Moisés Rodríguez; Mario Piattini (2023). A Data Quality Model for Master Data Repositories. https://doi.org/10.15388/23-INFOR534,aangehaald in overzichtspaper; geselecteerde passages,literature-matrix.csv,research/corpus/papers/L19-55c3b53ece.html;research/corpus/papers/L19-a9de6de4c9.pdf,geselecteerde passage; geen integrale bronvalidatie,2
B01,Master Data Management,David Loshin,2008,boek,Morgan Kaufmann / Elsevier,https://shop.elsevier.com/books/master-data-management/loshin/978-0-12-374225-4,niet vastgesteld; professioneel boek,primair voor eigen inhoud; reviewliteratuur synthetiseert andere werken,MDM-doelen en functies duiden,Professionele inleiding; hoofdstukfragment,MDM behandelt uiteenlopende representaties en bedrijfsbetekenis; beheermiddelen dienen bedrijfsdoelen.,MDM behandelt uiteenlopende representaties en bedrijfsbetekenis; beheermiddelen dienen bedrijfsdoelen.,Ontdekkingsmetadata; volledige tekst en publicatieversie nog te beoordelen.,Definities en bedrijfssemantiek,MDM;capabilities;governance;quality,David Loshin (2008). Master Data Management. Morgan Kaufmann / Elsevier. https://shop.elsevier.com/books/master-data-management/loshin/978-0-12-374225-4,aangehaald in overzichtspaper; geselecteerde passages,https://shop.elsevier.com/books/master-data-management/loshin/978-0-12-374225-4,research/corpus/books/B01-bc041b2983.html;research/corpus/books/B01-6f746e01b6.pdf,geselecteerde passage; geen integrale bronvalidatie,2
B02,Enterprise Master Data Management: An SOA Approach to Managing Core Information,Allen Dreibelbis; Eberhard Hechler; Ivan Milman; Martin Oberhofer; Paul van Run; Dan Wolfson,2008,boek,IBM Press / Pearson,https://www.informit.com/store/enterprise-master-data-management-an-soa-approach-to-9780132799720,niet vastgesteld,te classificeren per gebruik,nog niet geëxtraheerd,nog niet geëxtraheerd,nog niet geëxtraheerd,nog niet geëxtraheerd,Ontdekkingsmetadata; volledige tekst en publicatieversie nog te beoordelen.,MDM;architecture;capabilities;governance,MDM;architecture;capabilities;governance,Allen Dreibelbis; Eberhard Hechler; Ivan Milman; Martin Oberhofer; Paul van Run; Dan Wolfson (2008). Enterprise Master Data Management: An SOA Approach to Managing Core Information. IBM Press / Pearson. https://www.informit.com/store/enterprise-master-data-management-an-soa-approach-to-9780132799720,niet aangehaald; kandidaat behouden,https://www.informit.com/store/enterprise-master-data-management-an-soa-approach-to-9780132799720,research/corpus/books/B02-85456d659d.html;research/corpus/books/B02-448255dab8.pdf,bestanden beschikbaar; aard en inhoud controleren,2
B03,"Master Data Management and Data Governance, 2/E",Alex Berson; Larry Dubov,2011 (copyright); 2010 (publicatie),boek,McGraw Hill,https://www.mheducation.com/highered/mhp/product/master-data-management-data-governance-2-e.html,niet vastgesteld,te classificeren per gebruik,nog niet geëxtraheerd,nog niet geëxtraheerd,nog niet geëxtraheerd,nog niet geëxtraheerd,Ontdekkingsmetadata; volledige tekst en publicatieversie nog te beoordelen.,MDM;governance;architecture,MDM;governance;architecture,"Alex Berson; Larry Dubov (2011 (copyright); 2010 (publicatie)). Master Data Management and Data Governance, 2/E. McGraw Hill. https://www.mheducation.com/highered/mhp/product/master-data-management-data-governance-2-e.html",niet aangehaald; kandidaat behouden,https://www.mheducation.com/highered/mhp/product/master-data-management-data-governance-2-e.html,research/corpus/books/B03-9cce8f15cc.html,bestanden beschikbaar; aard en inhoud controleren,1
B04,"Data Matching: Concepts and Techniques for Record Linkage, Entity Resolution, and Duplicate Detection",Peter Christen,2012,boek,Springer,https://doi.org/10.1007/978-3-642-31164-2,niet vastgesteld,te classificeren per gebruik,nog niet geëxtraheerd,nog niet geëxtraheerd,nog niet geëxtraheerd,nog niet geëxtraheerd,Ontdekkingsmetadata; volledige tekst en publicatieversie nog te beoordelen.,entity resolution;matching;deduplication,entity resolution;matching;deduplication,"Peter Christen (2012). Data Matching: Concepts and Techniques for Record Linkage, Entity Resolution, and Duplicate Detection. Springer. https://doi.org/10.1007/978-3-642-31164-2",niet aangehaald; kandidaat behouden,https://link.springer.com/book/10.1007/978-3-642-31164-2,research/corpus/books/B04-b31e2775c7.html,bestanden beschikbaar; aard en inhoud controleren,1
B05,"Data Quality: Concepts, Methodologies and Techniques",Carlo Batini; Monica Scannapieco,2006,boek,Springer,https://doi.org/10.1007/3-540-33173-5,niet vastgesteld,te classificeren per gebruik,nog niet geëxtraheerd,nog niet geëxtraheerd,nog niet geëxtraheerd,nog niet geëxtraheerd,Ontdekkingsmetadata; volledige tekst en publicatieversie nog te beoordelen.,quality;identity;data integration,quality;identity;data integration,"Carlo Batini; Monica Scannapieco (2006). Data Quality: Concepts, Methodologies and Techniques. Springer. https://doi.org/10.1007/3-540-33173-5",niet aangehaald; kandidaat behouden,https://link.springer.com/book/10.1007/3-540-33173-5,research/corpus/books/B05-0711c01eb8.html,bestanden beschikbaar; aard en inhoud controleren,1
B06,An Introduction to Ontology Engineering,C. Maria Keet,2020 (open versie 1.5),open leerboek,Auteur / University of Cape Town,https://people.cs.uct.ac.za/~mkeet/OEbook/,niet vastgesteld,te classificeren per gebruik,nog niet geëxtraheerd,nog niet geëxtraheerd,nog niet geëxtraheerd,nog niet geëxtraheerd,Ontdekkingsmetadata; volledige tekst en publicatieversie nog te beoordelen.,ontology;conceptual modelling;knowledge representation,ontology;conceptual modelling;knowledge representation,C. Maria Keet (2020 (open versie 1.5)). An Introduction to Ontology Engineering. Auteur / University of Cape Town. https://people.cs.uct.ac.za/~mkeet/OEbook/,niet aangehaald; kandidaat behouden,https://people.cs.uct.ac.za/~mkeet/OEbook/,research/corpus/books/B06-40d50dff32.html;research/corpus/books/B06-1c7cbab4c7.pdf;research/corpus/books/B06-91ada3dd8d.pdf;research/corpus/books/B06-7e4130ea74.pdf,bestanden beschikbaar; aard en inhoud controleren,4
B07,Knowledge Graphs,Aidan Hogan; Eva Blomqvist; Michael Cochez; Claudia d’Amato; Gerard de Melo; Claudio Gutierrez; Sabrina Kirrane; José Emilio Labra Gayo; Roberto Navigli; Sebastian Neumaier; Axel-Cyrille Ngonga Ngomo; Axel Polleres; Sabbir M. Rashid; Anisa Rula; Lukas Schmelzeisen; Juan Sequeda; Steffen Staab; Antoine Zimmermann,2021,boek,Springer; oorspronkelijk Morgan & Claypool,https://doi.org/10.2200/S01125ED1V01Y202109DSK022,niet vastgesteld,primair voor eigen inhoud; reviewliteratuur synthetiseert andere werken,nog niet geëxtraheerd,Gerichte passageanalyse; onderzoeksmethode alleen binnen gelezen tekst,Niet inhoudelijk gebruikt,Geen boekbevinding afgeleid; gelinkte PDF is ander werk,Ontdekkingsmetadata; volledige tekst en publicatieversie nog te beoordelen.,knowledge graphs;semantics;quality;provenance,knowledge graphs;semantics;quality;provenance,Aidan Hogan; Eva Blomqvist; Michael Cochez; Claudia d’Amato; Gerard de Melo; Claudio Gutierrez; Sabrina Kirrane; José Emilio Labra Gayo; Roberto Navigli; Sebastian Neumaier; Axel-Cyrille Ngonga Ngomo; Axel Polleres; Sabbir M. Rashid; Anisa Rula; Lukas Schmelzeisen; Juan Sequeda; Steffen Staab; Antoine Zimmermann (2021). Knowledge Graphs. Springer; oorspronkelijk Morgan & Claypool. https://doi.org/10.2200/S01125ED1V01Y202109DSK022,niet aangehaald; kandidaat behouden,https://kgbook.org/,research/corpus/books/B07-27df344a25.html;research/corpus/books/B07-36c77dd26b.pdf;research/corpus/books/B07-f3f5c40b92.pdf;research/corpus/books/B07-e6a972a29a.pdf,Catalogus en gelinkte documenten; boekidentiteit niet aangetoond,4
B08,Data Mesh: Delivering Data-Driven Value at Scale,Zhamak Dehghani,2022,boek,O’Reilly,https://www.oreilly.com/library/view/data-mesh/9781492092384/titlepage01.html,niet vastgesteld,te classificeren per gebruik,nog niet geëxtraheerd,nog niet geëxtraheerd,nog niet geëxtraheerd,nog niet geëxtraheerd,Ontdekkingsmetadata; volledige tekst en publicatieversie nog te beoordelen.,data mesh;data products;federated governance,data mesh;data products;federated governance,Zhamak Dehghani (2022). Data Mesh: Delivering Data-Driven Value at Scale. O’Reilly. https://www.oreilly.com/library/view/data-mesh/9781492092384/titlepage01.html,niet aangehaald; kandidaat behouden,https://www.oreilly.com/library/view/data-mesh/9781492092384/titlepage01.html,research/corpus/books/B08-4eb04125e6.pdf,bestanden beschikbaar; aard en inhoud controleren,1
P01,Smarter Modeling of IBM InfoSphere Master Data Management Solutions,Jan-Bernd Bracht; Joerg Rehr; Markus Siebert; Rouven Thimm,2012,leveranciersboek,IBM Redbooks,https://www.redbooks.ibm.com/abstracts/sg247956.html,nee; leveranciersliteratuur,primair voor eigen inhoud; reviewliteratuur synthetiseert andere werken,MDM-modellering en implementatiestijlen beschrijven,Leveranciershandboek; geselecteerde modelleerhoofdstukken,"Patroonlabels onderscheiden verwijzingen, primair beheer en synchronisatie; historie en survivorship zijn afzonderlijke functies.","Patroonlabels onderscheiden verwijzingen, primair beheer en synchronisatie; historie en survivorship zijn afzonderlijke functies.",Ontdekkingsmetadata; volledige tekst en publicatieversie nog te beoordelen.,Patronen; historie; survivorship,MDM;modelling;architecture,Jan-Bernd Bracht; Joerg Rehr; Markus Siebert; Rouven Thimm (2012). Smarter Modeling of IBM InfoSphere Master Data Management Solutions. IBM Redbooks. https://www.redbooks.ibm.com/abstracts/sg247956.html,aangehaald in overzichtspaper; geselecteerde passages,https://www.redbooks.ibm.com/abstracts/sg247956.html,research/corpus/professional/P01-50a20a0575.html;research/corpus/professional/P01-28c1969531.pdf,geselecteerde passage; geen integrale bronvalidatie,2
P02,Master Data Management for SaaS Applications,Whei-Jen Chen; Bhavani Eshwar; Ramya Rajendiran; Shettigar Srinivas; Manjunath B Subramanian; Bharathi Venkatasubramanian,2014,leveranciersboek,IBM Redbooks,https://www.redbooks.ibm.com/abstracts/sg248220.html,nee; leveranciersliteratuur,primair voor eigen inhoud; reviewliteratuur synthetiseert andere werken,MDM en SaaS verbinden,Leveranciershandboek; integratiebeschrijving,Leveranciersbeschrijving van MDM-integratie met SaaS; geen onafhankelijke effectvergelijking.,Leveranciersbeschrijving van MDM-integratie met SaaS; geen onafhankelijke effectvergelijking.,Ontdekkingsmetadata; volledige tekst en publicatieversie nog te beoordelen.,Distributie; integratie,MDM;cloud;distribution;integration,Whei-Jen Chen; Bhavani Eshwar; Ramya Rajendiran; Shettigar Srinivas; Manjunath B Subramanian; Bharathi Venkatasubramanian (2014). Master Data Management for SaaS Applications. IBM Redbooks. https://www.redbooks.ibm.com/abstracts/sg248220.html,aangehaald in overzichtspaper; geselecteerde passages,https://www.redbooks.ibm.com/abstracts/sg248220.html,research/corpus/professional/P02-d3ea00448e.html;research/corpus/professional/P02-1d27e6dcf1.pdf,geselecteerde passage; geen integrale bronvalidatie,2
L20,Strategic Business Requirements for Master Data Management Systems,Boris Otto; Martin H. Ofner,2011,conferentiepublicatie,AIS / AMCIS,https://aisel.aisnet.org/amcis2011_submissions/108/,conferentiepublicatie; reviewstatus nog afzonderlijk controleren,primair voor eigen inhoud; reviewliteratuur synthetiseert andere werken,Strategische businessrequirements voor MDM-systemen,Requirementsstudie; theoretisch kader en tabellen geanalyseerd,Master Data as a Product en Business Semantics Management zijn expliciete vroegere MDM-ideeën.,Master Data as a Product en Business Semantics Management zijn expliciete vroegere MDM-ideeën.,Ontdekkingsmetadata; volledige tekst en publicatieversie nog te beoordelen.,Capabilitiestaxonomie; vroeg productdenken,MDM;capabilities;business requirements,Boris Otto; Martin H. Ofner (2011). Strategic Business Requirements for Master Data Management Systems. AIS / AMCIS. https://aisel.aisnet.org/amcis2011_submissions/108/,aangehaald in overzichtspaper; geselecteerde passages,https://aisel.aisnet.org/amcis2011_submissions/108/,research/corpus/papers/L20-ef36ef5307.html;research/corpus/papers/L20-ef53704b6c.pdf,geselecteerde passage; geen integrale bronvalidatie,2
L21,"Entity Resolution: Theory, Practice & Open Challenges",Lise Getoor; Ashwin Machanavajjhala,2012,conferentietutorial,PVLDB,https://vldb.org/pvldb/vol5/p2018_lisegetoor_vldb2012.pdf,niet vastgesteld,primair voor eigen inhoud; reviewliteratuur synthetiseert andere werken,Entity-resolutiononderzoek structureren,Onderzoekstutorial,Entity resolution koppelt verschillende beschrijvingen van dezelfde referent.,Entity resolution koppelt verschillende beschrijvingen van dezelfde referent.,Ontdekkingsmetadata; volledige tekst en publicatieversie nog te beoordelen.,Identiteit en matching,entity resolution;matching;identity,"Lise Getoor; Ashwin Machanavajjhala (2012). Entity Resolution: Theory, Practice & Open Challenges. PVLDB. https://vldb.org/pvldb/vol5/p2018_lisegetoor_vldb2012.pdf",aangehaald in overzichtspaper; geselecteerde passages,https://vldb.org/pvldb/vol5/p2018_lisegetoor_vldb2012.pdf,research/corpus/papers/L21-a43adcb079.pdf,geselecteerde passage; geen integrale bronvalidatie,1
L22,Evaluating Entity Resolution Results,David Menestrina; Steven Euijong Whang; Hector Garcia-Molina,2010,conferentiepublicatie,PVLDB,https://www.vldb.org/pvldb/vol3/R18.pdf,niet vastgesteld,primair voor eigen inhoud; reviewliteratuur synthetiseert andere werken,ER-resultaten beoordelen,Vergelijking van ER-evaluatiemaatstaven,Evaluatiematen kunnen dezelfde ER-uitkomsten verschillend rangschikken.,Evaluatiematen kunnen dezelfde ER-uitkomsten verschillend rangschikken.,Ontdekkingsmetadata; volledige tekst en publicatieversie nog te beoordelen.,Metricafhankelijkheid,entity resolution;evaluation;quality, (2010). Evaluating Entity Resolution Results. PVLDB. https://www.vldb.org/pvldb/vol3/R18.pdf,aangehaald in overzichtspaper; geselecteerde passages,https://www.vldb.org/pvldb/vol3/R18.pdf,research/corpus/papers/L22-265ff3c24d.pdf,geselecteerde passage; geen integrale bronvalidatie,1
L23,Data Mesh: a Systematic Gray Literature Review,Abel Goedegebuure; Indika Kumara; Stefan Driessen; Willem-Jan van den Heuvel; Geert Monsieur; Damian Andrew Tamburri; Dario Di Nucci,2023,preprint,arXiv,https://arxiv.org/abs/2304.01062,nee voor geregistreerde preprint; latere tijdschriftversie afzonderlijk controleren,primair voor eigen inhoud; reviewliteratuur synthetiseert andere werken,"Data Mesh-principes, capabilities en rollen structureren","Systematische grijze-literatuurreview van 114 bijdragen, volgens auteurs",Review van grijze literatuur synthetiseert Data Mesh-principes; praktijkclaims zijn geen onafhankelijk gemeten effecten.,Review van grijze literatuur synthetiseert Data Mesh-principes; praktijkclaims zijn geen onafhankelijk gemeten effecten.,Ontdekkingsmetadata; volledige tekst en publicatieversie nog te beoordelen.,Federatie; professioneel bewijs onderscheiden,data mesh;governance;capabilities,Abel Goedegebuure; Indika Kumara; Stefan Driessen; Dario Di Nucci; Geert Monsieur; Willem-Jan van den Heuvel; Damian Andrew Tamburri (2023 (preprint)). Data Mesh: a Systematic Gray Literature Review. arXiv. https://arxiv.org/abs/2304.01062,aangehaald in overzichtspaper; geselecteerde passages,https://arxiv.org/abs/2304.01062,research/corpus/papers/L23-f81933ab74.html;research/corpus/papers/L23-4745466c90.pdf;research/corpus/papers/L23-e486d09f75.pdf,geselecteerde passage; geen integrale bronvalidatie,3
L24,"The Future of Data Management: A Delimitation of Data Platforms, Data Spaces, Data Meshes, and Data Fabrics",Anna Gieß; Andreas Hutterer,2025,tijdschriftartikel,Springer,https://doi.org/10.1007/s10257-025-00707-4,niet vastgesteld,primair voor eigen inhoud; reviewliteratuur synthetiseert andere werken,Datamanagementbenaderingen afbakenen,Literatuurreview met vergelijkingskader; 189 bijdragen volgens abstract,"Review vergelijkt platforms, spaces, meshes en fabrics; classificatie bepaalt geen lokale prestatiegarantie.","Review vergelijkt platforms, spaces, meshes en fabrics; classificatie bepaalt geen lokale prestatiegarantie.",Ontdekkingsmetadata; volledige tekst en publicatieversie nog te beoordelen.,Architecturen en governance,data mesh;data fabric;federation;architecture," (2025). The Future of Data Management: A Delimitation of Data Platforms, Data Spaces, Data Meshes, and Data Fabrics. Springer. https://doi.org/10.1007/s10257-025-00707-4",aangehaald in overzichtspaper; geselecteerde passages,https://link.springer.com/article/10.1007/s10257-025-00707-4,research/corpus/papers/L24-8124ff79bc.html;research/corpus/papers/L24-fc9d53d5bb.pdf,geselecteerde passage; geen integrale bronvalidatie,2
L25,Data catalog tools: A systematic multivocal literature review,,2025,tijdschriftartikel,Elsevier / Journal of Systems and Software,https://doi.org/10.1016/j.jss.2025.112584,niet vastgesteld,te classificeren per gebruik,nog niet geëxtraheerd,nog niet geëxtraheerd,nog niet geëxtraheerd,nog niet geëxtraheerd,Ontdekkingsmetadata; volledige tekst en publicatieversie nog te beoordelen.,metadata;catalog;capabilities;data products,metadata;catalog;capabilities;data products, (2025). Data catalog tools: A systematic multivocal literature review. Elsevier / Journal of Systems and Software. https://doi.org/10.1016/j.jss.2025.112584,niet aangehaald; kandidaat behouden,https://www.sciencedirect.com/science/article/pii/S0164121225002535,,geen bruikbare tekst verworven,0
L26,Mapping the evolution of data governance scientific research,H. Hassani; X. Huang; S. MacFeely,2025,tijdschriftartikel,Cambridge / Data & Policy; IIASA repository,https://doi.org/10.1017/dap.2025.10014,niet vastgesteld,te classificeren per gebruik,nog niet geëxtraheerd,nog niet geëxtraheerd,nog niet geëxtraheerd,nog niet geëxtraheerd,Ontdekkingsmetadata; volledige tekst en publicatieversie nog te beoordelen.,governance;research landscape,governance;research landscape,H. Hassani; X. Huang; S. MacFeely (2025). Mapping the evolution of data governance scientific research. Cambridge / Data & Policy; IIASA repository. https://doi.org/10.1017/dap.2025.10014,niet aangehaald; kandidaat behouden,https://pure.iiasa.ac.at/id/eprint/20795/,research/corpus/papers/L26-47a92434a9.html;research/corpus/papers/L26-1e4ac0ab5a.pdf,bestanden beschikbaar; aard en inhoud controleren,2
L27,Impact of a Master Data Management Framework to Trigger Data Governance Maturity: A Systematic Literature Review,Leonardo Guerreiro; José Martins; Maria do Rosário Bernardo; Henrique Mamede; Frederico Branco,2025,tijdschriftartikel,IEEE Access,https://doi.org/10.1109/ACCESS.2025.3627855,niet vastgesteld,primair voor eigen inhoud; reviewliteratuur synthetiseert andere werken,Verband MDM-frameworks en governancevolwassenheid onderzoeken,"Literatuurreview; abstract, selectie en conclusie gelezen","Review verbindt MDM en governancevolwassenheid, maar plaatst empirische kadervalidatie in vervolgonderzoek.","Review verbindt MDM en governancevolwassenheid, maar plaatst empirische kadervalidatie in vervolgonderzoek.",Ontdekkingsmetadata; volledige tekst en publicatieversie nog te beoordelen.,Verwant overzicht; geen eigen causale effectschatting,MDM;governance;maturity;review, (2025). Impact of a Master Data Management Framework to Trigger Data Governance Maturity: A Systematic Literature Review. IEEE Access. https://doi.org/10.1109/ACCESS.2025.3627855,aangehaald in overzichtspaper; geselecteerde passages,https://doi.org/10.1109/ACCESS.2025.3627855,research/corpus/papers/L27-ba0383324b.pdf,geselecteerde passage; geen integrale bronvalidatie,1
L28,From Compliance to Value: Data Governance Implementation Challenges to Turn Data into a Strategic Asset—A Systematic Literature Review,Ignacio Acuña; Ania Cravero; Marta Zorrilla,2026,tijdschriftartikel,MDPI / Applied Sciences,https://doi.org/10.3390/app16115289,niet vastgesteld,te classificeren per gebruik,nog niet geëxtraheerd,nog niet geëxtraheerd,nog niet geëxtraheerd,nog niet geëxtraheerd,Ontdekkingsmetadata; volledige tekst en publicatieversie nog te beoordelen.,governance;implementation;review,governance;implementation;review,Ignacio Acuña; Ania Cravero; Marta Zorrilla (2026). From Compliance to Value: Data Governance Implementation Challenges to Turn Data into a Strategic Asset—A Systematic Literature Review. MDPI / Applied Sciences. https://doi.org/10.3390/app16115289,niet aangehaald; kandidaat behouden,https://www.mdpi.com/2076-3417/16/11/5289,,geen bruikbare tekst verworven,0
L29,End-to-End Entity Resolution for Big Data: A Survey,Vassilis Christophides; Vasilis Efthymiou; Themis Palpanas; George Papadakis; Kostas Stefanidis,2020,preprint,arXiv,https://arxiv.org/abs/1905.06397,nee voor geregistreerde preprint,primair voor eigen inhoud; reviewliteratuur synthetiseert andere werken,End-to-end entity resolution structureren,Survey; auteursversie 2020,Entity resolution kent meerdere samenhangende verwerkingsstappen.,Entity resolution kent meerdere samenhangende verwerkingsstappen.,Ontdekkingsmetadata; volledige tekst en publicatieversie nog te beoordelen.,ER-workflows,entity resolution;matching;deduplication, (2019 (preprint)). End-to-End Entity Resolution for Big Data: A Survey. arXiv. https://arxiv.org/abs/1905.06397,aangehaald in overzichtspaper; geselecteerde passages,https://arxiv.org/abs/1905.06397,research/corpus/papers/L29-1d4bdfbc41.html;research/corpus/papers/L29-1ff494de9c.pdf,geselecteerde passage; geen integrale bronvalidatie,2
L30,A Survey of Blocking and Filtering Techniques for Entity Resolution,George Papadakis; Dimitrios Skoutas; Emmanouil Thanos; Themis Palpanas,2020,preprint,arXiv,https://arxiv.org/abs/1905.06167,nee voor geregistreerde preprint,primair voor eigen inhoud; reviewliteratuur synthetiseert andere werken,Blocking en filtering vergelijken,Survey; auteursversie 2020,Blocking en filtering beperken vergelijkingen op verschillende manieren.,Blocking en filtering beperken vergelijkingen op verschillende manieren.,Ontdekkingsmetadata; volledige tekst en publicatieversie nog te beoordelen.,Kandidaatselectie en schaalbaarheid,entity resolution;blocking;scalability, (2019 (preprint)). A Survey of Blocking and Filtering Techniques for Entity Resolution. arXiv. https://arxiv.org/abs/1905.06167,aangehaald in overzichtspaper; geselecteerde passages,https://arxiv.org/abs/1905.06167,research/corpus/papers/L30-c7aba244e7.html;research/corpus/papers/L30-024a111af7.pdf,geselecteerde passage; geen integrale bronvalidatie,2
L31,xLP: Explainable Link Prediction for Master Data Management,Balaji Ganesan; Sumit Bhatia; Hima Patel; Sameep Mehta; Matheen Ahmed Pasha; Srinivasa Parkala; Neeraj R Singh; Gayatri Mishra; Somashekhar Naganna,2024,preprint,arXiv,https://arxiv.org/abs/2403.09806,nee voor geregistreerde preprint,primair voor eigen inhoud; reviewliteratuur synthetiseert andere werken,Link prediction in MDM uitlegbaar maken,Methode-/demonstratiebeschrijving; depotversie 2024,xLP illustreert uitlegbaarheid van voorspelde relaties in MDM.,xLP illustreert uitlegbaarheid van voorspelde relaties in MDM.,Ontdekkingsmetadata; volledige tekst en publicatieversie nog te beoordelen.,AI-hulpmiddel; beperkte overdraagbaarheid,MDM;AI;explainability;entity resolution,Balaji Ganesan; Matheen Ahmed Pasha; Srinivasa Parkala; Neeraj R Singh; Gayatri Mishra; Sumit Bhatia; Hima Patel; Somashekar Naganna; Sameep Mehta (2024 (preprint)). xLP: Explainable Link Prediction for Master Data Management. arXiv. https://arxiv.org/abs/2403.09806,aangehaald in overzichtspaper; geselecteerde passages,https://arxiv.org/abs/2403.09806,research/corpus/papers/L31-fcf2da67c7.html;research/corpus/papers/L31-decc8c232d.pdf,geselecteerde passage; geen integrale bronvalidatie,2
M01,PRISMA Extension for Scoping Reviews (PRISMA-ScR): Checklist and Explanation,Andrea C. Tricco; Erin Lillie; Wasifa Zarin; others,2018,reviewmethodologie,Annals of Internal Medicine; auteursmanuscript White Rose,https://doi.org/10.7326/M18-0850,niet vastgesteld,primair voor eigen inhoud; reviewliteratuur synthetiseert andere werken,Scoping-reviewrapportage verbeteren,Ontwikkeling van rapportagechecklist en toelichting,PRISMA-ScR ondersteunt transparante rapportage van scoping reviews.,PRISMA-ScR ondersteunt transparante rapportage van scoping reviews.,Ontdekkingsmetadata; volledige tekst en publicatieversie nog te beoordelen.,Reviewtransparantie,scoping review;reporting, (2018). PRISMA Extension for Scoping Reviews (PRISMA-ScR): Checklist and Explanation. Annals of Internal Medicine; auteursmanuscript White Rose. https://doi.org/10.7326/M18-0850,aangehaald in overzichtspaper; geselecteerde passages,https://eprints.whiterose.ac.uk/136633/1/PRISMA_ScR_Manuscript_July6th_clean_1_.pdf,research/corpus/methods/M01-501e205a9e.pdf,geselecteerde passage; geen integrale bronvalidatie,1
M02,PRISMA-S: an extension to the PRISMA statement for reporting literature searches in systematic reviews,Melissa L. Rethlefsen; Shona Kirtley; Siw Waffenschmidt; Ana Patricia Ayala; David Moher; Matthew J. Page; Jonathan B. Koffel; {PRISMA-S Group},2021,reviewmethodologie,Journal of the Medical Library Association,https://doi.org/10.5195/jmla.2021.962,niet vastgesteld,primair voor eigen inhoud; reviewliteratuur synthetiseert andere werken,Zoekrapportage verbeteren,Ontwikkeling van rapportagerichtlijn en toelichting,PRISMA-S ondersteunt reproduceerbare rapportage van literatuurzoekacties.,PRISMA-S ondersteunt reproduceerbare rapportage van literatuurzoekacties.,Ontdekkingsmetadata; volledige tekst en publicatieversie nog te beoordelen.,Reproduceerbaarheid,search strategy;reproducibility, (2021). PRISMA-S: an extension to the PRISMA statement for reporting literature searches in systematic reviews. Systematic Reviews; PMC. https://pmc.ncbi.nlm.nih.gov/articles/PMC8270366/,aangehaald in overzichtspaper; geselecteerde passages,https://pmc.ncbi.nlm.nih.gov/articles/PMC8270366/,research/corpus/methods/M02-5062d21895.html;research/corpus/methods/M02-cd5c790244.html;research/corpus/methods/M02-bf3b7b870d.pdf,geselecteerde passage; geen integrale bronvalidatie,3
S52,ISO 8601 — Date and time format,ISO,,standaardinformatie,ISO,https://www.iso.org/iso-8601-date-and-time-format.html,niet vastgesteld,primair voor eigen inhoud; reviewliteratuur synthetiseert andere werken,nog niet geëxtraheerd,Gerichte passageanalyse; onderzoeksmethode alleen binnen gelezen tekst,Notatie van datum en tijd,Notatie van datum en tijd,Ontdekkingsmetadata; volledige tekst en publicatieversie nog te beoordelen.,temporality;date representation,temporality;date representation,ISO (). ISO 8601 — Date and time format. ISO. https://www.iso.org/iso-8601-date-and-time-format.html,aangehaald in overzichtspaper; geselecteerde passages,https://www.iso.org/iso-8601-date-and-time-format.html,,officiële webcontrole; alleen scope,0
B09,"Data Governance: How to Design, Deploy, and Sustain an Effective Data Governance Program",John Ladley,2019,boek,Academic Press / Elsevier,https://shop.elsevier.com/books/data-governance/ladley/978-0-12-815831-9,niet vastgesteld,te classificeren per gebruik,nog niet geëxtraheerd,nog niet geëxtraheerd,nog niet geëxtraheerd,nog niet geëxtraheerd,Ontdekkingsmetadata; volledige tekst en publicatieversie nog te beoordelen.,governance;stewardship;capabilities,governance;stewardship;capabilities,"John Ladley (2019). Data Governance: How to Design, Deploy, and Sustain an Effective Data Governance Program. Academic Press / Elsevier. https://shop.elsevier.com/books/data-governance/ladley/978-0-12-815831-9",niet aangehaald; kandidaat behouden,https://shop.elsevier.com/books/data-governance/ladley/978-0-12-815831-9,research/corpus/books/B09-129fa7f9d0.html,bestanden beschikbaar; aard en inhoud controleren,1
F01,Pas toe of leg uit-standaarden (verplicht),Forum Standaardisatie,2026,officiële lijstregistratie,Forum Standaardisatie,https://www.forumstandaardisatie.nl/open-standaarden/verplicht,nee; officiële registratie,primair voor eigen inhoud; reviewliteratuur synthetiseert andere werken,Formele Nederlandse lijststatus onderscheiden van technische versie,Gerichte lijstcontrole,"NL-SBB 1.0, OpenAPI 3.0, REST-regels 2.2 en CloudEvents 1.1 staan op de pas-toe-of-leg-uit-lijst.","NL-SBB 1.0, OpenAPI 3.0, REST-regels 2.2 en CloudEvents 1.1 staan op de pas-toe-of-leg-uit-lijst.",Momentopname 9 september 2026; toepasselijkheid vergt eigen beoordeling,,,,aangehaald in overzichtspaper; geselecteerde passages,https://www.forumstandaardisatie.nl/open-standaarden/verplicht,research/corpus/standards/F01-paper-check-20260909.html,geselecteerde passage; geen integrale bronvalidatie,
F02,MIM: officiële standaardregistratie,Forum Standaardisatie,2026,officiële lijstregistratie,Forum Standaardisatie,https://www.forumstandaardisatie.nl/open-standaarden/mim,nee; officiële registratie,primair voor eigen inhoud; reviewliteratuur synthetiseert andere werken,Formele Nederlandse lijststatus onderscheiden van technische versie,Gerichte lijstcontrole,MIM 1.2 staat als aanbevolen geregistreerd.,MIM 1.2 staat als aanbevolen geregistreerd.,Momentopname 9 september 2026; toepasselijkheid vergt eigen beoordeling,,,,aangehaald in overzichtspaper; geselecteerde passages,https://www.forumstandaardisatie.nl/open-standaarden/mim,research/corpus/standards/F02-paper-check-20260909.html,geselecteerde passage; geen integrale bronvalidatie,
F03,Standaarden in behandeling,Forum Standaardisatie,2026,officiële lijstregistratie,Forum Standaardisatie,https://www.forumstandaardisatie.nl/standaarden-in-behandeling,nee; officiële registratie,primair voor eigen inhoud; reviewliteratuur synthetiseert andere werken,Formele Nederlandse lijststatus onderscheiden van technische versie,Gerichte lijstcontrole,"DCAT-AP-NL, MDTO en TOOI staan in behandeling; OpenAPI-versiewijziging naar 3.1 is in procedure.","DCAT-AP-NL, MDTO en TOOI staan in behandeling; OpenAPI-versiewijziging naar 3.1 is in procedure.",Momentopname 9 september 2026; toepasselijkheid vergt eigen beoordeling,,,,aangehaald in overzichtspaper; geselecteerde passages,https://www.forumstandaardisatie.nl/standaarden-in-behandeling,research/corpus/standards/F03-paper-check-20260909.html,geselecteerde passage; geen integrale bronvalidatie,
