claim_id,claim,claimtype,bron_ids,primaire_bron,bronlocatie,bewijs_samenvatting,bewijsstatus,beperking_of_tegenbewijs,eis_id,latere_toets,geraadpleegd_op
C-S01,"DAMA-DMBOK: Datamanagement als discipline. Documentstatus: Gepubliceerde maintenance revision. Referentieversie: DMBOK2 Revised Edition, 2024.",bronfeit: scope en status,S01,https://dama.org/dama-dmbok-revision/,Revision overview,Governance; metadata; master/reference data; kwaliteit,Officiële editie-informatie; boek niet geraadpleegd,Geen conformiteitseisen afgeleid zonder boektekst,,,2026-09-07
C-S02,ISO 8000-100: Overzicht uitwisseling characteristic master data. Documentstatus: Published. Referentieversie: 2016.,bronfeit: scope en status,S02,https://www.iso.org/standard/62392.html,Abstract,Master data; characteristic data,ISO-catalogus en openbaar abstract; volledige norm niet geraadpleegd,Geen generiek overheids-MDM-ontwerp,,,2026-09-07
C-S03,ISO 8000-110: Berichten met characteristic master data tussen systemen/organisaties. Documentstatus: Published. Referentieversie: 2021.,bronfeit: scope en status,S03,https://www.iso.org/standard/78501.html,Abstract: scope en exclusions,Formele syntax; semantic encoding; data specification; dictionary,ISO-catalogus en openbaar abstract; volledige norm niet geraadpleegd,Provenance en accuracy buiten eigen scope; geen totale kwaliteitsgarantie,,,2026-09-07
C-S04,ISO 8000-120: Provenance van characteristic master data. Documentstatus: Published. Referentieversie: 2016.,bronfeit: scope en status,S04,https://www.iso.org/standard/62393.html,Abstract,Provenance-informatie,ISO-catalogus en openbaar abstract; volledige norm niet geraadpleegd,Geen uitwisselformaat of identifier-resolutie,,,2026-09-07
C-S05,ISO 8000-130: Uitwisseling van accuracy-informatie. Documentstatus: Published. Referentieversie: 2016.,bronfeit: scope en status,S05,https://www.iso.org/standard/62394.html,Abstract,Accuracy assertion,ISO-catalogus en openbaar abstract; volledige norm niet geraadpleegd,Bepaalt geen algemene accuracy-drempel,,,2026-09-07
C-S06,ISO 8000-140: Uitwisseling van completeness-informatie. Documentstatus: Published. Referentieversie: 2016.,bronfeit: scope en status,S06,https://www.iso.org/standard/62395.html,Abstract,Completeness assertion,ISO-catalogus en openbaar abstract; volledige norm niet geraadpleegd,Bepaalt geen algemene completeness-drempel,,,2026-09-07
C-S07,ISO/IEC 11179-3: Gemeenschappelijke voorzieningen metadataregister. Documentstatus: Published. Referentieversie: 2023.,bronfeit: scope en status,S07,https://www.iso.org/standard/78915.html,Abstract,Registry item; designation; definition; registration,ISO-catalogus en openbaar abstract; volledige norm niet geraadpleegd,Data-elementuitwerking niet uitsluitend in dit deel zoeken,,,2026-09-07
C-S08,ISO/IEC 11179-31: Registratie dataspecificaties. Documentstatus: Published. Referentieversie: 2023.,bronfeit: scope en status,S08,https://www.iso.org/standard/78925.html,Abstract a-d,Data element concept; object class; property; conceptual/value domain,ISO-catalogus en openbaar abstract; volledige norm niet geraadpleegd,Crosswalk naar MIM en begrippenkaders nodig,,,2026-09-07
C-S09,ISO/IEC 11179-33: Registratie datasets. Documentstatus: Published. Referentieversie: 2023.,bronfeit: scope en status,S09,https://www.iso.org/standard/81725.html,Abstract,Data set registration,ISO-catalogus en openbaar abstract; volledige norm niet geraadpleegd,Gelijkstelling datasetregistratie en productbeheer niet aangetoond,,,2026-09-07
C-S10,ISO/IEC 11179-6: Registratie metadata. Documentstatus: Published. Referentieversie: 2023.,bronfeit: scope en status,S10,https://www.iso.org/standard/78916.html,Abstract,Registration,ISO-catalogus en openbaar abstract; volledige norm niet geraadpleegd,Detailmapping lifecycle vereist volledige norm,,,2026-09-07
C-S11,ISO 704: Terminologiewerk incl. juridische en bestuurlijke domeinen. Documentstatus: Published. Referentieversie: 2022.,bronfeit: scope en status,S11,https://www.iso.org/standard/79077.html,Abstract,Object; concept; definitie; designation,ISO-catalogus en openbaar abstract; volledige norm niet geraadpleegd,Natuurlijke-taaldefinitie is geen uitvoerbaar axioma,,,2026-09-07
C-S12,ISO/IEC 25012: Kwaliteit gestructureerde data. Documentstatus: Published; confirmed 2025. Referentieversie: 2008.,bronfeit: scope en status,S12,https://www.iso.org/standard/35736.html,Abstract; review status,15 kenmerken; inherent/system dependent,ISO-catalogus en openbaar abstract; volledige norm niet geraadpleegd,Geen casusspecifieke meetdrempels,,,2026-09-07
C-S13,MIM: Conceptuele en logische informatiemodellen. Documentstatus: Vastgesteld 2024-06-13. Referentieversie: 1.2. Review: MIM §1.6.1 formuleert begrip als combinatie van term en definitie; de paper maakt een eigen operationele scheiding.,bronfeit: scope en status,S13,https://docs.geostandaarden.nl/mim/def-st-mim-20240613/,1.6; metamodelbeschrijvingen; https://www.forumstandaardisatie.nl/open-standaarden/mim,Objecttype; attribuutsoort; relatie; datatype,primaire specificatie: relevante onderdelen,Mappings tussen modelleertalen vragen controle op betekenisverlies,,,2026-09-07
C-S14,NL-SBB: Begrippenlijsten; taxonomieën; thesauri. Documentstatus: Vastgesteld 2024-10-10. Referentieversie: 1.0.,bronfeit: scope en status,S14,https://docs.geostandaarden.nl/nl-sbb/def-st-nl-sbb-20241010/,2; 4; 5.4-5.5; 7; https://www.forumstandaardisatie.nl/open-standaarden/nl-sbb,Begrip; term; definitie; grondslag,primaire specificatie: relevante onderdelen,Geen louter SKOS-profiel; lifecycle vraagt aanvullende afspraken,,,2026-09-07
C-S15,TOOI: Overheidsinformatie en overheidsorganisaties. Documentstatus: Gepubliceerde modules; lijstprocedure loopt. Referentieversie: Ontologie 1.6.2 (2025-07-04); lijstdocumentatie 1.3.4.,bronfeit: scope en status,S15,https://standaarden.overheid.nl/tooi/downloads,TOOI-ontologie; downloads; https://www.forumstandaardisatie.nl/open-standaarden/tooi,Organisatie; informatie; TOOI-URI,Officiële module- en versie-informatie,Versies van ontologie/documentatie/registers verschillen; niet stelselbrede MDM-ontologie,,,2026-09-07
C-S16,DCAT-AP-NL: Uitwisseling catalogusmetadata Nederland. Documentstatus: Vastgesteld 2025-05-26. Referentieversie: 3.0.,bronfeit: scope en status,S16,https://docs.geostandaarden.nl/dcat/def-st-dcat-ap-nl30-20250526/,3-4; klassen en eigenschappen; https://www.forumstandaardisatie.nl/open-standaarden/dcat-ap-nl,Dataset; DataService; Distribution; catalogus,primaire specificatie: relevante onderdelen,Geen volledige productverantwoordelijkheid of semantische keten,,,2026-09-07
C-S17,NEN 3610: Locatiegebonden informatie. Documentstatus: Definitief. Referentieversie: 2022.,bronfeit: scope en status,S17,https://www.nen.nl/nen-3610-2022-nl-296137,Omschrijving; specificaties; https://www.forumstandaardisatie.nl/open-standaarden/geo-standaarden,Geo-informatie; ruimtelijk object; relaties,NEN-catalogus; volledige norm niet geraadpleegd,Buiten geo-domein geen algemene dekking; volledige norm nog nodig,,,2026-09-07
C-S18,NLGov REST API Design Rules: Overheids-REST-API-ontwerp. Documentstatus: Definitieve publicatie. Referentieversie: 2.2.0; Forum vermeldt 2.2.,bronfeit: scope en status,S18,https://gitdocumentatie.logius.nl/publicatie/api/adr/2.2.0/,Conformance; rules; https://www.forumstandaardisatie.nl/open-standaarden/rest-api-design-rules,Resources; HTTP; version; OpenAPI,primaire specificatie: relevante onderdelen,API-uniformiteit bewijst geen betekenisgelijkheid,,,2026-09-07
C-S19,OpenAPI Specification: HTTP API-beschrijving. Documentstatus: Gepubliceerde specificatie. Referentieversie: Onderzoeksreferentie 3.1.1; Nederlandse lijst 3.0.,bronfeit: scope en status,S19,https://spec.openapis.org/oas/v3.1.1.html,Schema Object; OpenAPI Object; https://www.forumstandaardisatie.nl/open-standaarden/openapi-specification,Operation; parameter; Schema Object,primaire specificatie: relevante onderdelen,3.0 en 3.1 niet als identieke schemasemantiek behandelen,,,2026-09-07
C-S20,Digikoppeling: Gegevensuitwisseling tussen organisaties. Documentstatus: Gepubliceerde deelspecificaties. Referentieversie: Geen overkoepelend versienummer; REST-API 4.0.1.,bronfeit: scope en status,S20,https://gitdocumentatie.logius.nl/publicatie/dk/restapi/,REST-API koppelvlak; conformance; https://www.forumstandaardisatie.nl/open-standaarden/digikoppeling,ebMS; WUS; Grote Berichten; REST,primaire specificatie: relevante onderdelen,Transportconformiteit is geen datakwaliteit,,,2026-09-07
C-S21,Federated Service Connectivity (FSC): Federatieve API-connectiviteit. Documentstatus: Definitief 2026-04-21. Referentieversie: Core 2.0.0.,bronfeit: scope en status,S21,https://gitdocumentatie.logius.nl/publicatie/fsc/core/2.0.0/,Introduction; architecture; contracts; https://www.forumstandaardisatie.nl/open-standaarden/digikoppeling,Group; peer; contract; service,primaire specificatie: relevante onderdelen,Technisch vertrouwen is geen gezag over datawaarden,,,2026-09-07
C-S22,NL GOV profile for CloudEvents: Notificatie-uitwisseling. Documentstatus: Definitief 2026-03-17. Referentieversie: 1.1. Review: Forum-versieveld vermeldt 1.1 terwijl het specificatielinklabel 1.0 noemt; de geselecteerde Logius-versie 1.1 is apart gecontroleerd.,bronfeit: scope en status,S22,https://gitdocumentatie.logius.nl/publicatie/notificatieservices/cloudevents-nl/1.1/,2.2; 3.3-3.5; https://www.forumstandaardisatie.nl/open-standaarden/nl-gov-profile-cloudevents,id; source; type; specversion; dataschema; sequence,primaire specificatie: relevante onderdelen,Geen algemene garantie op aflevering; time is niet automatisch valid time,,,2026-09-07
C-S23,BOMOS: Beheer en ontwikkeling open standaarden/stelsels. Documentstatus: Gepubliceerd fundament. Referentieversie: Fundament 3.0.2; andere modules afzonderlijk.,bronfeit: scope en status,S23,https://gitdocumentatie.logius.nl/publicatie/bomos/fundament/3.0.2/,Activiteitenmodel; organisatie en rollen,Beheer; participatie; besluitvorming,primaire specificatie: relevante onderdelen,Geen operationeel MDM- of dataproductschema,,,2026-09-07
C-S24,MDTO: Duurzame toegankelijkheid overheidsinformatie. Documentstatus: Gepubliceerd. Referentieversie: 1.0.,bronfeit: scope en status,S24,https://www.nationaalarchief.nl/archiveren/mdto,Overzicht en specificatieonderdelen; https://www.forumstandaardisatie.nl/open-standaarden/mdto,Informatieobject; bestand; metagegevens,Officiële overzichtspagina; geen clausuleconformiteit vastgesteld,Bewaring en catalogisering vragen onderscheiden mappings,,,2026-09-07
C-S25,"Twaalf eisen basisregistraties: Inrichting authentieke registraties. Documentstatus: Historische primaire beleidsbron. Referentieversie: Kamerstuk 26387 nr.18, 2003.",bronfeit: scope en status,S25,https://zoek.officielebekendmakingen.nl/kst-26387-18.html,Bijlage 2,Wet; terugmelding; kwaliteit; verantwoordelijkheid,primaire specificatie: relevante onderdelen,Actuele verplichting vereist registratie-specifieke wet,,,2026-09-07
C-S26,Stelselafspraken / baseline kwaliteitszorg: Kwaliteitszorg basisregistraties. Documentstatus: Gepubliceerde baseline. Referentieversie: Geraadpleegde publicatie 2021; geen release-ID vastgesteld.,bronfeit: scope en status,S26,https://www.digitaleoverheid.nl/wp-content/uploads/sites/8/2021/07/Baseline-kwaliteitszorg-stelsel-van-basisregistraties2.pdf,2.1-2.6; 2.7 onderscheid potentiële afspraken,Bronhouder; verstrekker; afnemer; kwaliteitsborging,Officiële PDF; hoofdstuk 2 geraadpleegd,Geen volledige semantische integratiespecificatie,,,2026-09-07
C-S27,"Federatief Datastelsel (FDS): Toelating van data-aanbod. Documentstatus: Gepubliceerd afwegingskader. Referentieversie: Afwegingskader v1, 2025-12-18.",bronfeit: scope en status,S27,https://federatief.datastelsel.nl/afspraken/afwegingskader/v1/,RE; MO; DA; ME; KW-afspraken,Aanbieder; dataset; datadienst; bevoegd gezag,primaire specificatie: relevante onderdelen,Eigen binding per afspraak; geen algemene wet,,,2026-09-07
C-S28,"RDF: Representatie van resources. Documentstatus: W3C Recommendation. Referentieversie: 1.1, 2014-02-25.",bronfeit: scope en status,S28,https://www.w3.org/TR/rdf11-concepts/,1.2-1.5; 3-4,Triple; graph; IRI; literal; RDF dataset,primaire specificatie: relevante onderdelen,IRI alleen specificeert geen maatschappelijke referent,,,2026-09-07
C-S29,"RDFS: Basisschema’s RDF. Documentstatus: W3C Recommendation. Referentieversie: 1.1, 2014-02-25.",bronfeit: scope en status,S29,https://www.w3.org/TR/rdf-schema/,2-3,Class; Property; domain; range; subClassOf,primaire specificatie: relevante onderdelen,domain/range zijn geen gesloten validatieregels,,,2026-09-07
C-S30,"OWL: Formele ontologieën. Documentstatus: W3C Recommendation. Referentieversie: OWL 2, second edition, 2012.",bronfeit: scope en status,S30,https://www.w3.org/TR/owl2-overview/,Document Roadmap; semantics; profiles,Class; individual; property; axioms; profiles,primaire specificatie: relevante onderdelen,Open-world reasoning is geen volledigheidsvalidatie,,,2026-09-07
C-S31,SKOS: Kennisorganisatiesystemen. Documentstatus: W3C Recommendation. Referentieversie: 2009-08-18. Review: SKOS §3.5.1 staat een resource als skos:Concept en owl:Class toe; afzonderlijke beheerrollen zijn een profielkeuze.,bronfeit: scope en status,S31,https://www.w3.org/TR/skos-reference/,3; 5; 7; 8; 10; https://www.forumstandaardisatie.nl/open-standaarden/skos,Concept; label; definition; broader; mapping,primaire specificatie: relevante onderdelen,exactMatch niet owl:sameAs; broader niet subClassOf,,,2026-09-07
C-S32,SHACL: Validatie RDF-grafen. Documentstatus: W3C Recommendation. Referentieversie: 2017-07-20.,bronfeit: scope en status,S32,https://www.w3.org/TR/shacl/,Validation; shapes; Core constraints,Shape; target; constraint; validation result,primaire specificatie: relevante onderdelen,Slagen bewijst geen waarheid buiten de aangeleverde graaf,,,2026-09-07
C-S33,PROV-O: Provenance. Documentstatus: W3C Recommendation. Referentieversie: 2013-04-30.,bronfeit: scope en status,S33,https://www.w3.org/TR/prov-o/,Starting Point terms; Expanded terms; Qualified terms,Entity; Activity; Agent; derivation,primaire specificatie: relevante onderdelen,Provenance claim is niet automatisch betrouwbaar,,,2026-09-07
C-S34,DQV: Kwaliteitsmetadata. Documentstatus: W3C Working Group Note; geen Recommendation. Referentieversie: 2016-12-15.,bronfeit: scope en status,S34,https://www.w3.org/TR/vocab-dqv/,Abstract; vocabulary; examples,Dimension; Metric; QualityMeasurement,primaire specificatie: relevante onderdelen,Geen complete kwaliteitsdefinitie of validatie-engine,,,2026-09-07
C-S35,"JSON-LD: Linked Data in JSON. Documentstatus: W3C Recommendation. Referentieversie: 1.1, 2020-07-16.",bronfeit: scope en status,S35,https://www.w3.org/TR/json-ld11/,Basic Concepts; Advanced Concepts,Context; IRI; expansion; compaction,primaire specificatie: relevante onderdelen,JSON-syntax alleen maakt JSON geen Linked Data,,,2026-09-07
C-S36,"SPARQL: RDF bevragen en verwerken. Documentstatus: W3C Recommendation suite. Referentieversie: 1.1, 2013-03-21.",bronfeit: scope en status,S36,https://www.w3.org/TR/sparql11-overview/,Query; entailment; protocol,Graph pattern; query; update; service,primaire specificatie: relevante onderdelen,Endpoint is niet verplicht gevolg van RDF-gebruik,,,2026-09-07
C-S37,OWL-Time: Tijdstippen en intervallen. Documentstatus: Gekozen W3C Recommendation; latest-URL bevat latere CR Draft. Referentieversie: Recommendation 2017-10-19.,bronfeit: scope en status,S37,https://www.w3.org/TR/2017/REC-owl-time-20171019/,Ontology description; temporal relations,Instant; Interval; temporal relations,primaire specificatie: relevante onderdelen,Valid/transaction/publication time expliciet profileren,,,2026-09-07
C-S38,"URI / IRI-identificatie: Identifier-syntax. Documentstatus: RFC 3986: Internet Standard; RFC 3987: Proposed Standard. Referentieversie: RFC 3986 en 3987, 2005.",bronfeit: scope en status,S38,https://www.rfc-editor.org/info/rfc3986/ | https://www.rfc-editor.org/info/rfc3987/,RFC status; syntax,URI; IRI; reference; resolution,primaire specificatie: relevante onderdelen,Syntactische geldigheid garandeert geen persistentie,,,2026-09-07
C-S39,Cool URIs for the Semantic Web: Identificatie en dereferentie. Documentstatus: W3C Interest Group Note. Referentieversie: 2008-12-03.,bronfeit: scope en status,S39,https://www.w3.org/TR/cooluris/,Distinguishing resources and documents; solutions,Resource; document; hash; 303,primaire specificatie: relevante onderdelen,Geen garantie op beheer over decennia,,,2026-09-07
C-S40,UFO: Ontologische analyse. Documentstatus: Academisch gepubliceerd; geen NL-overheidsstandaardstatus afgeleid. Referentieversie: Onderzoeksbasis 2005 en 2015; geen release vastgezet.,bronfeit: scope en status,S40,https://ontouml.org/ufo/,Overview,Object; event; identity; role; dependence,Primaire communitydocumentatie; aangevuld met L08-L09,ISO-traject niet gelijkgesteld aan vastgestelde norm; nut per casus evalueren,,,2026-09-07
C-S41,OntoUML: Ontology-driven conceptual modelling. Documentstatus: Academisch/community; geen Nederlandse overheidsstandaard. Referentieversie: Geen eenduidige release vastgesteld; onderzoeksbaseline L08.,bronfeit: scope en status,S41,https://ontouml.org/ufo/,UFO as foundation of OntoUML,Kind; role; phase; relator,Communitydocumentatie en proefschrift L08,Vertaling kan modale en temporele betekenis verliezen,,,2026-09-07
C-S42,Interoperable Europe Act: Trans-Europese digitale overheidsdiensten. Documentstatus: Gepubliceerde EU-wetgeving. Referentieversie: Verordening (EU) 2024/903.,bronfeit: scope en status,S42,https://eur-lex.europa.eu/eli/reg/2024/903,Art.1-3; 6; 23; Annex,Interoperability assessment; binding requirement,primaire specificatie: relevante onderdelen,Toepasselijkheid art.1-3 per besluit beoordelen,,,2026-09-07
C-S43,"European Interoperability Framework: Interoperabele publieke diensten. Documentstatus: Gepubliceerd beleidskader. Referentieversie: 2017, COM(2017)134.",bronfeit: scope en status,S43,https://eur-lex.europa.eu/legal-content/EN/TXT/?uri=celex%3A52017DC0134,Annex 2; interoperability layers; recommendations,Interoperability governance; layers,primaire specificatie: relevante onderdelen,Aanbevelingen geen universele technische verplichtingen,,,2026-09-07
C-S44,SEMIC Core Vocabularies: Person; Business; Location; Public Organisation als kandidaten. Documentstatus: SEMIC Recommendations; geraadpleegde releases gepubliceerd 2024-05-06. Referentieversie: Onderzoeksreferenties: Person 2.1.1; Business 2.2.0; Location 2.1.0; Public Organisation 2.1.1; geen familieversie.,bronfeit: scope en status,S44,https://semiceu.github.io/Core-Person-Vocabulary/releases/2.1.1/ | https://semiceu.github.io/Core-Business-Vocabulary/releases/2.2.0/ | https://semiceu.github.io/Core-Location-Vocabulary/releases/2.1.0/ | https://semiceu.github.io/CPOV/releases/2.1.1/,Per release: Summary; Status; Overview,Persoon; rechtspersoon; locatie; publieke organisatie,Primaire releasepagina’s; scope en relevante concepten,Europese generieke begrippen niet automatisch juridische equivalenten,,,2026-09-07
C-S45,DCAT-AP: Europese catalogusuitwisseling. Documentstatus: Gepubliceerde release. Referentieversie: 3.0.1.,bronfeit: scope en status,S45,https://semiceu.github.io/DCAT-AP/releases/3.0.1/,Classes; properties; conformance,Catalog; Dataset; Distribution; DataService,primaire specificatie: relevante onderdelen,NL 3.0 niet zonder toets op EU 3.0.1 baseren,,,2026-09-07
C-S46,FAIR-principes: Vindbaarheid en hergebruik data/metadata. Documentstatus: Wetenschappelijk gepubliceerd. Referentieversie: 2016.,bronfeit: scope en status,S46,https://www.nature.com/articles/sdata201618,Box 2; principles,Findable; Accessible; Interoperable; Reusable,Peer-reviewed artikel; relevante tekst,FAIR betekent niet noodzakelijk openbaar,,,2026-09-07
C-S47,"DCAT: Catalogisering data en diensten. Documentstatus: W3C Recommendation. Referentieversie: 3, 2024-08-22.",bronfeit: scope en status,S47,https://www.w3.org/TR/2024/REC-vocab-dcat-3-20240822/,Dataset; DataService; Distribution; versioning,Dataset; Distribution; DataService; DatasetSeries; version,primaire specificatie: relevante onderdelen,Geen volledige productcontractontologie,,,2026-09-07
C-S48,NORA Raamwerk gegevenskwaliteit: Kwaliteitsbeschrijving Nederlandse overheid. Documentstatus: Informatief; levende publicatie. Referentieversie: Webversie geraadpleegd 2026-09-07.,bronfeit: scope en status,S48,https://www.noraonline.nl/wiki/Raamwerk_gegevenskwaliteit_NORA,Doel; vertaling naar DQV; voorgeschiedenis,Dimensie; attribuut; metriek; zinsjabloon,primaire specificatie: relevante onderdelen,DQV kent geen eigen equivalent van elk NORA-attribuut,,,2026-09-07
C-S49,"Catalogus BAG 2018: BAG als afgebakende casus. Documentstatus: Gepubliceerde definitieve catalogus; wijzigingen apart. Referentieversie: 2018, versie 1.0; wijzigingsvoorstellen niet automatisch normatief.",bronfeit: scope en status,S49,https://www.geobasisregistraties.nl/documenten/2018/03/12/catalogus-2018,Catalogus en wijzigingsoverzicht,Pand; verblijfsobject; nummeraanduiding,Officiële publicatiepagina; objectcontext via Kadaster,Bij evaluatie geldende catalogus en wijzigingen opnieuw vastzetten,,,2026-09-07
C-S50,OntoClean: Toetsing taxonomische beslissingen. Documentstatus: Wetenschappelijk gepubliceerd. Referentieversie: 2002 artikel.,bronfeit: scope en status,S50,https://www.loa.istc.cnr.it/old/Papers/CACM2002.pdf,Ontological metaproperties; methodology,Identity; rigidity; unity; dependence,Auteursmanuscript van gepubliceerd artikel,Geen empirisch bewijs van voordeel in deze casus,,,2026-09-07
C-L01,Ontwerp en evaluatie van artefacten horen bij kennisontwikkeling,literatuurbevinding,L01,https://aisel.aisnet.org/misq/vol28/iss1/6/,Abstract,Methodologisch raamwerk en richtlijnen; voorbeelden,Uitgeversabstract en bibliografie,Geen empirisch bewijs voor dit artefact,,,2026-09-07
C-L02,"DSRM verbindt probleem, doelen, ontwerp, demonstratie, evaluatie en communicatie",literatuurbevinding,L02,https://doi.org/10.2753/MIS0742-1222240302,https://www.jmis-web.org/articles/765 ; https://scholar.cgu.edu/samir-chatterjee/wp-content/uploads/sites/6/2013/07/jmis-article.pdf,Methodesynthese; procesmodel; demonstratie in cases,Uitgeversabstract en auteurs-PDF,Proces volgen garandeert geen geldige bijdrage,,,2026-09-07
C-L03,Formative/summative en artificial/naturalistic ondersteunen evaluatiekeuze,literatuurbevinding,L03,https://doi.org/10.1057/ejis.2014.36,Abstract; publication dates,Ontwikkeling en evaluatie evaluatieraamwerk,Uitgeversabstract en bibliografie,"Geen voorgeschreven steekproef of effectdrempel voor deze casus; online gepubliceerd 2014, issue 2016",,,2026-09-07
C-L04,Artefactabstractie en kennisbijdrage moeten expliciet worden onderscheiden,literatuurbevinding,L04,https://ailab-ua.github.io/courses/MIS611D/gregor-2013-positioning-presenting-design-science-research.pdf,Abstract; contribution framework,Conceptueel raamwerk; analyse exemplarische publicaties,Universitaire kopie gepubliceerd artikel; relevante tekst,Novelty van deze paper blijft afzonderlijk te toetsen,,,2026-09-07
C-L05,MDQM vereist organisatorische inrichting én systeemondersteuning,literatuurbevinding,L05,https://doi.org/10.1007/s10257-011-0178-0,Abstract,Iteratieve ontwerp/evaluatiecycli; participatieve case Beiersdorf,Uitgeversabstract; volledige tekst achter toegang,"Bedrijfscontext; alleen abstract gelezen; online 2011, issue 2012",,,2026-09-07
C-L06,Nog niet inhoudelijk vastgesteld; bibliografisch geverifieerd,open extractiepunt,L06,https://doi.org/10.1108/17410391111122862,https://portal.findresearcher.sdu.dk/en/publications/barriers-to-master-data-quality/,Nog niet vastgesteld uit toegankelijke primaire tekst,Institutioneel bibliografisch record; uitgever niet toegankelijk,Metadata-only; secundaire samenvatting niet als bevinding overgenomen,,,2026-09-07
C-L07,Raamwerk ordent governance in zes dimensies,literatuurbevinding,L07,https://doi.org/10.1016/j.ijinfomgt.2019.07.008,https://www.wi.uni-muenster.de/research/publications/86740390,Structured review van 145 wetenschappelijke en praktijkpublicaties,Institutioneel abstract en bibliografie,Gemengde evidence; geen effectmeting voor Nederlandse registraties,,,2026-09-07
C-L08,Foundational ontology kan analyse van modelconstructies structureren,literatuurbevinding,L08,https://research.utwente.nl/en/publications/ontological-foundations-for-structural-conceptual-models/,Abstract,Ontologische analyse; evaluatie en uitbreiding UML-fragment,Institutioneel abstract en bibliografie,Geen directe effectmeting in Stelsel van Basisregistraties,,,2026-09-07
C-L09,Positioneert UFO als ontologische basis voor conceptual modelling,literatuurbevinding,L09,https://doi.org/10.3233/AO-150157,https://bia.unibz.it/esploro/outputs/journalArticle/Towards-ontological-foundations-for-conceptual-modeling/991005925750201241,Conceptuele en retrospectieve uiteenzetting,Institutioneel record en abstract,Geen standaardenstatus of gegarandeerde ontwerpwinst afleiden,,,2026-09-07
C-L10,Identiteit en rigiditeit maken taxonomische fouten bespreekbaar,literatuurbevinding,L10,https://doi.org/10.1145/503124.503150,https://www.loa.istc.cnr.it/old/Papers/CACM2002.pdf,Formele metaeigenschappen en analysevoorbeelden,Auteurs-PDF; relevante tekst,Geen geïntegreerd overheidsdataproduct; casusvoordeel onbekend,,,2026-09-07
C-L11,FAIR geeft richting aan machine-actionable data en metadata,literatuurbevinding,L11,https://doi.org/10.1038/sdata.2016.18,Box 2,Gemeenschapsvorming en principesynthese; voorbeelden,Volledige openbare artikeltekst; relevante passages,Principes geen productschema of experimenteel AI-prestatiebewijs,,,2026-09-07
C-L12,Dataproductdenken richt zich op gebruikersbehoeften en waarde,literatuurbevinding,L12,https://doi.org/10.1007/s12599-024-00876-5,Data products; comparison,Conceptuele synthese en vergelijking,Volledige openbare artikeltekst; relevante secties,Conceptuele bijdrage; geen causale validatie van SMDP,,,2026-09-07
C-L13,"Verbindt grafen, queries, validatie, ontologieën en toepassingen",literatuurbevinding,L13,https://doi.org/10.1145/3447772,https://aidanhogan.com/docs/knowledge-graphs-computing-surveys.pdf,Breed literatuuroverzicht en technische vergelijking,Auteurs-PDF; abstract en relevante tekst,Survey is geen bewijs van AI-voordeel in Nederlandse overheid,,,2026-09-07
C-L14,Valid time en transaction time beschrijven verschillende zaken,literatuurbevinding,L14,https://www2.cs.arizona.edu/~rts/pubs/SIGMODRecordMarch94p52.pdf,3.1 Valid Time; 3.2 Transaction Time,Consensusvorming; definities en voorbeelden,Auteurs-PDF; definities gelezen,Geen moderne event- of productmetadata-specificatie,,,2026-09-07
C-L15,Datakwaliteit omvat meer dan accuracy,literatuurbevinding,L15,https://www.jmis-web.org/articles/1002,Abstract; JMIS volume 12 issue 4,Tweestapsurvey en tweefasige sorteerstudie; volgens uitgeversabstract,Uitgeversabstract en issue-metadata,Abstractniveau; geen Nederlandse basisregistratiecase,,,2026-09-07
C-L16,Retrieval-augmented modellen verbeteren resultaten op onderzochte taken,literatuurbevinding,L16,https://proceedings.neurips.cc/paper_files/paper/2020/hash/6b493230205f780e1bc26945df7481e5-Abstract.html,Abstract,Modelontwikkeling; benchmarkexperimenten met baselines,Proceedingsabstract,"Geen bewijs voor semantische masterdata, juridische juistheid of algemene hallucinatiereductie",,,2026-09-07
C-L17,Twaalf barrières onderzocht; organisatorische problemen verdienen expliciete aandacht,literatuurbevinding,L17,https://doi.org/10.1108/02635571311303550,https://portal.findresearcher.sdu.dk/en/publications/master-data-quality-barriers-an-empirical-investigation/,Literatuurgebaseerde classificatie; vragenlijst bij 787 Deense productiebedrijven,Institutioneel abstract en bibliografie,Productiebedrijven; masterdata; abstractniveau; geen Nederlandse overheidseffectmeting,,,2026-09-07
R01,"Typeer term, begrip, definitie, klasse, modelelement, record en product afzonderlijk.",afgeleide ontwerpeis,S11;S13;S31;S08,https://www.iso.org/standard/79077.html | https://docs.geostandaarden.nl/mim/def-st-mim-20240613/ | https://www.w3.org/TR/skos-reference/ | https://www.iso.org/standard/78925.html,Relevante bronlocaties staan per bron-ID in de matrices,Alle semantische schakels,ontwerpvoorstel; te evalueren,Ontwerpoperationalisatie is eigen synthese; geen letterlijke normclausule,R01,T01: typeverwisselingen en ambigue labels detecteren,2026-09-07
R02,"Verbind een definitie met bron, context, versie, verantwoordelijke en toepassingsperiode.",afgeleide ontwerpeis,S14;S25;S33,https://docs.geostandaarden.nl/nl-sbb/def-st-nl-sbb-20241010/ | https://zoek.officielebekendmakingen.nl/kst-26387-18.html | https://www.w3.org/TR/prov-o/,Relevante bronlocaties staan per bron-ID in de matrices,Voor gezaghebbend gepubliceerde definities,ontwerpvoorstel; te evalueren,Ontwerpoperationalisatie is eigen synthese; geen letterlijke normclausule,R02,T02: herleid gekozen definitie naar bronversie; ontbrekende autoriteit expliciet,2026-09-07
R03,"Bewaar identifier-scope en onderscheid entiteit-ID, record-ID, versie-ID en document-URL.",afgeleide ontwerpeis,S28;S38;S39;L08,https://www.w3.org/TR/rdf11-concepts/ | https://www.rfc-editor.org/info/rfc3986/ | https://www.rfc-editor.org/info/rfc3987/ | https://www.w3.org/TR/cooluris/ | https://research.utwente.nl/en/publications/ontological-foundations-for-structural-conceptual-models/,Relevante bronlocaties staan per bron-ID in de matrices,Alle duurzame verwijzingen,ontwerpvoorstel; te evalueren,Ontwerpoperationalisatie is eigen synthese; geen letterlijke normclausule,R03,"T03: rename, merge, split en intrekking; geen hergebruik van oude identiteit",2026-09-07
R04,"Koppel data-elementen aan begrip, eigenschap en waarde-/conceptueel domein.",afgeleide ontwerpeis,S08;S13,https://www.iso.org/standard/78925.html | https://docs.geostandaarden.nl/mim/def-st-mim-20240613/,Relevante bronlocaties staan per bron-ID in de matrices,Gepubliceerde masterdatakenmerken,ontwerpvoorstel; te evalueren,Ontwerpoperationalisatie is eigen synthese; geen letterlijke normclausule,R04,T04: reconstructie veldbetekenis; unit en waardedomein; representatieverlies,2026-09-07
R05,"Maak syntax, semantic encoding, dataspecificatie en decoderingsinformatie controleerbaar.",bronvereiste op scope-niveau,S03,https://www.iso.org/standard/78501.html,Relevante bronlocaties staan per bron-ID in de matrices,Alleen characteristic-masterdataberichten binnen ISO-scope,ISO-scope bevestigd; detailconformiteit vereist volledige norm,Ontwerpoperationalisatie is eigen synthese; geen letterlijke normclausule,R05,T05: decodeer zonder leverancierskennis; negatieve syntax- en dictionarygevallen,2026-09-07
R06,"Onderscheid geldigheid, registratie, publicatie en eventtijd; bewaar correctiehistorie.",afgeleide ontwerpeis,L14;S37;S22,https://www2.cs.arizona.edu/~rts/pubs/SIGMODRecordMarch94p52.pdf | https://www.w3.org/TR/2017/REC-owl-time-20171019/ | https://gitdocumentatie.logius.nl/publicatie/notificatieservices/cloudevents-nl/1.1/,Relevante bronlocaties staan per bron-ID in de matrices,Historische reconstructie,ontwerpvoorstel; te evalueren,Ontwerpoperationalisatie is eigen synthese; geen letterlijke normclausule,R06,T06: terugwerkende correctie; wat gold toen en wat wist men toen?,2026-09-07
R07,"Leg bronrecordversie, afleidingsactiviteit, verantwoordelijke en gebruikte modelversies vast.",afgeleide ontwerpeis,S04;S33,https://www.iso.org/standard/62393.html | https://www.w3.org/TR/prov-o/,Relevante bronlocaties staan per bron-ID in de matrices,Alle afgeleide gegevens en mappings,ontwerpvoorstel; te evalueren,Ontwerpoperationalisatie is eigen synthese; geen letterlijke normclausule,R07,"T07: bron-tot-antwoord herleiding, ook bij ontbrekende provenance",2026-09-07
R08,"Scheid wettelijke authenticiteit, beheerautoriteit, feitelijke juistheid en technische afzenderidentiteit.",afgeleide ontwerpeis,S25;S21;S33,https://zoek.officielebekendmakingen.nl/kst-26387-18.html | https://gitdocumentatie.logius.nl/publicatie/fsc/core/2.0.0/ | https://www.w3.org/TR/prov-o/,Relevante bronlocaties staan per bron-ID in de matrices,Alle claims van gezag,ontwerpvoorstel; te evalueren,Ontwerpoperationalisatie is eigen synthese; geen letterlijke normclausule,R08,T08: valide afzender zonder wettelijke bevoegdheid; authentiek gegeven in onderzoek,2026-09-07
R09,"Publiceer kwaliteit met metriek, populatie, periode, meetmethode, streefwaarde en resultaat.",afgeleide ontwerpeis,S05;S06;S12;S34;S48;L15,https://www.iso.org/standard/62394.html | https://www.iso.org/standard/62395.html | https://www.iso.org/standard/35736.html | https://www.w3.org/TR/vocab-dqv/ | https://www.noraonline.nl/wiki/Raamwerk_gegevenskwaliteit_NORA | https://www.jmis-web.org/articles/1002,Relevante bronlocaties staan per bron-ID in de matrices,Voor geselecteerde gebruiksscenario’s,ontwerpvoorstel; te evalueren,Ontwerpoperationalisatie is eigen synthese; geen letterlijke normclausule,R09,"T09: ontbrekende waarden, veroudering en onjuiste waarden afzonderlijk rapporteren",2026-09-07
R10,"Versieer definities, ontologie, model, shape, context, mapping, dataset en interface onafhankelijk maar samenhangend.",afgeleide ontwerpeis,S14;S23;S47;S18,https://docs.geostandaarden.nl/nl-sbb/def-st-nl-sbb-20241010/ | https://gitdocumentatie.logius.nl/publicatie/bomos/fundament/3.0.2/ | https://www.w3.org/TR/2024/REC-vocab-dcat-3-20240822/ | https://gitdocumentatie.logius.nl/publicatie/api/adr/2.2.0/,Relevante bronlocaties staan per bron-ID in de matrices,Elke gepubliceerde release,ontwerpvoorstel; te evalueren,Ontwerpoperationalisatie is eigen synthese; geen letterlijke normclausule,R10,T10: impactanalyse en reproduceerbare combinatie van compatibele versies,2026-09-07
R11,"Maak mappings gericht, getypeerd, context- en versiegebonden; motiveer equivalentie.",afgeleide ontwerpeis,S31;S30;S13;S08,https://www.w3.org/TR/skos-reference/ | https://www.w3.org/TR/owl2-overview/ | https://docs.geostandaarden.nl/mim/def-st-mim-20240613/ | https://www.iso.org/standard/78925.html,Relevante bronlocaties staan per bron-ID in de matrices,Intermodel- en interregistratiekoppelingen,ontwerpvoorstel; te evalueren,Ontwerpoperationalisatie is eigen synthese; geen letterlijke normclausule,R11,"T11: false friends, bredere begrippen, cardinaliteit en informatieverlies",2026-09-07
R12,"Registreer voorstel, review, vaststelling, publicatie, deprecatie en intrekking met verantwoordelijke.",afgeleide ontwerpeis,S10;S23;L07;L17,https://www.iso.org/standard/78916.html | https://gitdocumentatie.logius.nl/publicatie/bomos/fundament/3.0.2/ | https://doi.org/10.1016/j.ijinfomgt.2019.07.008 | https://doi.org/10.1108/02635571311303550,Relevante bronlocaties staan per bron-ID in de matrices,Semantische artefacten en productreleases,ontwerpvoorstel; te evalueren,Ontwerpoperationalisatie is eigen synthese; geen letterlijke normclausule,R12,T12: scheiding goedkeurder/uitvoerder en afhandeling wijzigingsverzoek,2026-09-07
R13,"Beschrijf product-ID, doelgroep, doel, eigenaar, datasets, diensten, kwaliteit, gebruikscondities en afhankelijkheden.",afgeleide ontwerpeis,L12;S16;S47;S27,https://doi.org/10.1007/s12599-024-00876-5 | https://docs.geostandaarden.nl/dcat/def-st-dcat-ap-nl30-20250526/ | https://www.w3.org/TR/2024/REC-vocab-dcat-3-20240822/ | https://federatief.datastelsel.nl/afspraken/afwegingskader/v1/,Relevante bronlocaties staan per bron-ID in de matrices,Werkdefinitie Semantic Master Data Product,ontwerpvoorstel; te evalueren,Ontwerpoperationalisatie is eigen synthese; geen letterlijke normclausule,R13,T13: consument vindt juiste versie en contract; aanvullende velden expliciet eigen profiel,2026-09-07
R14,Valideer uitwisselprofielen en behoud betekenis bij API- en RDF/JSON-LD-representaties.,afgeleide ontwerpeis,S18;S19;S20;S35,https://gitdocumentatie.logius.nl/publicatie/api/adr/2.2.0/ | https://spec.openapis.org/oas/v3.1.1.html | https://gitdocumentatie.logius.nl/publicatie/dk/restapi/ | https://www.w3.org/TR/json-ld11/,Relevante bronlocaties staan per bron-ID in de matrices,Voor gekozen distributievormen; Nederlandse scope per profiel,ontwerpvoorstel; te evalueren,Ontwerpoperationalisatie is eigen synthese; geen letterlijke normclausule,R14,"T14: linter, payloadtest en semantische roundtrip vergelijken",2026-09-07
R15,"Verbind notificatie met bronobject en schema; leg verwerking van duplicaten, volgorde en herstel vast.",afgeleide ontwerpeis,S22;L14,https://gitdocumentatie.logius.nl/publicatie/notificatieservices/cloudevents-nl/1.1/ | https://www2.cs.arizona.edu/~rts/pubs/SIGMODRecordMarch94p52.pdf,Relevante bronlocaties staan per bron-ID in de matrices,Wanneer wijzigingen via events worden aangeboden,ontwerpvoorstel; te evalueren,Ontwerpoperationalisatie is eigen synthese; geen letterlijke normclausule,R15,T15: duplicate/out-of-order/replay; expliciete delivery-afspraken,2026-09-07
R16,"Scheid logische inferentie, constraints op beschikbare data en externe werkelijkheidscontrole.",afgeleide ontwerpeis,S29;S30;S32;S12,https://www.w3.org/TR/rdf-schema/ | https://www.w3.org/TR/owl2-overview/ | https://www.w3.org/TR/shacl/ | https://www.iso.org/standard/35736.html,Relevante bronlocaties staan per bron-ID in de matrices,Alle machine-interpreteerbare kwaliteitsregels,ontwerpvoorstel; te evalueren,Ontwerpoperationalisatie is eigen synthese; geen letterlijke normclausule,R16,T16: ontbrekend feit versus onwaar feit; valide maar feitelijk fout record,2026-09-07
R17,Bied machinevindbare betekenis en provenance en markeer ontbrekend of betwist bewijs.,afgeleide ontwerpeis,S46;S33;L13;L16,https://www.nature.com/articles/sdata201618 | https://www.w3.org/TR/prov-o/ | https://doi.org/10.1145/3447772 | https://proceedings.neurips.cc/paper_files/paper/2020/hash/6b493230205f780e1bc26945df7481e5-Abstract.html,Relevante bronlocaties staan per bron-ID in de matrices,Applicatie- en AI-consumenten,ontwerpvoorstel; te evalueren,Ontwerpoperationalisatie is eigen synthese; geen letterlijke normclausule,R17,"T17: correcte bronversie, onthouding en ondersteunde antwoorden; geen algemene AI-garantie",2026-09-07
R18,Beoordeel FDS-toelating met afzonderlijke verplichte en aanbevolen afspraken.,contextgebonden stelseleis,S27,https://federatief.datastelsel.nl/afspraken/afwegingskader/v1/,Relevante bronlocaties staan per bron-ID in de matrices,Alleen bij beoogde FDS-deelname,Binding volgens afwegingskader; geen algemene wettelijke plicht,Ontwerpoperationalisatie is eigen synthese; geen letterlijke normclausule,R18,T18: RE/MO/DA/ME/KW-checklist; verantwoordelijke legt afwijkingen vast,2026-09-07
R19,"Ondersteun terugmelding met bronhouder, status, afhandeling en traceerbare correctie.",afgeleide ontwerpeis,S25;S26;S27,https://zoek.officielebekendmakingen.nl/kst-26387-18.html | https://www.digitaleoverheid.nl/wp-content/uploads/sites/8/2021/07/Baseline-kwaliteitszorg-stelsel-van-basisregistraties2.pdf | https://federatief.datastelsel.nl/afspraken/afwegingskader/v1/,Relevante bronlocaties staan per bron-ID in de matrices,Registratiespecifieke wet en/of FDS-afspraken toepasselijk,ontwerpvoorstel; te evalueren,Ontwerpoperationalisatie is eigen synthese; geen letterlijke normclausule,R19,T19: melding over brongegeven; doorlevering en correctie naar afnemer,2026-09-07
R20,Koppel bewaarde informatieobjecten en versies aan een afzonderlijk bewaarmetadata-profiel.,afgeleide ontwerpeis,S24;S15,https://www.nationaalarchief.nl/archiveren/mdto | https://standaarden.overheid.nl/tooi/downloads,Relevante bronlocaties staan per bron-ID in de matrices,Alleen duurzaam te bewaren onderzoeks-/overheidsinformatie,ontwerpvoorstel; te evalueren,Ontwerpoperationalisatie is eigen synthese; geen letterlijke normclausule,R20,T20: reconstructie van bron en betekenis na deprecatie; MDTO-mapping documenteren,2026-09-07
R21,Maak toepasselijkheid van juridische en standaardverplichtingen afzonderlijk toetsbaar.,afgeleide ontwerpeis,S42;S43;S25,https://eur-lex.europa.eu/eli/reg/2024/903 | https://eur-lex.europa.eu/legal-content/EN/TXT/?uri=celex%3A52017DC0134 | https://zoek.officielebekendmakingen.nl/kst-26387-18.html,Relevante bronlocaties staan per bron-ID in de matrices,"Per organisatie, aanschaf/besluit, gegevenssoort en gebruik",ontwerpvoorstel; te evalueren,Ontwerpoperationalisatie is eigen synthese; geen letterlijke normclausule,R21,T21: toepasselijkheidsdossier; geen plicht afleiden uit publicatiestatus,2026-09-07
R22,"Toets identity, role en phase met ontologische analyse en vergelijk de benodigde inspanning.",afgeleide ontwerpeis,L08;L09;L10;S40;S41,https://research.utwente.nl/en/publications/ontological-foundations-for-structural-conceptual-models/ | https://doi.org/10.3233/AO-150157 | https://doi.org/10.1145/503124.503150 | https://ontouml.org/ufo/ | https://ontouml.org/ufo/,Relevante bronlocaties staan per bron-ID in de matrices,Alleen waar identiteitsambiguïteit in de casus bestaat,ontwerpvoorstel; te evalueren,Ontwerpoperationalisatie is eigen synthese; geen letterlijke normclausule,R22,T22: blind beoordelen van modelleringsfouten en modelleertijd met/zonder foundational analyse,2026-09-07
G01,Brede nieuwheid van semantische masterdata is niet houdbaar; de resterende kennisvraag betreft vergelijkende meerwaarde van contextbinding in de afgebakende Nederlandse casus.,gap-hypothese,L18;L19;S51;L04,https://doi.org/10.1007/s10257-011-0178-0 | https://doi.org/10.1007/s12599-024-00876-5,Abstracts; scopevergelijking,Bronnen bestrijken delen; geen sluitend bewijs van afwezigheid van integratie,Gecorrigeerde gap-positionering na gerichte tegenzoekactie; geen uitputtend nieuwheidsbewijs,Een bestaand integratieprofiel of evaluatiestudie kan de gap verkleinen of weerleggen,,,2026-09-07
G02,Geïntegreerde traceerbaarheid verbetert antwoordkwaliteit en wijzigingsanalyse.,te toetsen hypothese,L13;L16;S33,https://doi.org/10.1145/3447772 | https://proceedings.neurips.cc/paper_files/paper/2020/hash/6b493230205f780e1bc26945df7481e5-Abstract.html,Survey en benchmarkcontext,Plausibele motivatie; geen effectmeting van voorgesteld artefact,Ongetoetst,RAG-benchmarkresultaten generaliseren niet vanzelf naar overheid,R17,T17; ablaties,2026-09-07
G03,UFO/OntoUML levert meerwaarde boven directe MIM-modellering in deze casus.,te toetsen hypothese,L08;L09;L10,https://research.utwente.nl/en/publications/ontological-foundations-for-structural-conceptual-models/ | https://doi.org/10.1145/503124.503150,Ontologische analyse,Methodologische argumenten; geen casuseffect bewezen,Ongetoetst,Extra modelcomplexiteit en vertaalverlies kunnen voordeel tenietdoen,R22,T22,2026-09-07
O01,In /mnt/development/Codex/Paper waren bij aanvang geen projectbestanden aanwezig.,lokale observatie,,/mnt/development/Codex/Paper,Directorylisting op onderzoeksdatum,Lege werkmap; prototype niet aangeleverd in deze map,Geobserveerd,Geen conclusie over prototypes in andere directories,,,2026-09-07
R23,"Maak uitspraaksoort, registratiehandeling, productiemethode, onzekerheidsmodel, gezagsgrond en bewijsstatus afzonderlijk machineleesbaar per bewering.",ontwerpafleiding; onderzoekspropositie,S25;S33;S04;L11;L16,https://zoek.officielebekendmakingen.nl/kst-26387-18.html; https://www.w3.org/TR/prov-o/; https://www.iso.org/standard/62393.html,paper.tex: epistemische status; sections/architecture.tex: formeel metamodel,"Bronnen ondersteunen onderscheid tussen gezag, herkomst en afleiding; de samengestelde classificatie en verplichte machineleesbaarheid zijn eigen ontwerpvoorstellen.",Niet empirisch getoetste synthese; geen bestaand standaardprofiel,Categorieën zijn niet onderling uitsluitend; expliciete metadata kan onjuist of onbewezen zijn. AI-effect onbekend.,R23,"T23/M23: deskundigenclassificatie en controle op onterechte verheffing van AI-afleiding tot authentiek gegeven; OV3, OV6; DP9; C1,C9,C15",2026-09-07
DP1,"DP1: Een Semantic Master Data Product MOET termen, begrippen, definities, ontologische klassen, modelelementen, data-elementen, entiteiten, records en producten als onderscheiden rollen typeren en hun verbindingen expliciet maken. Afzonderlijke fysieke resources zijn niet in alle gevallen vereist.",eigen ontwerpprincipe,S03;S08;S11;S13;S30;S31,https://www.iso.org/standard/78501.html; https://www.iso.org/standard/78925.html; https://www.iso.org/standard/79077.html; https://docs.geostandaarden.nl/mim/def-st-mim-20240613/; https://www.w3.org/TR/owl2-overview/; https://www.w3.org/TR/skos-reference/,sections/principles.tex,Integratiesynthese van geregistreerde bronnen en requirements; geen letterlijke verplichting uit één norm.,Voorgesteld; empirische evaluatie nog uit te voeren,"Bruikbaarheid, volledigheid en implementatiekosten niet vastgesteld.",R01;R04;R05;R11,M01;M04;M05;M11,2026-09-07
DP2,"DP2: Een Semantic Master Data Product MOET gezagsclaims en provenance verbinden met de uitspraak en haar context, en MOET technische afzenderidentiteit, wettelijke authenticiteit en feitelijke juistheid onderscheiden.",eigen ontwerpprincipe,S04;S14;S21;S25;S33;S42;S43,https://www.iso.org/standard/62393.html; https://docs.geostandaarden.nl/nl-sbb/def-st-nl-sbb-20241010/; https://gitdocumentatie.logius.nl/publicatie/fsc/core/2.0.0/; https://zoek.officielebekendmakingen.nl/kst-26387-18.html; https://www.w3.org/TR/prov-o/; https://eur-lex.europa.eu/eli/reg/2024/903; https://eur-lex.europa.eu/legal-content/EN/TXT/?uri=celex%3A52017DC0134,sections/principles.tex,Integratiesynthese van geregistreerde bronnen en requirements; geen letterlijke verplichting uit één norm.,Voorgesteld; empirische evaluatie nog uit te voeren,"Bruikbaarheid, volledigheid en implementatiekosten niet vastgesteld.",R02;R07;R08;R21,M02;M07;M08;M21,2026-09-07
DP3,DP3: Een Semantic Master Data Product MOET identifier-scope en referentsoort vastleggen en MOET versieerbare beschrijvingen onderscheiden van de geïdentificeerde entiteit.,eigen ontwerpprincipe,L08;S14;S18;S23;S28;S38;S39;S47,https://research.utwente.nl/en/publications/ontological-foundations-for-structural-conceptual-models/; https://docs.geostandaarden.nl/nl-sbb/def-st-nl-sbb-20241010/; https://gitdocumentatie.logius.nl/publicatie/api/adr/2.2.0/; https://gitdocumentatie.logius.nl/publicatie/bomos/fundament/3.0.2/; https://www.w3.org/TR/rdf11-concepts/; https://www.rfc-editor.org/info/rfc3986/ | https://www.rfc-editor.org/info/rfc3987/; https://www.w3.org/TR/cooluris/; https://www.w3.org/TR/2024/REC-vocab-dcat-3-20240822/,sections/principles.tex,Integratiesynthese van geregistreerde bronnen en requirements; geen letterlijke verplichting uit één norm.,Voorgesteld; empirische evaluatie nog uit te voeren,"Bruikbaarheid, volledigheid en implementatiekosten niet vastgesteld.",R03;R10,M03;M10,2026-09-07
DP4,DP4: Een Semantic Master Data Product MOET geldigheid en registratiekennis afzonderlijk modelleren en ZOU bewaarde bewijsobjecten aan het toepasselijke bewaarmetadata-profiel verbinden.,eigen ontwerpprincipe,L14;S04;S15;S22;S24;S33;S37,https://www2.cs.arizona.edu/~rts/pubs/SIGMODRecordMarch94p52.pdf; https://www.iso.org/standard/62393.html; https://standaarden.overheid.nl/tooi/downloads; https://gitdocumentatie.logius.nl/publicatie/notificatieservices/cloudevents-nl/1.1/; https://www.nationaalarchief.nl/archiveren/mdto; https://www.w3.org/TR/prov-o/; https://www.w3.org/TR/2017/REC-owl-time-20171019/,sections/principles.tex,Integratiesynthese van geregistreerde bronnen en requirements; geen letterlijke verplichting uit één norm.,Voorgesteld; empirische evaluatie nog uit te voeren,"Bruikbaarheid, volledigheid en implementatiekosten niet vastgesteld.",R06;R07;R20,M06;M07;M20,2026-09-07
DP5,"DP5: Een Semantic Master Data Product MOET logische gevolgtrekking, toetsing van beschikbare gegevens en beoordeling van feitelijke kwaliteit als afzonderlijke processen en uitkomsten publiceren.",eigen ontwerpprincipe,L15;S03;S05;S06;S12;S29;S30;S32;S34;S48,https://www.jmis-web.org/articles/1002; https://www.iso.org/standard/78501.html; https://www.iso.org/standard/62394.html; https://www.iso.org/standard/62395.html; https://www.iso.org/standard/35736.html; https://www.w3.org/TR/rdf-schema/; https://www.w3.org/TR/owl2-overview/; https://www.w3.org/TR/shacl/; https://www.w3.org/TR/vocab-dqv/; https://www.noraonline.nl/wiki/Raamwerk_gegevenskwaliteit_NORA,sections/principles.tex,Integratiesynthese van geregistreerde bronnen en requirements; geen letterlijke verplichting uit één norm.,Voorgesteld; empirische evaluatie nog uit te voeren,"Bruikbaarheid, volledigheid en implementatiekosten niet vastgesteld.",R05;R09;R16,M05;M09;M16,2026-09-07
DP6,"DP6: Een Semantic Master Data Product MOET een versiegebonden contract publiceren dat doel, eigenaar, datasets, diensten, kwaliteit, gebruikscondities en semantische afhankelijkheden machinevindbaar verbindt.",eigen ontwerpprincipe,L12;L13;L16;S16;S18;S19;S20;S27;S33;S35;S46;S47,https://doi.org/10.1007/s12599-024-00876-5; https://doi.org/10.1145/3447772; https://proceedings.neurips.cc/paper_files/paper/2020/hash/6b493230205f780e1bc26945df7481e5-Abstract.html; https://docs.geostandaarden.nl/dcat/def-st-dcat-ap-nl30-20250526/; https://gitdocumentatie.logius.nl/publicatie/api/adr/2.2.0/; https://spec.openapis.org/oas/v3.1.1.html; https://gitdocumentatie.logius.nl/publicatie/dk/restapi/; https://federatief.datastelsel.nl/afspraken/afwegingskader/v1/; https://www.w3.org/TR/prov-o/; https://www.w3.org/TR/json-ld11/; https://www.nature.com/articles/sdata201618; https://www.w3.org/TR/2024/REC-vocab-dcat-3-20240822/,sections/principles.tex,Integratiesynthese van geregistreerde bronnen en requirements; geen letterlijke verplichting uit één norm.,Voorgesteld; empirische evaluatie nog uit te voeren,"Bruikbaarheid, volledigheid en implementatiekosten niet vastgesteld.",R13;R14;R17;R18,M13;M14;M17;M18,2026-09-07
DP7,"DP7: Een Semantic Master Data Product MOET semantische en technische wijzigingen, statusovergangen en terugmeldingen verbinden met verantwoordelijke besluiten en herstelbare versiecontext.",eigen ontwerpprincipe,L07;L14;L17;S10;S14;S15;S18;S22;S23;S24;S25;S26;S27;S47,https://doi.org/10.1016/j.ijinfomgt.2019.07.008; https://www2.cs.arizona.edu/~rts/pubs/SIGMODRecordMarch94p52.pdf; https://doi.org/10.1108/02635571311303550; https://www.iso.org/standard/78916.html; https://docs.geostandaarden.nl/nl-sbb/def-st-nl-sbb-20241010/; https://standaarden.overheid.nl/tooi/downloads; https://gitdocumentatie.logius.nl/publicatie/api/adr/2.2.0/; https://gitdocumentatie.logius.nl/publicatie/notificatieservices/cloudevents-nl/1.1/; https://gitdocumentatie.logius.nl/publicatie/bomos/fundament/3.0.2/; https://www.nationaalarchief.nl/archiveren/mdto; https://zoek.officielebekendmakingen.nl/kst-26387-18.html; https://www.digitaleoverheid.nl/wp-content/uploads/sites/8/2021/07/Baseline-kwaliteitszorg-stelsel-van-basisregistraties2.pdf; https://federatief.datastelsel.nl/afspraken/afwegingskader/v1/; https://www.w3.org/TR/2024/REC-vocab-dcat-3-20240822/,sections/principles.tex,Integratiesynthese van geregistreerde bronnen en requirements; geen letterlijke verplichting uit één norm.,Voorgesteld; empirische evaluatie nog uit te voeren,"Bruikbaarheid, volledigheid en implementatiekosten niet vastgesteld.",R10;R12;R15;R19;R20,M10;M12;M15;M19;M20,2026-09-07
DP8,"DP8: Een Semantic Master Data Product ZOU ontologische analyse toepassen wanneer identiteit, rollen, fasen of afhankelijkheden tot relevante interpretatieverschillen leiden, en MOET de gemaakte keuze en extra inspanning verantwoorden.",eigen ontwerpprincipe,L08;L09;L10;S08;S13;S30;S31;S40;S41,https://research.utwente.nl/en/publications/ontological-foundations-for-structural-conceptual-models/; https://doi.org/10.3233/AO-150157; https://doi.org/10.1145/503124.503150; https://www.iso.org/standard/78925.html; https://docs.geostandaarden.nl/mim/def-st-mim-20240613/; https://www.w3.org/TR/owl2-overview/; https://www.w3.org/TR/skos-reference/; https://ontouml.org/ufo/; https://ontouml.org/ufo/,sections/principles.tex,Integratiesynthese van geregistreerde bronnen en requirements; geen letterlijke verplichting uit één norm.,Voorgesteld; empirische evaluatie nog uit te voeren,"Bruikbaarheid, volledigheid en implementatiekosten niet vastgesteld.",R11;R22,M11;M22,2026-09-07
DP9,"DP9: Een Semantic Master Data Product MOET uitspraaksoort, registratiehandeling, productiemethode, onzekerheidsbeschrijving, gezagsgrond en bewijsstatus afzonderlijk machineleesbaar maken en MOET onbekend of betwist bewijs zichtbaar houden.",eigen ontwerpprincipe,L11;L13;L16;S04;S21;S25;S33;S46,https://doi.org/10.1038/sdata.2016.18; https://doi.org/10.1145/3447772; https://proceedings.neurips.cc/paper_files/paper/2020/hash/6b493230205f780e1bc26945df7481e5-Abstract.html; https://www.iso.org/standard/62393.html; https://gitdocumentatie.logius.nl/publicatie/fsc/core/2.0.0/; https://zoek.officielebekendmakingen.nl/kst-26387-18.html; https://www.w3.org/TR/prov-o/; https://www.nature.com/articles/sdata201618,sections/principles.tex,Integratiesynthese van geregistreerde bronnen en requirements; geen letterlijke verplichting uit één norm.,Voorgesteld; empirische evaluatie nog uit te voeren,"Bruikbaarheid, volledigheid en implementatiekosten niet vastgesteld.",R08;R17;R23,M08;M17;M23,2026-09-07
P01,De vijftienlaagse reference architecture en het getypeerde metamodel zijn een voorgestelde integratie; logische lagen impliceren geen verplichte fysieke services.,ontwerpsynthese of afbakening,S13;S08;S31;S33;S47;L12,https://docs.geostandaarden.nl/mim/def-st-mim-20240613/; https://www.iso.org/standard/78925.html; https://www.w3.org/TR/skos-reference/; https://www.w3.org/TR/prov-o/; https://www.w3.org/TR/2024/REC-vocab-dcat-3-20240822/; https://doi.org/10.1007/s12599-024-00876-5,paper.tex en sections/,Eigen synthese op basis van het bestaande dossier; bronbeperkingen blijven gelden.,Voorstel; geen empirische evaluatie,Geen aanspraak op volledige literatuurdekking of bewezen effect.,,"Zie paper, evaluatie en traceability-matrix.csv",2026-09-07
P02,"De verwachte meerwaarde van expliciete semantiek voor menselijke en AI-interpretatie is een te toetsen hypothese, geen empirisch resultaat van deze paper.",ontwerpsynthese of afbakening,L11;L13;L16,https://doi.org/10.1038/sdata.2016.18; https://doi.org/10.1145/3447772; https://proceedings.neurips.cc/paper_files/paper/2020/hash/6b493230205f780e1bc26945df7481e5-Abstract.html,paper.tex en sections/,Eigen synthese op basis van het bestaande dossier; bronbeperkingen blijven gelden.,Voorstel; geen empirische evaluatie,Geen aanspraak op volledige literatuurdekking of bewezen effect.,,"Zie paper, evaluatie en traceability-matrix.csv",2026-09-07
P03,De voorgestelde evaluatie vergelijkt dezelfde broninhoud met en zonder expliciete semantische koppelingen en gebruikt ablaties om mechanismen te onderscheiden.,ontwerpsynthese of afbakening,L02;L03,https://doi.org/10.2753/MIS0742-1222240302; https://doi.org/10.1057/ejis.2014.36,paper.tex en sections/,Eigen synthese op basis van het bestaande dossier; bronbeperkingen blijven gelden.,Voorstel; geen empirische evaluatie,Geen aanspraak op volledige literatuurdekking of bewezen effect.,,"Zie paper, evaluatie en traceability-matrix.csv",2026-09-07
P04,"Het lokale dossier ondersteunt een BAG-fragment, maar geen gevalideerde keten met BRP, BRK en WOZ; deze grens beperkt generaliseerbaarheid.",ontwerpsynthese of afbakening,S49,https://www.geobasisregistraties.nl/documenten/2018/03/12/catalogus-2018,paper.tex en sections/,Eigen synthese op basis van het bestaande dossier; bronbeperkingen blijven gelden.,Voorstel; geen empirische evaluatie,Geen aanspraak op volledige literatuurdekking of bewezen effect.,,"Zie paper, evaluatie en traceability-matrix.csv",2026-09-07
P05,"De voorgestelde term semantic false agreement duidt hier op onterecht veronderstelde betekenisequivalentie; dit is een werkdefinitie, geen in het corpus geverifieerde afzonderlijke theorie.",ontwerpsynthese of afbakening,S11;S31;L10,https://www.iso.org/standard/79077.html; https://www.w3.org/TR/skos-reference/; https://doi.org/10.1145/503124.503150,paper.tex en sections/,Eigen synthese op basis van het bestaande dossier; bronbeperkingen blijven gelden.,Voorstel; geen empirische evaluatie,Geen aanspraak op volledige literatuurdekking of bewezen effect.,,"Zie paper, evaluatie en traceability-matrix.csv",2026-09-07
P06,"Een machineleesbare, getypeerde bewijs- en afhankelijkhedengraaf vormt de voorgestelde verbindende ontwerpbijdrage; nieuwheid buiten het corpus is niet vastgesteld.",ontwerpsynthese of afbakening,L04;S08;S33;S47,https://ailab-ua.github.io/courses/MIS611D/gregor-2013-positioning-presenting-design-science-research.pdf; https://www.iso.org/standard/78925.html; https://www.w3.org/TR/prov-o/; https://www.w3.org/TR/2024/REC-vocab-dcat-3-20240822/,paper.tex en sections/,Eigen synthese op basis van het bestaande dossier; bronbeperkingen blijven gelden.,Voorstel; geen empirische evaluatie,Geen aanspraak op volledige literatuurdekking of bewezen effect.,,"Zie paper, evaluatie en traceability-matrix.csv",2026-09-07
C-L18,"Wang et al. (2009) beschrijven reeds Semantic Master Data Management met virtuele RDF-toegang, ontologieën en mappings.",bronbevinding,L18,https://www.vldb.org/pvldb/vol2/vldb09-1011.pdf,Abstract; §1-2,"Wang et al. (2009) beschrijven reeds Semantic Master Data Management met virtuele RDF-toegang, ontologieën en mappings.",Bronpassage geverifieerd; gevolgtrekking begrensd,Direct antecedent; geen Nederlands SMDP-effectbewijs.,,E1-E4; zie pre-evaluation research state,2026-09-07
C-L19,Gualo et al. (2023) bieden een bestaand model met eigenschappen en metingen voor masterdatakwaliteit.,bronbevinding,L19,https://doi.org/10.15388/23-INFOR534,Model- en meetsecties,Gualo et al. (2023) bieden een bestaand model met eigenschappen en metingen voor masterdatakwaliteit.,Bronpassage geverifieerd; gevolgtrekking begrensd,Geen bewijs voor de gehele SMDP-integratie.,,E1-E4; zie pre-evaluation research state,2026-09-07
C-S51,DPROD Beta 1 beschrijft dataproductmetadata; het productcontract is daarom geen onontgonnen standaardisatiegebied.,bronbevinding en interpretatie,S51,https://www.omg.org/spec/DPROD/1.0/Beta1/PDF,Cover; §8.1-8.2,DPROD Beta 1 beschrijft dataproductmetadata; het productcontract is daarom geen onontgonnen standaardisatiegebied.,Bronpassage geverifieerd; gevolgtrekking begrensd,Beta-specificatie; geen Nederlandse verplichting.,,E1-E4; zie pre-evaluation research state,2026-09-07
TP1,Bij voldoende bronkwaliteit kan expliciete contextbinding interpretatiefouten verminderen ten opzichte van dezelfde informatie in een conventioneel contextregister.,te toetsen theoretische propositie,L13;L18;S08;S33,,sections/pre-evaluation.tex,Bij voldoende bronkwaliteit kan expliciete contextbinding interpretatiefouten verminderen ten opzichte van dezelfde informatie in een conventioneel contextregister.,Niet empirisch getoetst,Vervalt bij praktisch gelijkwaardig eenvoudiger alternatief binnen vooraf vastgestelde marges.,,E1-E4; zie pre-evaluation research state,2026-09-07
TP2,"Expliciete, betrouwbare epistemische annotatie kan onterechte gezagsopwaardering verminderen; misleidende annotatie kan dit voordeel omkeren.",te toetsen theoretische propositie,S33;S25;L16,,sections/pre-evaluation.tex,"Expliciete, betrouwbare epistemische annotatie kan onterechte gezagsopwaardering verminderen; misleidende annotatie kan dit voordeel omkeren.",Niet empirisch getoetst,Geen universeel AI-effect; toets met correcte en onjuiste annotaties.,,E1-E4; zie pre-evaluation research state,2026-09-07
TP3,"Ontologische verdieping levert alleen extra netto nut wanneer identiteit-, rol- of categorieproblemen relevant zijn en detectiewinst de extra inspanning rechtvaardigt.",te toetsen theoretische propositie,L08;L09;L10,,sections/pre-evaluation.tex,"Ontologische verdieping levert alleen extra netto nut wanneer identiteit-, rol- of categorieproblemen relevant zijn en detectiewinst de extra inspanning rechtvaardigt.",Niet empirisch getoetst,Een gelijkwaardig eenvoudiger model kan noodzaak en netto voordeel weerleggen.,,E1-E4; zie pre-evaluation research state,2026-09-07
TP4,"Versiegebonden afhankelijkheden kunnen historische reconstructie en wijzigingsimpact verbeteren, maar kunnen bij verouderde mappings of resolutiestoringen meer fouten of kosten veroorzaken.",te toetsen theoretische propositie,L14;S33;S47;S22,,sections/pre-evaluation.tex,"Versiegebonden afhankelijkheden kunnen historische reconstructie en wijzigingsimpact verbeteren, maar kunnen bij verouderde mappings of resolutiestoringen meer fouten of kosten veroorzaken.",Niet empirisch getoetst,Vergelijk met hetzelfde versiearchief zonder gekoppelde afhankelijkheden.,,E1-E4; zie pre-evaluation research state,2026-09-07
