requirement,source_ids,source_locations,evidence_type,inference_warrant,applicability,alternative,counterevidence,proposition,experiment,metric,metric_role,reviewer_ids,status
R01,S11;S13;S31;S08,S11: Abstract | S13: 1.6; metamodelbeschrijvingen | S31: 3; 5; 7; 8; 10 | S08: Abstract a-d,"Conditionele ontwerpafleiding; bron ondersteunt bouwstenen/scope, geen causaal effect",Rollen moeten voor beheerders en afnemers onderscheidbaar zijn; dat vereist geen universele resource-disjunctie.,Iedere model-/conceptovergang,Gedeelde resource met gedocumenteerde meervoudige typering,"Gelijkwaardig eenvoudiger alternatief, onjuiste broncontext of disproportionele kosten kan keuze weerleggen.",TP1,E1,M01,Contract-/componenttoets; comparatieve hoofdclaim vereist onafhankelijke taakuitkomst,RV05,Afgeleid voorstel; empirisch niet getoetst
R02,S14;S25;S33,S14: 2; 4; 5.4-5.5; 7 | S25: Bijlage 2 | S33: Starting Point terms; Expanded terms; Qualified terms,"Conditionele ontwerpafleiding; bron ondersteunt bouwstenen/scope, geen causaal effect",Een gezagsvraag kan alleen worden geadjudiceerd als definitie en context naar een controleerbare bron verwijzen.,Uitspraak met normatieve of gezagsclaim,Conventionele bronverwijzing en handmatige dossiercontrole,"Gelijkwaardig eenvoudiger alternatief, onjuiste broncontext of disproportionele kosten kan keuze weerleggen.",TP1;TP2,E1;E2,M02,Contract-/componenttoets; comparatieve hoofdclaim vereist onafhankelijke taakuitkomst,RV06,Afgeleid voorstel; empirisch niet getoetst
R03,S28;S38;S39;L08,S28: 1.2-1.5; 3-4 | S38: RFC status; syntax | S39: Distinguishing resources and documents; solutions | L08: Abstract,"Conditionele ontwerpafleiding; bron ondersteunt bouwstenen/scope, geen causaal effect",Persistentie is een beleidseigenschap die niet door URI-syntax alleen wordt gerealiseerd.,"Entiteit-, record- of versie-identificatie",Lokale sleutel met stabiele scope-/resolutietabel,"Gelijkwaardig eenvoudiger alternatief, onjuiste broncontext of disproportionele kosten kan keuze weerleggen.",TP1;TP4,E1;E4,M03,Contract-/componenttoets; comparatieve hoofdclaim vereist onafhankelijke taakuitkomst,RV07,Afgeleid voorstel; empirisch niet getoetst
R04,S08;S13,S08: Abstract a-d | S13: 1.6; metamodelbeschrijvingen,"Conditionele ontwerpafleiding; bron ondersteunt bouwstenen/scope, geen causaal effect",De gegevenselementmapping voegt interpretatie-informatie toe; het gebruik van een 11179-register is niet uniek noodzakelijk.,Data-element wordt tussen contexten uitgewisseld,Goed gedocumenteerd conventioneel datadictionary,"Gelijkwaardig eenvoudiger alternatief, onjuiste broncontext of disproportionele kosten kan keuze weerleggen.",TP1,E1,M04,Contract-/componenttoets; comparatieve hoofdclaim vereist onafhankelijke taakuitkomst,RV06,Afgeleid voorstel; empirisch niet getoetst
R05,S03,S03: Abstract: scope en exclusions,"Conditionele ontwerpafleiding; bron ondersteunt bouwstenen/scope, geen causaal effect",Decodeerbaarheid wordt vereist als contractdoel; ISO-scope geldt uitsluitend voor relevante karakteristieke masterdataberichten.,"Toepasselijk bericht, niet alle interne data",Andere syntax met gelijkwaardige dataspecificatie,"Gelijkwaardig eenvoudiger alternatief, onjuiste broncontext of disproportionele kosten kan keuze weerleggen.",TP1,E1,M05,Contract-/componenttoets; comparatieve hoofdclaim vereist onafhankelijke taakuitkomst,RV06,Afgeleid voorstel; empirisch niet getoetst
R06,L14;S37;S22,L14: 3.1 Valid Time; 3.2 Transaction Time | S37: Ontology description; temporal relations | S22: 2.2; 3.3-3.5,"Conditionele ontwerpafleiding; bron ondersteunt bouwstenen/scope, geen causaal effect",Historische taken vragen twee expliciete tijdsperspectieven; OWL-Time is slechts een representatiekandidaat.,Historie-/correctietaak met beide tijdsbetekenissen,Bitemporele relationele tabellen,"Gelijkwaardig eenvoudiger alternatief, onjuiste broncontext of disproportionele kosten kan keuze weerleggen.",TP4,E4,M06,Contract-/componenttoets; comparatieve hoofdclaim vereist onafhankelijke taakuitkomst,RV09,Afgeleid voorstel; empirisch niet getoetst
R07,S04;S33,S04: Abstract | S33: Starting Point terms; Expanded terms; Qualified terms,"Conditionele ontwerpafleiding; bron ondersteunt bouwstenen/scope, geen causaal effect","Afleidingsketens maken beoordeling mogelijk, maar provenance kan onjuist zijn en bewijst geen gezag.",Bewering waarvoor herkomst of afleiding relevant is,Versiebeheerd log met dezelfde bron-/regelgegevens,"Gelijkwaardig eenvoudiger alternatief, onjuiste broncontext of disproportionele kosten kan keuze weerleggen.",TP1;TP2;TP4,E1;E2;E4,M07,Contract-/componenttoets; comparatieve hoofdclaim vereist onafhankelijke taakuitkomst,RV18,Afgeleid voorstel; empirisch niet getoetst
R08,S25;S21;S33,S25: Bijlage 2 | S21: Introduction; architecture; contracts | S33: Starting Point terms; Expanded terms; Qualified terms,"Conditionele ontwerpafleiding; bron ondersteunt bouwstenen/scope, geen causaal effect","Authenticiteit, betrouwbaarheid en sender trust zijn verschillende beslissingen; hun scheiding is eigen profielbeleid.",Positieve gezagsclaim of betwiste status,Brongebonden gezagsbesluit in conventionele metadata,"Gelijkwaardig eenvoudiger alternatief, onjuiste broncontext of disproportionele kosten kan keuze weerleggen.",TP2,E2,M08,Contract-/componenttoets; comparatieve hoofdclaim vereist onafhankelijke taakuitkomst,RV18,Afgeleid voorstel; empirisch niet getoetst
R09,S05;S06;S12;S34;S48;L15,S05: Abstract | S06: Abstract | S12: Abstract; review status | S34: Abstract; vocabulary; examples | S48: Doel; vertaling naar DQV; voorgeschiedenis | L15: Abstract; JMIS volume 12 issue 4,"Conditionele ontwerpafleiding; bron ondersteunt bouwstenen/scope, geen causaal effect",Een score zonder populatie en methode is niet vergelijkbaar; de gekozen verplichte contextvelden zijn ontwerpkeuze.,Gepubliceerde kwaliteitsmeting,Kwaliteitsrapport met dezelfde context buiten de graaf,"Gelijkwaardig eenvoudiger alternatief, onjuiste broncontext of disproportionele kosten kan keuze weerleggen.",TP1,E1,M09,Contract-/componenttoets; comparatieve hoofdclaim vereist onafhankelijke taakuitkomst,RV14,Afgeleid voorstel; empirisch niet getoetst
R10,S14;S23;S47;S18,S14: 2; 4; 5.4-5.5; 7 | S23: Activiteitenmodel; organisatie en rollen | S47: Dataset; DataService; Distribution; versioning | S18: Conformance; rules,"Conditionele ontwerpafleiding; bron ondersteunt bouwstenen/scope, geen causaal effect",Versieafhankelijkheden kunnen impactanalyse ondersteunen; meer afhankelijkheden kunnen onderhoudslast verhogen.,Wijziging van gepubliceerd artefact,Zelfde versiearchief met handmatig bijgehouden releaseregister,"Gelijkwaardig eenvoudiger alternatief, onjuiste broncontext of disproportionele kosten kan keuze weerleggen.",TP4,E4,M10,Contract-/componenttoets; comparatieve hoofdclaim vereist onafhankelijke taakuitkomst,RV20,Afgeleid voorstel; empirisch niet getoetst
R11,S31;S30;S13;S08,S31: 3; 5; 7; 8; 10 | S30: Document Roadmap; semantics; profiles | S13: 1.6; metamodelbeschrijvingen | S08: Abstract a-d,"Conditionele ontwerpafleiding; bron ondersteunt bouwstenen/scope, geen causaal effect",Motiveer een mapping om onterechte equivalentie te kunnen beoordelen; labels alleen zijn geen geldige goudstandaard.,Semantische/structurele grensvlakmapping,Handmatig geadjudiceerde mappingtabel,"Gelijkwaardig eenvoudiger alternatief, onjuiste broncontext of disproportionele kosten kan keuze weerleggen.",TP1;TP3,E1;E3,M11,Contract-/componenttoets; comparatieve hoofdclaim vereist onafhankelijke taakuitkomst,RV10,Afgeleid voorstel; empirisch niet getoetst
R12,S10;S23;L07;L17,S10: Abstract | S23: Activiteitenmodel; organisatie en rollen | L07: https://www.wi.uni-muenster.de/research/publications/86740390 | L17: https://portal.findresearcher.sdu.dk/en/publications/master-data-quality-barriers-an-empirical-investigation/,"Conditionele ontwerpafleiding; bron ondersteunt bouwstenen/scope, geen causaal effect",Verantwoordelijke statusovergangen zijn governancekeuze; BOMOS schrijft niet deze volledige operationele lifecycle voor.,"Publicatie, herziening of intrekking",Bestaande workflow met beslislog,"Gelijkwaardig eenvoudiger alternatief, onjuiste broncontext of disproportionele kosten kan keuze weerleggen.",TP4,E4,M12,Contract-/componenttoets; comparatieve hoofdclaim vereist onafhankelijke taakuitkomst,RV12,Afgeleid voorstel; empirisch niet getoetst
R13,L12;S16;S47;S27;S51,L12: Data products; comparison | S16: 3-4; klassen en eigenschappen | S47: Dataset; DataService; Distribution; versioning | S27: RE; MO; DA; ME; KW-afspraken | S51: Cover; §1 Scope; §8.1 DataProduct; §8.2 DataService; https://www.omg.org/spec/DPROD/1.0/Beta1/About-DPROD,"Conditionele ontwerpafleiding; bron ondersteunt bouwstenen/scope, geen causaal effect",Productcontractvelden moeten eerst op DCAT/DPROD worden gemapt; eigen metadata zijn alleen conditionele aanvulling.,Beheerde productpublicatie,Bestaand DPROD/DCAT-profiel zonder SMDP-uitbreiding,"Gelijkwaardig eenvoudiger alternatief, onjuiste broncontext of disproportionele kosten kan keuze weerleggen.",TP1,E1,M13,Contract-/componenttoets; comparatieve hoofdclaim vereist onafhankelijke taakuitkomst,RV01;RV07,Afgeleid voorstel; empirisch niet getoetst
R14,S18;S19;S20;S35,S18: Conformance; rules | S19: Schema Object; OpenAPI Object | S20: REST-API koppelvlak; conformance | S35: Basic Concepts; Advanced Concepts,"Conditionele ontwerpafleiding; bron ondersteunt bouwstenen/scope, geen causaal effect",Profielconformiteit en semantische rondreis zijn aparte toetsen; een geslaagde interface voorspelt geen begrip.,Geselecteerd distributieprofiel,OpenAPI plus conventionele contextlinks,"Gelijkwaardig eenvoudiger alternatief, onjuiste broncontext of disproportionele kosten kan keuze weerleggen.",TP1,E1,M14,Contract-/componenttoets; comparatieve hoofdclaim vereist onafhankelijke taakuitkomst,RV13,Afgeleid voorstel; empirisch niet getoetst
R15,S22;L14,S22: 2.2; 3.3-3.5 | L14: 3.1 Valid Time; 3.2 Transaction Time,"Conditionele ontwerpafleiding; bron ondersteunt bouwstenen/scope, geen causaal effect",Eventenvelop adresseert niet alle domein-/herstelbetekenis; additionele regels hangen af van de afnemertaak.,Notificatie- of herstelbehoefte,Polling met versiearchief in plaats van events,"Gelijkwaardig eenvoudiger alternatief, onjuiste broncontext of disproportionele kosten kan keuze weerleggen.",TP4,E4,M15,Contract-/componenttoets; comparatieve hoofdclaim vereist onafhankelijke taakuitkomst,RV07,Afgeleid voorstel; empirisch niet getoetst
R16,S29;S30;S32;S12,S29: 2-3 | S30: Document Roadmap; semantics; profiles | S32: Validation; shapes; Core constraints | S12: Abstract; review status,"Conditionele ontwerpafleiding; bron ondersteunt bouwstenen/scope, geen causaal effect","Inferentie, graafconformiteit en werkelijkheid gebruiken verschillende toetsgronden.",Logische inferentie of constraintvalidatie,SQL-/schemavalidatie plus aparte externe kwaliteitscontrole,"Gelijkwaardig eenvoudiger alternatief, onjuiste broncontext of disproportionele kosten kan keuze weerleggen.",TP1,E1,M16,Contract-/componenttoets; comparatieve hoofdclaim vereist onafhankelijke taakuitkomst,RV14,Afgeleid voorstel; empirisch niet getoetst
R17,S46;S33;L13;L16,S46: Box 2; principles | S33: Starting Point terms; Expanded terms; Qualified terms | L13: https://aidanhogan.com/docs/knowledge-graphs-computing-surveys.pdf | L16: Abstract,"Conditionele ontwerpafleiding; bron ondersteunt bouwstenen/scope, geen causaal effect",Machinebeschikbaarheid is geen gegarandeerd juist gebruik; betere toegang kan een rivaliserende verklaring zijn.,Automatische interpretatietaak,Zelfde context in conventioneel retrievalpakket,"Gelijkwaardig eenvoudiger alternatief, onjuiste broncontext of disproportionele kosten kan keuze weerleggen.",TP1;TP2,E1;E2,M17,Contract-/componenttoets; comparatieve hoofdclaim vereist onafhankelijke taakuitkomst,RV13,Afgeleid voorstel; empirisch niet getoetst
R18,S27,S27: RE; MO; DA; ME; KW-afspraken,"Conditionele ontwerpafleiding; bron ondersteunt bouwstenen/scope, geen causaal effect",FDS-afspraken zijn contextgebonden; toelatingsdekking is geen effectmetric.,Voorgenomen FDS-toelating,Handmatige checklist met hetzelfde toepasselijkheidsbewijs,"Gelijkwaardig eenvoudiger alternatief, onjuiste broncontext of disproportionele kosten kan keuze weerleggen.",TP1,E1,M18,Contract-/componenttoets; comparatieve hoofdclaim vereist onafhankelijke taakuitkomst,RV17,Afgeleid voorstel; empirisch niet getoetst
R19,S25;S26;S27,S25: Bijlage 2 | S26: 2.1-2.6; 2.7 onderscheid potentiële afspraken | S27: RE; MO; DA; ME; KW-afspraken,"Conditionele ontwerpafleiding; bron ondersteunt bouwstenen/scope, geen causaal effect",Terugmeldingen moeten routeerbaar zijn; een eigen eventstack is niet noodzakelijk.,Betwist brongegeven met toepasselijke procedure,Bestaand terugmeldproces met versie-/besluitverwijzing,"Gelijkwaardig eenvoudiger alternatief, onjuiste broncontext of disproportionele kosten kan keuze weerleggen.",TP4,E4,M19,Contract-/componenttoets; comparatieve hoofdclaim vereist onafhankelijke taakuitkomst,RV20,Afgeleid voorstel; empirisch niet getoetst
R20,S24;S15,S24: Overzicht en specificatieonderdelen | S15: TOOI-ontologie; downloads,"Conditionele ontwerpafleiding; bron ondersteunt bouwstenen/scope, geen causaal effect",Bewaarmetadata zijn alleen relevant na expliciet bewaarbeleidsbesluit; geen generieke bewaarplicht afgeleid.,Als bewijs te bewaren objecten,Los archiefdossier gekoppeld aan release,"Gelijkwaardig eenvoudiger alternatief, onjuiste broncontext of disproportionele kosten kan keuze weerleggen.",TP4,E4,M20,Contract-/componenttoets; comparatieve hoofdclaim vereist onafhankelijke taakuitkomst,RV06,Afgeleid voorstel; empirisch niet getoetst
R21,S42;S43;S25,S42: Art.1-3; 6; 23; Annex | S43: Annex 2; interoperability layers; recommendations | S25: Bijlage 2,"Conditionele ontwerpafleiding; bron ondersteunt bouwstenen/scope, geen causaal effect",Juridische toepasselijkheid vereist een deskundig contextbesluit; een complianceveld volstaat niet.,Mogelijk toepasselijke verplichting,Gemotiveerd juridisch dossier buiten productgraaf,"Gelijkwaardig eenvoudiger alternatief, onjuiste broncontext of disproportionele kosten kan keuze weerleggen.",TP1;TP2,E1;E2,M21,Contract-/componenttoets; comparatieve hoofdclaim vereist onafhankelijke taakuitkomst,RV17,Afgeleid voorstel; empirisch niet getoetst
R22,L08;L09;L10;S40;S41,"L08: Abstract | L09: https://bia.unibz.it/esploro/outputs/journalArticle/Towards-ontological-foundations-for-conceptual-modeling/991005925750201241 ; review: https://journals.sagepub.com/doi/10.3233/AO-150157 ; uitgeversrecord geverifieerd, volledige tekst niet opnieuw gelezen | L10: https://www.loa.istc.cnr.it/old/Papers/CACM2002.pdf | S40: Overview | S41: UFO as foundation of OntoUML","Conditionele ontwerpafleiding; bron ondersteunt bouwstenen/scope, geen causaal effect",Ontologische verdieping is alleen kandidaat bij relevante categoriefouten; nut is kostenafhankelijk.,Gedocumenteerde identiteit-/rol-/fasevraag,MIM-review met dezelfde expertise en taakset,"Gelijkwaardig eenvoudiger alternatief, onjuiste broncontext of disproportionele kosten kan keuze weerleggen.",TP3,E3,M22,Contract-/componenttoets; comparatieve hoofdclaim vereist onafhankelijke taakuitkomst,RV08,Afgeleid voorstel; empirisch niet getoetst
R23,S25;S33;S04;L11;L16,S25: Bijlage 2 | S33: Starting Point terms; Expanded terms; Qualified terms | S04: Abstract | L11: Box 2 | L16: Abstract,"Conditionele ontwerpafleiding; bron ondersteunt bouwstenen/scope, geen causaal effect","Registratie, productiemethode, onzekerheid en gezag zijn onafhankelijke profielvelden; PROV-O schrijft deze combinatie niet voor.",Uitspraak waarvoor bewijs- of gezagsstatus moet worden geïnterpreteerd,Conventioneel contextrecord met dezelfde annotaties,"Gelijkwaardig eenvoudiger alternatief, onjuiste broncontext of disproportionele kosten kan keuze weerleggen.",TP2,E2,M23,Contract-/componenttoets; comparatieve hoofdclaim vereist onafhankelijke taakuitkomst,RV18,Afgeleid voorstel; empirisch niet getoetst
