claim_id,claim,source_ids,primary_source,source_location,selected_version,access_and_evidence,interpretation_check,scope_limit,currency_check,severity,checked_on,verification_boundary
C-S01,"DAMA-DMBOK: Datamanagement als discipline. Documentstatus: Gepubliceerde maintenance revision. Referentieversie: DMBOK2 Revised Edition, 2024.",S01,https://dama.org/dama-dmbok-revision/,Revision overview,"DMBOK2 Revised Edition, 2024",Beperkt tot editie/scope/abstract,Editie-informatie opnieuw bekeken; boekinhoud niet gelezen.,Editie bevestigd; inhoudelijke boekclaims niet gedragen.,Geselecteerde bronversie gecontroleerd; geen uitputtende zoektocht naar alle opvolgversies,MINOR,2026-09-07,Bron-/ontwerpcontrole; geen prototype-evaluatie
C-S02,ISO 8000-100: Overzicht uitwisseling characteristic master data. Documentstatus: Published. Referentieversie: 2016.,S02,https://www.iso.org/standard/62392.html,Abstract,2016,Beperkt tot editie/scope/abstract,"Officiële ISO-catalogus via webtool geopend; editie, abstract en scope gecontroleerd; volledige norm niet gelezen.",Geen clausuleconformiteit; interpretatie beperkt tot publiek abstract.,Geselecteerde bronversie gecontroleerd; geen uitputtende zoektocht naar alle opvolgversies,MINOR,2026-09-07,Bron-/ontwerpcontrole; geen prototype-evaluatie
C-S03,ISO 8000-110: Berichten met characteristic master data tussen systemen/organisaties. Documentstatus: Published. Referentieversie: 2021.,S03,https://www.iso.org/standard/78501.html,Abstract: scope en exclusions,2021,Beperkt tot editie/scope/abstract,ISO-catalogusabstract opnieuw gelezen; scope en uitsluitingen gecontroleerd.,Geen clausuleconformiteit of generieke interne MDM-plicht afleiden.,Geselecteerde bronversie gecontroleerd; geen uitputtende zoektocht naar alle opvolgversies,MAJOR,2026-09-07,Bron-/ontwerpcontrole; geen prototype-evaluatie
C-S04,ISO 8000-120: Provenance van characteristic master data. Documentstatus: Published. Referentieversie: 2016.,S04,https://www.iso.org/standard/62393.html,Abstract,2016,Beperkt tot editie/scope/abstract,"Officiële ISO-catalogus via webtool geopend; editie, abstract en scope gecontroleerd; volledige norm niet gelezen.",Geen clausuleconformiteit; interpretatie beperkt tot publiek abstract.,Geselecteerde bronversie gecontroleerd; geen uitputtende zoektocht naar alle opvolgversies,MINOR,2026-09-07,Bron-/ontwerpcontrole; geen prototype-evaluatie
C-S05,ISO 8000-130: Uitwisseling van accuracy-informatie. Documentstatus: Published. Referentieversie: 2016.,S05,https://www.iso.org/standard/62394.html,Abstract,2016,Beperkt tot editie/scope/abstract,"Officiële ISO-catalogus via webtool geopend; editie, abstract en scope gecontroleerd; volledige norm niet gelezen.",Geen clausuleconformiteit; interpretatie beperkt tot publiek abstract.,Geselecteerde bronversie gecontroleerd; geen uitputtende zoektocht naar alle opvolgversies,MINOR,2026-09-07,Bron-/ontwerpcontrole; geen prototype-evaluatie
C-S06,ISO 8000-140: Uitwisseling van completeness-informatie. Documentstatus: Published. Referentieversie: 2016.,S06,https://www.iso.org/standard/62395.html,Abstract,2016,Beperkt tot editie/scope/abstract,"Officiële ISO-catalogus via webtool geopend; editie, abstract en scope gecontroleerd; volledige norm niet gelezen.",Geen clausuleconformiteit; interpretatie beperkt tot publiek abstract.,Geselecteerde bronversie gecontroleerd; geen uitputtende zoektocht naar alle opvolgversies,MINOR,2026-09-07,Bron-/ontwerpcontrole; geen prototype-evaluatie
C-S07,ISO/IEC 11179-3: Gemeenschappelijke voorzieningen metadataregister. Documentstatus: Published. Referentieversie: 2023.,S07,https://www.iso.org/standard/78915.html,Abstract,2023,Beperkt tot editie/scope/abstract,"Officiële ISO-catalogus via webtool geopend; editie, abstract en scope gecontroleerd; volledige norm niet gelezen.",Geen clausuleconformiteit; interpretatie beperkt tot publiek abstract.,Geselecteerde bronversie gecontroleerd; geen uitputtende zoektocht naar alle opvolgversies,MINOR,2026-09-07,Bron-/ontwerpcontrole; geen prototype-evaluatie
C-S08,ISO/IEC 11179-31: Registratie dataspecificaties. Documentstatus: Published. Referentieversie: 2023.,S08,https://www.iso.org/standard/78925.html,Abstract a-d,2023,Beperkt tot editie/scope/abstract,"ISO-catalogusabstract opnieuw gelezen: data elements, concepts, domains en derivation rules.",Geen universele MIM-mapping of fysiek opslagmodel gegeven.,Geselecteerde bronversie gecontroleerd; geen uitputtende zoektocht naar alle opvolgversies,MAJOR,2026-09-07,Bron-/ontwerpcontrole; geen prototype-evaluatie
C-S09,ISO/IEC 11179-33: Registratie datasets. Documentstatus: Published. Referentieversie: 2023.,S09,https://www.iso.org/standard/81725.html,Abstract,2023,Beperkt tot editie/scope/abstract,"Officiële ISO-catalogus via webtool geopend; editie, abstract en scope gecontroleerd; volledige norm niet gelezen.",Geen clausuleconformiteit; interpretatie beperkt tot publiek abstract.,Geselecteerde bronversie gecontroleerd; geen uitputtende zoektocht naar alle opvolgversies,MINOR,2026-09-07,Bron-/ontwerpcontrole; geen prototype-evaluatie
C-S10,ISO/IEC 11179-6: Registratie metadata. Documentstatus: Published. Referentieversie: 2023.,S10,https://www.iso.org/standard/78916.html,Abstract,2023,Beperkt tot editie/scope/abstract,"Officiële ISO-catalogus via webtool geopend; editie, abstract en scope gecontroleerd; volledige norm niet gelezen.",Geen clausuleconformiteit; interpretatie beperkt tot publiek abstract.,Geselecteerde bronversie gecontroleerd; geen uitputtende zoektocht naar alle opvolgversies,MINOR,2026-09-07,Bron-/ontwerpcontrole; geen prototype-evaluatie
C-S11,ISO 704: Terminologiewerk incl. juridische en bestuurlijke domeinen. Documentstatus: Published. Referentieversie: 2022.,S11,https://www.iso.org/standard/79077.html,Abstract,2022,Beperkt tot editie/scope/abstract,"Officiële ISO-catalogus via webtool geopend; editie, abstract en scope gecontroleerd; volledige norm niet gelezen.",Geen clausuleconformiteit; interpretatie beperkt tot publiek abstract.,Geselecteerde bronversie gecontroleerd; geen uitputtende zoektocht naar alle opvolgversies,MINOR,2026-09-07,Bron-/ontwerpcontrole; geen prototype-evaluatie
C-S12,ISO/IEC 25012: Kwaliteit gestructureerde data. Documentstatus: Published; confirmed 2025. Referentieversie: 2008.,S12,https://www.iso.org/standard/35736.html,Abstract; review status,2008,Beperkt tot editie/scope/abstract,"Officiële ISO-catalogus via webtool geopend; editie, abstract en scope gecontroleerd; volledige norm niet gelezen.",Geen clausuleconformiteit; interpretatie beperkt tot publiek abstract.,Geselecteerde bronversie gecontroleerd; geen uitputtende zoektocht naar alle opvolgversies,MINOR,2026-09-07,Bron-/ontwerpcontrole; geen prototype-evaluatie
C-S13,MIM: Conceptuele en logische informatiemodellen. Documentstatus: Vastgesteld 2024-06-13. Referentieversie: 1.2. Review: MIM §1.6.1 formuleert begrip als combinatie van term en definitie; de paper maakt een eigen operationele scheiding.,S13,https://docs.geostandaarden.nl/mim/def-st-mim-20240613/,1.6; metamodelbeschrijvingen,1.2,Relevante primaire passages; geen integrale conformiteitsaudit,Primaire MIM §1.6 en lijstpagina gelezen; 1.2 aanbevolen.,Begrip-woordgebruik verschilt; conceptueel/logisch/technisch niet samenvoegen.,Geselecteerde bronversie gecontroleerd; geen uitputtende zoektocht naar alle opvolgversies,MAJOR,2026-09-07,Bron-/ontwerpcontrole; geen prototype-evaluatie
C-S14,NL-SBB: Begrippenlijsten; taxonomieën; thesauri. Documentstatus: Vastgesteld 2024-10-10. Referentieversie: 1.0.,S14,https://docs.geostandaarden.nl/nl-sbb/def-st-nl-sbb-20241010/,2; 4; 5.4-5.5; 7,1.0,Relevante primaire passages; geen integrale conformiteitsaudit,NL-SBB 1.0 specificatie en lijstpagina gecontroleerd.,Pas toe of leg uit vanaf 2026-01-01 binnen scope; geen automatisch juridisch juist handelen.,Geselecteerde bronversie gecontroleerd; geen uitputtende zoektocht naar alle opvolgversies,MINOR,2026-09-07,Bron-/ontwerpcontrole; geen prototype-evaluatie
C-S15,TOOI: Overheidsinformatie en overheidsorganisaties. Documentstatus: Gepubliceerde modules; lijstprocedure loopt. Referentieversie: Ontologie 1.6.2 (2025-07-04); lijstdocumentatie 1.3.4.,S15,https://standaarden.overheid.nl/tooi/downloads,TOOI-ontologie; downloads,Ontologie 1.6.2 (2025-07-04); lijstdocumentatie 1.3.4,Relevante primaire passages; geen integrale conformiteitsaudit,TOOI downloads en Forum-procedurepagina bekeken.,"Ontologierelease, documentrelease en lijstprocedure hebben eigen versie/status; geen volledige Stelselontologie.",Geselecteerde bronversie gecontroleerd; geen uitputtende zoektocht naar alle opvolgversies,MINOR,2026-09-07,Bron-/ontwerpcontrole; geen prototype-evaluatie
C-S16,DCAT-AP-NL: Uitwisseling catalogusmetadata Nederland. Documentstatus: Vastgesteld 2025-05-26. Referentieversie: 3.0.,S16,https://docs.geostandaarden.nl/dcat/def-st-dcat-ap-nl30-20250526/,3-4; klassen en eigenschappen,3.0,Relevante primaire passages; geen integrale conformiteitsaudit,Vastgestelde NL-publicatie en lijstpagina gecontroleerd.,Lijstpagina in behandeling; geen eigen conclusie over latere besluitvorming.,Geselecteerde bronversie gecontroleerd; geen uitputtende zoektocht naar alle opvolgversies,MINOR,2026-09-07,Bron-/ontwerpcontrole; geen prototype-evaluatie
C-S17,NEN 3610: Locatiegebonden informatie. Documentstatus: Definitief. Referentieversie: 2022.,S17,https://www.nen.nl/nen-3610-2022-nl-296137,Omschrijving; specificaties,2022,Beperkt tot editie/scope/abstract,NEN-catalogus en Geo-lijstbron opnieuw bekeken; volledige norm niet gelezen.,Scope-/editiecontrole; geen conformiteitsverklaring.,Geselecteerde bronversie gecontroleerd; geen uitputtende zoektocht naar alle opvolgversies,MAJOR,2026-09-07,Bron-/ontwerpcontrole; geen prototype-evaluatie
C-S18,NLGov REST API Design Rules: Overheids-REST-API-ontwerp. Documentstatus: Definitieve publicatie. Referentieversie: 2.2.0; Forum vermeldt 2.2.,S18,https://gitdocumentatie.logius.nl/publicatie/api/adr/2.2.0/,Conformance; rules,2.2.0; Forum vermeldt 2.2,Relevante primaire passages; geen integrale conformiteitsaudit,Primaire geregistreerde bronroute en relevante scope-/abstractpassages gecontroleerd; geen volledige clausuleaudit.,"Ondersteunt alleen de geregistreerde scope/bevinding, geen SMDP-effect.",Geselecteerde bronversie gecontroleerd; geen uitputtende zoektocht naar alle opvolgversies,MINOR,2026-09-07,Bron-/ontwerpcontrole; geen prototype-evaluatie
C-S19,OpenAPI Specification: HTTP API-beschrijving. Documentstatus: Gepubliceerde specificatie. Referentieversie: Onderzoeksreferentie 3.1.1; Nederlandse lijst 3.0.,S19,https://spec.openapis.org/oas/v3.1.1.html,Schema Object; OpenAPI Object,Onderzoeksreferentie 3.1.1; Nederlandse lijst 3.0,Relevante primaire passages; geen integrale conformiteitsaudit,Technische 3.1.1-referentie en Forum-lijstpagina gecontroleerd.,Lijstveld 3.0 met 3.1-procedure; technische referentie niet automatisch lijstverplichting.,Geselecteerde bronversie gecontroleerd; geen uitputtende zoektocht naar alle opvolgversies,MINOR,2026-09-07,Bron-/ontwerpcontrole; geen prototype-evaluatie
C-S20,Digikoppeling: Gegevensuitwisseling tussen organisaties. Documentstatus: Gepubliceerde deelspecificaties. Referentieversie: Geen overkoepelend versienummer; REST-API 4.0.1.,S20,https://gitdocumentatie.logius.nl/publicatie/dk/restapi/,REST-API koppelvlak; conformance,Geen overkoepelend versienummer; REST-API 4.0.1,Relevante primaire passages; geen integrale conformiteitsaudit,"Algemene URL is een clientredirect; doel /4.0.1/ apart opgehaald, Forum-scope bekeken.",Geen complete familieconformiteit gecontroleerd; normatief detail vereist afzonderlijke profieltoets.,Geselecteerde bronversie gecontroleerd; geen uitputtende zoektocht naar alle opvolgversies,MINOR,2026-09-07,Bron-/ontwerpcontrole; geen prototype-evaluatie
C-S21,Federated Service Connectivity (FSC): Federatieve API-connectiviteit. Documentstatus: Definitief 2026-04-21. Referentieversie: Core 2.0.0.,S21,https://gitdocumentatie.logius.nl/publicatie/fsc/core/2.0.0/,Introduction; architecture; contracts,Core 2.0.0,Relevante primaire passages; geen integrale conformiteitsaudit,FSC Core 2.0.0 geselecteerde publicatie en via Digikoppeling lijstcontext bekeken.,Afzendervertrouwen impliceert geen authentieke inhoud.,Geselecteerde bronversie gecontroleerd; geen uitputtende zoektocht naar alle opvolgversies,MINOR,2026-09-07,Bron-/ontwerpcontrole; geen prototype-evaluatie
C-S22,NL GOV profile for CloudEvents: Notificatie-uitwisseling. Documentstatus: Definitief 2026-03-17. Referentieversie: 1.1. Review: Forum-versieveld vermeldt 1.1 terwijl het specificatielinklabel 1.0 noemt; de geselecteerde Logius-versie 1.1 is apart gecontroleerd.,S22,https://gitdocumentatie.logius.nl/publicatie/notificatieservices/cloudevents-nl/1.1/,2.2; 3.3-3.5,1.1,Relevante primaire passages; geen integrale conformiteitsaudit,Logius 1.1 en Forum-versieveld gecontroleerd; linklabel noemt nog 1.0.,"Pagina-inconsistentie geregistreerd, niet stilzwijgend opgelost.",Geselecteerde bronversie gecontroleerd; geen uitputtende zoektocht naar alle opvolgversies,MINOR,2026-09-07,Bron-/ontwerpcontrole; geen prototype-evaluatie
C-S23,BOMOS: Beheer en ontwikkeling open standaarden/stelsels. Documentstatus: Gepubliceerd fundament. Referentieversie: Fundament 3.0.2; andere modules afzonderlijk.,S23,https://gitdocumentatie.logius.nl/publicatie/bomos/fundament/3.0.2/,Activiteitenmodel; organisatie en rollen,Fundament 3.0.2; andere modules afzonderlijk,Relevante primaire passages; geen integrale conformiteitsaudit,Primaire geregistreerde bronroute en relevante scope-/abstractpassages gecontroleerd; geen volledige clausuleaudit.,"Ondersteunt alleen de geregistreerde scope/bevinding, geen SMDP-effect.",Geselecteerde bronversie gecontroleerd; geen uitputtende zoektocht naar alle opvolgversies,MINOR,2026-09-07,Bron-/ontwerpcontrole; geen prototype-evaluatie
C-S24,MDTO: Duurzame toegankelijkheid overheidsinformatie. Documentstatus: Gepubliceerd. Referentieversie: 1.0.,S24,https://www.nationaalarchief.nl/archiveren/mdto,Overzicht en specificatieonderdelen,1.0,Relevante primaire passages; geen integrale conformiteitsaudit,Nationaal Archief-overzicht onderscheidt normerende en niet-normerende delen.,Geen volledige modulaire conformiteit gecontroleerd; conditionele bewaartoepassing.,Geselecteerde bronversie gecontroleerd; geen uitputtende zoektocht naar alle opvolgversies,MINOR,2026-09-07,Bron-/ontwerpcontrole; geen prototype-evaluatie
C-S25,"Twaalf eisen basisregistraties: Inrichting authentieke registraties. Documentstatus: Historische primaire beleidsbron. Referentieversie: Kamerstuk 26387 nr.18, 2003.",S25,https://zoek.officielebekendmakingen.nl/kst-26387-18.html,Bijlage 2,"Kamerstuk 26387 nr.18, 2003",Relevante primaire passages; geen integrale conformiteitsaudit,Historisch Kamerstuk met twaalf eisen als beleidstekst gecontroleerd.,Geen actuele attributen- of verwerkingsbevoegdheid uit historisch overzicht afleiden.,Geselecteerde bronversie gecontroleerd; geen uitputtende zoektocht naar alle opvolgversies,MINOR,2026-09-07,Bron-/ontwerpcontrole; geen prototype-evaluatie
C-S26,Stelselafspraken / baseline kwaliteitszorg: Kwaliteitszorg basisregistraties. Documentstatus: Gepubliceerde baseline. Referentieversie: Geraadpleegde publicatie 2021; geen release-ID vastgesteld.,S26,https://www.digitaleoverheid.nl/wp-content/uploads/sites/8/2021/07/Baseline-kwaliteitszorg-stelsel-van-basisregistraties2.pdf,2.1-2.6; 2.7 onderscheid potentiële afspraken,Geraadpleegde publicatie 2021; geen release-ID vastgesteld,Relevante primaire passages; geen integrale conformiteitsaudit,Baseline-PDF met bestaande en potentiële afspraken onderzocht.,Potentiële afspraken niet als vastgesteld presenteren.,Geselecteerde bronversie gecontroleerd; geen uitputtende zoektocht naar alle opvolgversies,MINOR,2026-09-07,Bron-/ontwerpcontrole; geen prototype-evaluatie
C-S27,"Federatief Datastelsel (FDS): Toelating van data-aanbod. Documentstatus: Gepubliceerd afwegingskader. Referentieversie: Afwegingskader v1, 2025-12-18.",S27,https://federatief.datastelsel.nl/afspraken/afwegingskader/v1/,RE; MO; DA; ME; KW-afspraken,"Afwegingskader v1, 2025-12-18",Relevante primaire passages; geen integrale conformiteitsaudit,"FDS v1 tabel en bindingen bekeken, inclusief aanbevolen KW001.",Versielabel garandeert geen immutable webinhoud; geen algemene wettelijke plicht.,Geselecteerde bronversie gecontroleerd; geen uitputtende zoektocht naar alle opvolgversies,MINOR,2026-09-07,Bron-/ontwerpcontrole; geen prototype-evaluatie
C-S28,"RDF: Representatie van resources. Documentstatus: W3C Recommendation. Referentieversie: 1.1, 2014-02-25.",S28,https://www.w3.org/TR/rdf11-concepts/,1.2-1.5; 3-4,"1.1, 2014-02-25",Relevante primaire passages; geen integrale conformiteitsaudit,Primaire geregistreerde bronroute en relevante scope-/abstractpassages gecontroleerd; geen volledige clausuleaudit.,"Ondersteunt alleen de geregistreerde scope/bevinding, geen SMDP-effect.",Geselecteerde bronversie gecontroleerd; geen uitputtende zoektocht naar alle opvolgversies,MINOR,2026-09-07,Bron-/ontwerpcontrole; geen prototype-evaluatie
C-S29,"RDFS: Basisschema’s RDF. Documentstatus: W3C Recommendation. Referentieversie: 1.1, 2014-02-25.",S29,https://www.w3.org/TR/rdf-schema/,2-3,"1.1, 2014-02-25",Relevante primaire passages; geen integrale conformiteitsaudit,Primaire geregistreerde bronroute en relevante scope-/abstractpassages gecontroleerd; geen volledige clausuleaudit.,"Ondersteunt alleen de geregistreerde scope/bevinding, geen SMDP-effect.",Geselecteerde bronversie gecontroleerd; geen uitputtende zoektocht naar alle opvolgversies,MINOR,2026-09-07,Bron-/ontwerpcontrole; geen prototype-evaluatie
C-S30,"OWL: Formele ontologieën. Documentstatus: W3C Recommendation. Referentieversie: OWL 2, second edition, 2012.",S30,https://www.w3.org/TR/owl2-overview/,Document Roadmap; semantics; profiles,"OWL 2, second edition, 2012",Relevante primaire passages; geen integrale conformiteitsaudit,Primaire geregistreerde bronroute en relevante scope-/abstractpassages gecontroleerd; geen volledige clausuleaudit.,"Ondersteunt alleen de geregistreerde scope/bevinding, geen SMDP-effect.",Geselecteerde bronversie gecontroleerd; geen uitputtende zoektocht naar alle opvolgversies,MINOR,2026-09-07,Bron-/ontwerpcontrole; geen prototype-evaluatie
C-S31,SKOS: Kennisorganisatiesystemen. Documentstatus: W3C Recommendation. Referentieversie: 2009-08-18. Review: SKOS §3.5.1 staat een resource als skos:Concept en owl:Class toe; afzonderlijke beheerrollen zijn een profielkeuze.,S31,https://www.w3.org/TR/skos-reference/,3; 5; 7; 8; 10,2009-08-18,Relevante primaire passages; geen integrale conformiteitsaudit,SKOS §3.5.1 expliciet gecontroleerd.,Concept/klasse-dubbeltypering toegestaan; eigen rolonderscheid geen standaarddisjunctie.,Geselecteerde bronversie gecontroleerd; geen uitputtende zoektocht naar alle opvolgversies,MAJOR,2026-09-07,Bron-/ontwerpcontrole; geen prototype-evaluatie
C-S32,SHACL: Validatie RDF-grafen. Documentstatus: W3C Recommendation. Referentieversie: 2017-07-20.,S32,https://www.w3.org/TR/shacl/,Validation; shapes; Core constraints,2017-07-20,Relevante primaire passages; geen integrale conformiteitsaudit,Primaire geregistreerde bronroute en relevante scope-/abstractpassages gecontroleerd; geen volledige clausuleaudit.,"Ondersteunt alleen de geregistreerde scope/bevinding, geen SMDP-effect.",Geselecteerde bronversie gecontroleerd; geen uitputtende zoektocht naar alle opvolgversies,MINOR,2026-09-07,Bron-/ontwerpcontrole; geen prototype-evaluatie
C-S33,PROV-O: Provenance. Documentstatus: W3C Recommendation. Referentieversie: 2013-04-30.,S33,https://www.w3.org/TR/prov-o/,Starting Point terms; Expanded terms; Qualified terms,2013-04-30,Relevante primaire passages; geen integrale conformiteitsaudit,PROV-O begrippen en qualified patterns gecontroleerd.,Provenance-uitdrukbaarheid bewijst geen bronwaarheid of kant-en-klare epistemische classificatie.,Geselecteerde bronversie gecontroleerd; geen uitputtende zoektocht naar alle opvolgversies,MAJOR,2026-09-07,Bron-/ontwerpcontrole; geen prototype-evaluatie
C-S34,DQV: Kwaliteitsmetadata. Documentstatus: W3C Working Group Note; geen Recommendation. Referentieversie: 2016-12-15.,S34,https://www.w3.org/TR/vocab-dqv/,Abstract; vocabulary; examples,2016-12-15,Relevante primaire passages; geen integrale conformiteitsaudit,DQV-publicatiestatus en kwaliteitsmetingconcepten bekeken.,"Working Group Note, geen Recommendation of zelfstandig kwaliteitsbewijs.",Geselecteerde bronversie gecontroleerd; geen uitputtende zoektocht naar alle opvolgversies,MINOR,2026-09-07,Bron-/ontwerpcontrole; geen prototype-evaluatie
C-S35,"JSON-LD: Linked Data in JSON. Documentstatus: W3C Recommendation. Referentieversie: 1.1, 2020-07-16.",S35,https://www.w3.org/TR/json-ld11/,Basic Concepts; Advanced Concepts,"1.1, 2020-07-16",Relevante primaire passages; geen integrale conformiteitsaudit,Primaire geregistreerde bronroute en relevante scope-/abstractpassages gecontroleerd; geen volledige clausuleaudit.,"Ondersteunt alleen de geregistreerde scope/bevinding, geen SMDP-effect.",Geselecteerde bronversie gecontroleerd; geen uitputtende zoektocht naar alle opvolgversies,MINOR,2026-09-07,Bron-/ontwerpcontrole; geen prototype-evaluatie
C-S36,"SPARQL: RDF bevragen en verwerken. Documentstatus: W3C Recommendation suite. Referentieversie: 1.1, 2013-03-21.",S36,https://www.w3.org/TR/sparql11-overview/,Query; entailment; protocol,"1.1, 2013-03-21",Relevante primaire passages; geen integrale conformiteitsaudit,Primaire geregistreerde bronroute en relevante scope-/abstractpassages gecontroleerd; geen volledige clausuleaudit.,"Ondersteunt alleen de geregistreerde scope/bevinding, geen SMDP-effect.",Geselecteerde bronversie gecontroleerd; geen uitputtende zoektocht naar alle opvolgversies,MINOR,2026-09-07,Bron-/ontwerpcontrole; geen prototype-evaluatie
C-S37,OWL-Time: Tijdstippen en intervallen. Documentstatus: Gekozen W3C Recommendation; latest-URL bevat latere CR Draft. Referentieversie: Recommendation 2017-10-19.,S37,https://www.w3.org/TR/2017/REC-owl-time-20171019/,Ontology description; temporal relations,Recommendation 2017-10-19,Relevante primaire passages; geen integrale conformiteitsaudit,Expliciet gedateerde Recommendation 2017 gebruikt.,Geen claim dat elke latere versie dezelfde status heeft; geen automatisch bitemporeel protocol.,Geselecteerde bronversie gecontroleerd; geen uitputtende zoektocht naar alle opvolgversies,MINOR,2026-09-07,Bron-/ontwerpcontrole; geen prototype-evaluatie
C-S38,"URI / IRI-identificatie: Identifier-syntax. Documentstatus: RFC 3986: Internet Standard; RFC 3987: Proposed Standard. Referentieversie: RFC 3986 en 3987, 2005.",S38,https://www.rfc-editor.org/info/rfc3986/ | https://www.rfc-editor.org/info/rfc3987/,RFC status; syntax,"RFC 3986 en 3987, 2005",Relevante primaire passages; geen integrale conformiteitsaudit,Primaire geregistreerde bronroute en relevante scope-/abstractpassages gecontroleerd; geen volledige clausuleaudit.,"Ondersteunt alleen de geregistreerde scope/bevinding, geen SMDP-effect.",Geselecteerde bronversie gecontroleerd; geen uitputtende zoektocht naar alle opvolgversies,MINOR,2026-09-07,Bron-/ontwerpcontrole; geen prototype-evaluatie
C-S39,Cool URIs for the Semantic Web: Identificatie en dereferentie. Documentstatus: W3C Interest Group Note. Referentieversie: 2008-12-03.,S39,https://www.w3.org/TR/cooluris/,Distinguishing resources and documents; solutions,2008-12-03,Relevante primaire passages; geen integrale conformiteitsaudit,Primaire geregistreerde bronroute en relevante scope-/abstractpassages gecontroleerd; geen volledige clausuleaudit.,"Ondersteunt alleen de geregistreerde scope/bevinding, geen SMDP-effect.",Geselecteerde bronversie gecontroleerd; geen uitputtende zoektocht naar alle opvolgversies,MINOR,2026-09-07,Bron-/ontwerpcontrole; geen prototype-evaluatie
C-S40,UFO: Ontologische analyse. Documentstatus: Academisch gepubliceerd; geen NL-overheidsstandaardstatus afgeleid. Referentieversie: Onderzoeksbasis 2005 en 2015; geen release vastgezet.,S40,https://ontouml.org/ufo/,Overview,Onderzoeksbasis 2005 en 2015; geen release vastgezet,Relevante primaire passages; geen integrale conformiteitsaudit,UFO-communitypagina en academische antecedenten gebruikt.,Geen algemeen release- of Nederlandse standaardenstatus afgeleid.,Geselecteerde bronversie gecontroleerd; geen uitputtende zoektocht naar alle opvolgversies,MINOR,2026-09-07,Bron-/ontwerpcontrole; geen prototype-evaluatie
C-S41,OntoUML: Ontology-driven conceptual modelling. Documentstatus: Academisch/community; geen Nederlandse overheidsstandaard. Referentieversie: Geen eenduidige release vastgesteld; onderzoeksbaseline L08.,S41,https://ontouml.org/ufo/,UFO as foundation of OntoUML,Geen eenduidige release vastgesteld; onderzoeksbaseline L08,Relevante primaire passages; geen integrale conformiteitsaudit,Communitydocumentatie en L09 abstract bevestigen ontologische modelleringspositionering.,Geen noodzakelijkheid of Nederlands overheidsstandaardlabel.,Geselecteerde bronversie gecontroleerd; geen uitputtende zoektocht naar alle opvolgversies,MINOR,2026-09-07,Bron-/ontwerpcontrole; geen prototype-evaluatie
C-S42,Interoperable Europe Act: Trans-Europese digitale overheidsdiensten. Documentstatus: Gepubliceerde EU-wetgeving. Referentieversie: Verordening (EU) 2024/903.,S42,https://eur-lex.europa.eu/eli/reg/2024/903,Art.1-3; 6; 23; Annex,Verordening (EU) 2024/903,Relevante primaire passages; geen integrale conformiteitsaudit,"Primaire verordening, scope en artikel 3-context gecontroleerd.",Geen algemene OWL/RDF-verplichting; concrete juridische beoordeling ontbreekt.,Geselecteerde bronversie gecontroleerd; geen uitputtende zoektocht naar alle opvolgversies,MINOR,2026-09-07,Bron-/ontwerpcontrole; geen prototype-evaluatie
C-S43,"European Interoperability Framework: Interoperabele publieke diensten. Documentstatus: Gepubliceerd beleidskader. Referentieversie: 2017, COM(2017)134.",S43,https://eur-lex.europa.eu/legal-content/EN/TXT/?uri=celex%3A52017DC0134,Annex 2; interoperability layers; recommendations,"2017, COM(2017)134",Relevante primaire passages; geen integrale conformiteitsaudit,Primaire geregistreerde bronroute en relevante scope-/abstractpassages gecontroleerd; geen volledige clausuleaudit.,"Ondersteunt alleen de geregistreerde scope/bevinding, geen SMDP-effect.",Geselecteerde bronversie gecontroleerd; geen uitputtende zoektocht naar alle opvolgversies,MINOR,2026-09-07,Bron-/ontwerpcontrole; geen prototype-evaluatie
C-S44,SEMIC Core Vocabularies: Person; Business; Location; Public Organisation als kandidaten. Documentstatus: SEMIC Recommendations; geraadpleegde releases gepubliceerd 2024-05-06. Referentieversie: Onderzoeksreferenties: Person 2.1.1; Business 2.2.0; Location 2.1.0; Public Organisation 2.1.1; geen familieversie.,S44,https://semiceu.github.io/Core-Person-Vocabulary/releases/2.1.1/ | https://semiceu.github.io/Core-Business-Vocabulary/releases/2.2.0/ | https://semiceu.github.io/Core-Location-Vocabulary/releases/2.1.0/ | https://semiceu.github.io/CPOV/releases/2.1.1/,Per release: Summary; Status; Overview,Onderzoeksreferenties: Person 2.1.1; Business 2.2.0; Location 2.1.0; Public Organisation 2.1.1; geen familieversie,Relevante primaire passages; geen integrale conformiteitsaudit,Vier afzonderlijke SEMIC-releasepagina’s opgehaald en scope bekeken.,Geen familieversie of automatische Nederlandse juridische equivalentie.,Geselecteerde bronversie gecontroleerd; geen uitputtende zoektocht naar alle opvolgversies,MINOR,2026-09-07,Bron-/ontwerpcontrole; geen prototype-evaluatie
C-S45,DCAT-AP: Europese catalogusuitwisseling. Documentstatus: Gepubliceerde release. Referentieversie: 3.0.1.,S45,https://semiceu.github.io/DCAT-AP/releases/3.0.1/,Classes; properties; conformance,3.0.1,Relevante primaire passages; geen integrale conformiteitsaudit,Primaire geregistreerde bronroute en relevante scope-/abstractpassages gecontroleerd; geen volledige clausuleaudit.,"Ondersteunt alleen de geregistreerde scope/bevinding, geen SMDP-effect.",Geselecteerde bronversie gecontroleerd; geen uitputtende zoektocht naar alle opvolgversies,MINOR,2026-09-07,Bron-/ontwerpcontrole; geen prototype-evaluatie
C-S46,FAIR-principes: Vindbaarheid en hergebruik data/metadata. Documentstatus: Wetenschappelijk gepubliceerd. Referentieversie: 2016.,S46,https://www.nature.com/articles/sdata201618,Box 2; principles,2016,Relevante primaire passages; geen integrale conformiteitsaudit,Primaire geregistreerde bronroute en relevante scope-/abstractpassages gecontroleerd; geen volledige clausuleaudit.,"Ondersteunt alleen de geregistreerde scope/bevinding, geen SMDP-effect.",Geselecteerde bronversie gecontroleerd; geen uitputtende zoektocht naar alle opvolgversies,MINOR,2026-09-07,Bron-/ontwerpcontrole; geen prototype-evaluatie
C-S47,"DCAT: Catalogisering data en diensten. Documentstatus: W3C Recommendation. Referentieversie: 3, 2024-08-22.",S47,https://www.w3.org/TR/2024/REC-vocab-dcat-3-20240822/,Dataset; DataService; Distribution; versioning,"3, 2024-08-22",Relevante primaire passages; geen integrale conformiteitsaudit,Primaire geregistreerde bronroute en relevante scope-/abstractpassages gecontroleerd; geen volledige clausuleaudit.,"Ondersteunt alleen de geregistreerde scope/bevinding, geen SMDP-effect.",Geselecteerde bronversie gecontroleerd; geen uitputtende zoektocht naar alle opvolgversies,MINOR,2026-09-07,Bron-/ontwerpcontrole; geen prototype-evaluatie
C-S48,NORA Raamwerk gegevenskwaliteit: Kwaliteitsbeschrijving Nederlandse overheid. Documentstatus: Informatief; levende publicatie. Referentieversie: Webversie geraadpleegd 2026-09-07.,S48,https://www.noraonline.nl/wiki/Raamwerk_gegevenskwaliteit_NORA,Doel; vertaling naar DQV; voorgeschiedenis,Webversie geraadpleegd 2026-09-07,Relevante primaire passages; geen integrale conformiteitsaudit,Primaire geregistreerde bronroute en relevante scope-/abstractpassages gecontroleerd; geen volledige clausuleaudit.,"Ondersteunt alleen de geregistreerde scope/bevinding, geen SMDP-effect.",Geselecteerde bronversie gecontroleerd; geen uitputtende zoektocht naar alle opvolgversies,MINOR,2026-09-07,Bron-/ontwerpcontrole; geen prototype-evaluatie
C-S49,"Catalogus BAG 2018: BAG als afgebakende casus. Documentstatus: Gepubliceerde definitieve catalogus; wijzigingen apart. Referentieversie: 2018, versie 1.0; wijzigingsvoorstellen niet automatisch normatief.",S49,https://www.geobasisregistraties.nl/documenten/2018/03/12/catalogus-2018,Catalogus en wijzigingsoverzicht,"2018, versie 1.0; wijzigingsvoorstellen niet automatisch normatief",Relevante primaire passages; geen integrale conformiteitsaudit,Officiële cataloguspublicatiepagina opnieuw bekeken.,BAG-fragmentkeuze ondersteund; geen feitelijke cross-registry mapping of juridisch gevalideerde casus.,Geselecteerde bronversie gecontroleerd; geen uitputtende zoektocht naar alle opvolgversies,MAJOR,2026-09-07,Bron-/ontwerpcontrole; geen prototype-evaluatie
C-S50,OntoClean: Toetsing taxonomische beslissingen. Documentstatus: Wetenschappelijk gepubliceerd. Referentieversie: 2002 artikel.,S50,https://www.loa.istc.cnr.it/old/Papers/CACM2002.pdf,Ontological metaproperties; methodology,2002 artikel,Relevante primaire passages; geen integrale conformiteitsaudit,Primaire geregistreerde bronroute en relevante scope-/abstractpassages gecontroleerd; geen volledige clausuleaudit.,"Ondersteunt alleen de geregistreerde scope/bevinding, geen SMDP-effect.",Geselecteerde bronversie gecontroleerd; geen uitputtende zoektocht naar alle opvolgversies,MINOR,2026-09-07,Bron-/ontwerpcontrole; geen prototype-evaluatie
C-L01,Ontwerp en evaluatie van artefacten horen bij kennisontwikkeling,L01,https://aisel.aisnet.org/misq/vol28/iss1/6/,Abstract,2004,Relevante primaire passages; geen integrale conformiteitsaudit,Primaire geregistreerde bronroute en relevante scope-/abstractpassages gecontroleerd; geen volledige clausuleaudit.,"Ondersteunt alleen de geregistreerde scope/bevinding, geen SMDP-effect.",Geselecteerde bronversie gecontroleerd; geen uitputtende zoektocht naar alle opvolgversies,MINOR,2026-09-07,Bron-/ontwerpcontrole; geen prototype-evaluatie
C-L02,"DSRM verbindt probleem, doelen, ontwerp, demonstratie, evaluatie en communicatie",L02,https://doi.org/10.2753/MIS0742-1222240302,https://www.jmis-web.org/articles/765 ; https://scholar.cgu.edu/samir-chatterjee/wp-content/uploads/sites/6/2013/07/jmis-article.pdf,2007,Relevante primaire passages; geen integrale conformiteitsaudit,Primaire geregistreerde bronroute en relevante scope-/abstractpassages gecontroleerd; geen volledige clausuleaudit.,"Ondersteunt alleen de geregistreerde scope/bevinding, geen SMDP-effect.",Geselecteerde bronversie gecontroleerd; geen uitputtende zoektocht naar alle opvolgversies,MINOR,2026-09-07,Bron-/ontwerpcontrole; geen prototype-evaluatie
C-L03,Formative/summative en artificial/naturalistic ondersteunen evaluatiekeuze,L03,https://doi.org/10.1057/ejis.2014.36,Abstract; publication dates ; review: uitgeversmetadata https://www.tandfonline.com/doi/pdf/10.1057/ejis.2014.36 ; volledige inhoud niet opnieuw gelezen,2016,Onopgelost voor inhoudelijke herverificatie; bibliografie bevestigd,Uitgeversbibliografie opnieuw gevonden; directe PDF/DOI-toegang geweigerd.,Bibliografie bevestigd; methodologische inhoud niet opnieuw volledig geverifieerd. Oorspronkelijk abstractniveau blijft grens.,Geselecteerde bronversie gecontroleerd; geen uitputtende zoektocht naar alle opvolgversies,MAJOR,2026-09-07,Bron-/ontwerpcontrole; geen prototype-evaluatie
C-L04,Artefactabstractie en kennisbijdrage moeten expliciet worden onderscheiden,L04,https://ailab-ua.github.io/courses/MIS611D/gregor-2013-positioning-presenting-design-science-research.pdf,Abstract; contribution framework,2013,Relevante primaire passages; geen integrale conformiteitsaudit,Primaire geregistreerde bronroute en relevante scope-/abstractpassages gecontroleerd; geen volledige clausuleaudit.,"Ondersteunt alleen de geregistreerde scope/bevinding, geen SMDP-effect.",Geselecteerde bronversie gecontroleerd; geen uitputtende zoektocht naar alle opvolgversies,MINOR,2026-09-07,Bron-/ontwerpcontrole; geen prototype-evaluatie
C-L05,MDQM vereist organisatorische inrichting én systeemondersteuning,L05,https://doi.org/10.1007/s10257-011-0178-0,Abstract,2012,Beperkt tot editie/scope/abstract,Primaire geregistreerde bronroute en relevante scope-/abstractpassages gecontroleerd; geen volledige clausuleaudit.,"Ondersteunt alleen de geregistreerde scope/bevinding, geen SMDP-effect.",Geselecteerde bronversie gecontroleerd; geen uitputtende zoektocht naar alle opvolgversies,MINOR,2026-09-07,Bron-/ontwerpcontrole; geen prototype-evaluatie
C-L06,Nog niet inhoudelijk vastgesteld; bibliografisch geverifieerd,L06,https://doi.org/10.1108/17410391111122862,https://portal.findresearcher.sdu.dk/en/publications/barriers-to-master-data-quality/,2011,Beperkt tot editie/scope/abstract,Institutioneel bibliografisch record; geen inhoudelijke bronbevinding.,Niet aangehaald voor onderzoeksresultaten.,Geselecteerde bronversie gecontroleerd; geen uitputtende zoektocht naar alle opvolgversies,MINOR,2026-09-07,Bron-/ontwerpcontrole; geen prototype-evaluatie
C-L07,Raamwerk ordent governance in zes dimensies,L07,https://doi.org/10.1016/j.ijinfomgt.2019.07.008,https://www.wi.uni-muenster.de/research/publications/86740390,2019,Relevante primaire passages; geen integrale conformiteitsaudit,Primaire geregistreerde bronroute en relevante scope-/abstractpassages gecontroleerd; geen volledige clausuleaudit.,"Ondersteunt alleen de geregistreerde scope/bevinding, geen SMDP-effect.",Geselecteerde bronversie gecontroleerd; geen uitputtende zoektocht naar alle opvolgversies,MINOR,2026-09-07,Bron-/ontwerpcontrole; geen prototype-evaluatie
C-L08,Foundational ontology kan analyse van modelconstructies structureren,L08,https://research.utwente.nl/en/publications/ontological-foundations-for-structural-conceptual-models/,Abstract,2005,Beperkt tot editie/scope/abstract,Primaire geregistreerde bronroute en relevante scope-/abstractpassages gecontroleerd; geen volledige clausuleaudit.,"Ondersteunt alleen de geregistreerde scope/bevinding, geen SMDP-effect.",Geselecteerde bronversie gecontroleerd; geen uitputtende zoektocht naar alle opvolgversies,MINOR,2026-09-07,Bron-/ontwerpcontrole; geen prototype-evaluatie
C-L09,Positioneert UFO als ontologische basis voor conceptual modelling,L09,https://doi.org/10.3233/AO-150157,"https://bia.unibz.it/esploro/outputs/journalArticle/Towards-ontological-foundations-for-conceptual-modeling/991005925750201241 ; review: https://journals.sagepub.com/doi/10.3233/AO-150157 ; uitgeversrecord geverifieerd, volledige tekst niet opnieuw gelezen",2015,Beperkt tot editie/scope/abstract,Oorspronkelijke institutionele route geeft slechts applicatiescherm; alternatief primair uitgeversabstract gelezen.,Abstract ondersteunt UFO/OntoUML-positionering; geen lokale meerwaarde.,Geselecteerde bronversie gecontroleerd; geen uitputtende zoektocht naar alle opvolgversies,MINOR,2026-09-07,Bron-/ontwerpcontrole; geen prototype-evaluatie
C-L10,Identiteit en rigiditeit maken taxonomische fouten bespreekbaar,L10,https://doi.org/10.1145/503124.503150,https://www.loa.istc.cnr.it/old/Papers/CACM2002.pdf,2002,Relevante primaire passages; geen integrale conformiteitsaudit,Primaire geregistreerde bronroute en relevante scope-/abstractpassages gecontroleerd; geen volledige clausuleaudit.,"Ondersteunt alleen de geregistreerde scope/bevinding, geen SMDP-effect.",Geselecteerde bronversie gecontroleerd; geen uitputtende zoektocht naar alle opvolgversies,MINOR,2026-09-07,Bron-/ontwerpcontrole; geen prototype-evaluatie
C-L11,FAIR geeft richting aan machine-actionable data en metadata,L11,https://doi.org/10.1038/sdata.2016.18,Box 2,2016,Relevante primaire passages; geen integrale conformiteitsaudit,Primaire geregistreerde bronroute en relevante scope-/abstractpassages gecontroleerd; geen volledige clausuleaudit.,"Ondersteunt alleen de geregistreerde scope/bevinding, geen SMDP-effect.",Geselecteerde bronversie gecontroleerd; geen uitputtende zoektocht naar alle opvolgversies,MINOR,2026-09-07,Bron-/ontwerpcontrole; geen prototype-evaluatie
C-L12,Dataproductdenken richt zich op gebruikersbehoeften en waarde,L12,https://doi.org/10.1007/s12599-024-00876-5,Data products; comparison,2024,Relevante primaire passages; geen integrale conformiteitsaudit,Primaire geregistreerde bronroute en relevante scope-/abstractpassages gecontroleerd; geen volledige clausuleaudit.,"Ondersteunt alleen de geregistreerde scope/bevinding, geen SMDP-effect.",Geselecteerde bronversie gecontroleerd; geen uitputtende zoektocht naar alle opvolgversies,MINOR,2026-09-07,Bron-/ontwerpcontrole; geen prototype-evaluatie
C-L13,"Verbindt grafen, queries, validatie, ontologieën en toepassingen",L13,https://doi.org/10.1145/3447772,https://aidanhogan.com/docs/knowledge-graphs-computing-surveys.pdf,2021,Relevante primaire passages; geen integrale conformiteitsaudit,Primaire geregistreerde bronroute en relevante scope-/abstractpassages gecontroleerd; geen volledige clausuleaudit.,"Ondersteunt alleen de geregistreerde scope/bevinding, geen SMDP-effect.",Geselecteerde bronversie gecontroleerd; geen uitputtende zoektocht naar alle opvolgversies,MINOR,2026-09-07,Bron-/ontwerpcontrole; geen prototype-evaluatie
C-L14,Valid time en transaction time beschrijven verschillende zaken,L14,https://www2.cs.arizona.edu/~rts/pubs/SIGMODRecordMarch94p52.pdf,3.1 Valid Time; 3.2 Transaction Time,1994,Relevante primaire passages; geen integrale conformiteitsaudit,Primaire geregistreerde bronroute en relevante scope-/abstractpassages gecontroleerd; geen volledige clausuleaudit.,"Ondersteunt alleen de geregistreerde scope/bevinding, geen SMDP-effect.",Geselecteerde bronversie gecontroleerd; geen uitputtende zoektocht naar alle opvolgversies,MINOR,2026-09-07,Bron-/ontwerpcontrole; geen prototype-evaluatie
C-L15,Datakwaliteit omvat meer dan accuracy,L15,https://www.jmis-web.org/articles/1002,Abstract; JMIS volume 12 issue 4,1996,Beperkt tot editie/scope/abstract,Primaire geregistreerde bronroute en relevante scope-/abstractpassages gecontroleerd; geen volledige clausuleaudit.,"Ondersteunt alleen de geregistreerde scope/bevinding, geen SMDP-effect.",Geselecteerde bronversie gecontroleerd; geen uitputtende zoektocht naar alle opvolgversies,MINOR,2026-09-07,Bron-/ontwerpcontrole; geen prototype-evaluatie
C-L16,Retrieval-augmented modellen verbeteren resultaten op onderzochte taken,L16,https://proceedings.neurips.cc/paper_files/paper/2020/hash/6b493230205f780e1bc26945df7481e5-Abstract.html,Abstract,2020,Beperkt tot editie/scope/abstract,Primaire geregistreerde bronroute en relevante scope-/abstractpassages gecontroleerd; geen volledige clausuleaudit.,"Ondersteunt alleen de geregistreerde scope/bevinding, geen SMDP-effect.",Geselecteerde bronversie gecontroleerd; geen uitputtende zoektocht naar alle opvolgversies,MINOR,2026-09-07,Bron-/ontwerpcontrole; geen prototype-evaluatie
C-L17,Twaalf barrières onderzocht; organisatorische problemen verdienen expliciete aandacht,L17,https://doi.org/10.1108/02635571311303550,https://portal.findresearcher.sdu.dk/en/publications/master-data-quality-barriers-an-empirical-investigation/,2013,Beperkt tot editie/scope/abstract,Primaire geregistreerde bronroute en relevante scope-/abstractpassages gecontroleerd; geen volledige clausuleaudit.,"Ondersteunt alleen de geregistreerde scope/bevinding, geen SMDP-effect.",Geselecteerde bronversie gecontroleerd; geen uitputtende zoektocht naar alle opvolgversies,MINOR,2026-09-07,Bron-/ontwerpcontrole; geen prototype-evaluatie
R01,"Typeer term, begrip, definitie, klasse, modelelement, record en product afzonderlijk.",S11;S13;S31;S08,https://www.iso.org/standard/79077.html | https://docs.geostandaarden.nl/mim/def-st-mim-20240613/ | https://www.w3.org/TR/skos-reference/ | https://www.iso.org/standard/78925.html,Relevante bronlocaties staan per bron-ID in de matrices,"Profielvoorstel, revisie 2026-09-07",Geen extern effectbewijs; zie bronclaims van bron_ids,Afleiding beoordeeld tegen bron-scope en expliciete tegenargumenten; geen directe bron-entailment geclaimd.,Eigen ontwerpkeuze/hypothese of lokale observatie; empirische validatie ontbreekt.,Geen feitelijke actuele normstatus geclaimd door deze ontwerpafleiding,MAJOR,2026-09-07,Bron-/ontwerpcontrole; geen prototype-evaluatie
R02,"Verbind een definitie met bron, context, versie, verantwoordelijke en toepassingsperiode.",S14;S25;S33,https://docs.geostandaarden.nl/nl-sbb/def-st-nl-sbb-20241010/ | https://zoek.officielebekendmakingen.nl/kst-26387-18.html | https://www.w3.org/TR/prov-o/,Relevante bronlocaties staan per bron-ID in de matrices,"Profielvoorstel, revisie 2026-09-07",Geen extern effectbewijs; zie bronclaims van bron_ids,Afleiding beoordeeld tegen bron-scope en expliciete tegenargumenten; geen directe bron-entailment geclaimd.,Eigen ontwerpkeuze/hypothese of lokale observatie; empirische validatie ontbreekt.,Geen feitelijke actuele normstatus geclaimd door deze ontwerpafleiding,MAJOR,2026-09-07,Bron-/ontwerpcontrole; geen prototype-evaluatie
R03,"Bewaar identifier-scope en onderscheid entiteit-ID, record-ID, versie-ID en document-URL.",S28;S38;S39;L08,https://www.w3.org/TR/rdf11-concepts/ | https://www.rfc-editor.org/info/rfc3986/ | https://www.rfc-editor.org/info/rfc3987/ | https://www.w3.org/TR/cooluris/ | https://research.utwente.nl/en/publications/ontological-foundations-for-structural-conceptual-models/,Relevante bronlocaties staan per bron-ID in de matrices,"Profielvoorstel, revisie 2026-09-07",Geen extern effectbewijs; zie bronclaims van bron_ids,Afleiding beoordeeld tegen bron-scope en expliciete tegenargumenten; geen directe bron-entailment geclaimd.,Eigen ontwerpkeuze/hypothese of lokale observatie; empirische validatie ontbreekt.,Geen feitelijke actuele normstatus geclaimd door deze ontwerpafleiding,MAJOR,2026-09-07,Bron-/ontwerpcontrole; geen prototype-evaluatie
R04,"Koppel data-elementen aan begrip, eigenschap en waarde-/conceptueel domein.",S08;S13,https://www.iso.org/standard/78925.html | https://docs.geostandaarden.nl/mim/def-st-mim-20240613/,Relevante bronlocaties staan per bron-ID in de matrices,"Profielvoorstel, revisie 2026-09-07",Geen extern effectbewijs; zie bronclaims van bron_ids,Afleiding beoordeeld tegen bron-scope en expliciete tegenargumenten; geen directe bron-entailment geclaimd.,Eigen ontwerpkeuze/hypothese of lokale observatie; empirische validatie ontbreekt.,Geen feitelijke actuele normstatus geclaimd door deze ontwerpafleiding,MAJOR,2026-09-07,Bron-/ontwerpcontrole; geen prototype-evaluatie
R05,"Maak syntax, semantic encoding, dataspecificatie en decoderingsinformatie controleerbaar.",S03,https://www.iso.org/standard/78501.html,Relevante bronlocaties staan per bron-ID in de matrices,"Profielvoorstel, revisie 2026-09-07",Geen extern effectbewijs; zie bronclaims van bron_ids,Afleiding beoordeeld tegen bron-scope en expliciete tegenargumenten; geen directe bron-entailment geclaimd.,Eigen ontwerpkeuze/hypothese of lokale observatie; empirische validatie ontbreekt.,Geen feitelijke actuele normstatus geclaimd door deze ontwerpafleiding,MAJOR,2026-09-07,Bron-/ontwerpcontrole; geen prototype-evaluatie
R06,"Onderscheid geldigheid, registratie, publicatie en eventtijd; bewaar correctiehistorie.",L14;S37;S22,https://www2.cs.arizona.edu/~rts/pubs/SIGMODRecordMarch94p52.pdf | https://www.w3.org/TR/2017/REC-owl-time-20171019/ | https://gitdocumentatie.logius.nl/publicatie/notificatieservices/cloudevents-nl/1.1/,Relevante bronlocaties staan per bron-ID in de matrices,"Profielvoorstel, revisie 2026-09-07",Geen extern effectbewijs; zie bronclaims van bron_ids,Afleiding beoordeeld tegen bron-scope en expliciete tegenargumenten; geen directe bron-entailment geclaimd.,Eigen ontwerpkeuze/hypothese of lokale observatie; empirische validatie ontbreekt.,Geen feitelijke actuele normstatus geclaimd door deze ontwerpafleiding,MAJOR,2026-09-07,Bron-/ontwerpcontrole; geen prototype-evaluatie
R07,"Leg bronrecordversie, afleidingsactiviteit, verantwoordelijke en gebruikte modelversies vast.",S04;S33,https://www.iso.org/standard/62393.html | https://www.w3.org/TR/prov-o/,Relevante bronlocaties staan per bron-ID in de matrices,"Profielvoorstel, revisie 2026-09-07",Geen extern effectbewijs; zie bronclaims van bron_ids,Afleiding beoordeeld tegen bron-scope en expliciete tegenargumenten; geen directe bron-entailment geclaimd.,Eigen ontwerpkeuze/hypothese of lokale observatie; empirische validatie ontbreekt.,Geen feitelijke actuele normstatus geclaimd door deze ontwerpafleiding,MAJOR,2026-09-07,Bron-/ontwerpcontrole; geen prototype-evaluatie
R08,"Scheid wettelijke authenticiteit, beheerautoriteit, feitelijke juistheid en technische afzenderidentiteit.",S25;S21;S33,https://zoek.officielebekendmakingen.nl/kst-26387-18.html | https://gitdocumentatie.logius.nl/publicatie/fsc/core/2.0.0/ | https://www.w3.org/TR/prov-o/,Relevante bronlocaties staan per bron-ID in de matrices,"Profielvoorstel, revisie 2026-09-07",Geen extern effectbewijs; zie bronclaims van bron_ids,Afleiding beoordeeld tegen bron-scope en expliciete tegenargumenten; geen directe bron-entailment geclaimd.,Eigen ontwerpkeuze/hypothese of lokale observatie; empirische validatie ontbreekt.,Geen feitelijke actuele normstatus geclaimd door deze ontwerpafleiding,MAJOR,2026-09-07,Bron-/ontwerpcontrole; geen prototype-evaluatie
R09,"Publiceer kwaliteit met metriek, populatie, periode, meetmethode, streefwaarde en resultaat.",S05;S06;S12;S34;S48;L15,https://www.iso.org/standard/62394.html | https://www.iso.org/standard/62395.html | https://www.iso.org/standard/35736.html | https://www.w3.org/TR/vocab-dqv/ | https://www.noraonline.nl/wiki/Raamwerk_gegevenskwaliteit_NORA | https://www.jmis-web.org/articles/1002,Relevante bronlocaties staan per bron-ID in de matrices,"Profielvoorstel, revisie 2026-09-07",Geen extern effectbewijs; zie bronclaims van bron_ids,Afleiding beoordeeld tegen bron-scope en expliciete tegenargumenten; geen directe bron-entailment geclaimd.,Eigen ontwerpkeuze/hypothese of lokale observatie; empirische validatie ontbreekt.,Geen feitelijke actuele normstatus geclaimd door deze ontwerpafleiding,MAJOR,2026-09-07,Bron-/ontwerpcontrole; geen prototype-evaluatie
R10,"Versieer definities, ontologie, model, shape, context, mapping, dataset en interface onafhankelijk maar samenhangend.",S14;S23;S47;S18,https://docs.geostandaarden.nl/nl-sbb/def-st-nl-sbb-20241010/ | https://gitdocumentatie.logius.nl/publicatie/bomos/fundament/3.0.2/ | https://www.w3.org/TR/2024/REC-vocab-dcat-3-20240822/ | https://gitdocumentatie.logius.nl/publicatie/api/adr/2.2.0/,Relevante bronlocaties staan per bron-ID in de matrices,"Profielvoorstel, revisie 2026-09-07",Geen extern effectbewijs; zie bronclaims van bron_ids,Afleiding beoordeeld tegen bron-scope en expliciete tegenargumenten; geen directe bron-entailment geclaimd.,Eigen ontwerpkeuze/hypothese of lokale observatie; empirische validatie ontbreekt.,Geen feitelijke actuele normstatus geclaimd door deze ontwerpafleiding,MAJOR,2026-09-07,Bron-/ontwerpcontrole; geen prototype-evaluatie
R11,"Maak mappings gericht, getypeerd, context- en versiegebonden; motiveer equivalentie.",S31;S30;S13;S08,https://www.w3.org/TR/skos-reference/ | https://www.w3.org/TR/owl2-overview/ | https://docs.geostandaarden.nl/mim/def-st-mim-20240613/ | https://www.iso.org/standard/78925.html,Relevante bronlocaties staan per bron-ID in de matrices,"Profielvoorstel, revisie 2026-09-07",Geen extern effectbewijs; zie bronclaims van bron_ids,Afleiding beoordeeld tegen bron-scope en expliciete tegenargumenten; geen directe bron-entailment geclaimd.,Eigen ontwerpkeuze/hypothese of lokale observatie; empirische validatie ontbreekt.,Geen feitelijke actuele normstatus geclaimd door deze ontwerpafleiding,MAJOR,2026-09-07,Bron-/ontwerpcontrole; geen prototype-evaluatie
R12,"Registreer voorstel, review, vaststelling, publicatie, deprecatie en intrekking met verantwoordelijke.",S10;S23;L07;L17,https://www.iso.org/standard/78916.html | https://gitdocumentatie.logius.nl/publicatie/bomos/fundament/3.0.2/ | https://doi.org/10.1016/j.ijinfomgt.2019.07.008 | https://doi.org/10.1108/02635571311303550,Relevante bronlocaties staan per bron-ID in de matrices,"Profielvoorstel, revisie 2026-09-07",Geen extern effectbewijs; zie bronclaims van bron_ids,Afleiding beoordeeld tegen bron-scope en expliciete tegenargumenten; geen directe bron-entailment geclaimd.,Eigen ontwerpkeuze/hypothese of lokale observatie; empirische validatie ontbreekt.,Geen feitelijke actuele normstatus geclaimd door deze ontwerpafleiding,MAJOR,2026-09-07,Bron-/ontwerpcontrole; geen prototype-evaluatie
R13,"Beschrijf product-ID, doelgroep, doel, eigenaar, datasets, diensten, kwaliteit, gebruikscondities en afhankelijkheden.",L12;S16;S47;S27,https://doi.org/10.1007/s12599-024-00876-5 | https://docs.geostandaarden.nl/dcat/def-st-dcat-ap-nl30-20250526/ | https://www.w3.org/TR/2024/REC-vocab-dcat-3-20240822/ | https://federatief.datastelsel.nl/afspraken/afwegingskader/v1/,Relevante bronlocaties staan per bron-ID in de matrices,"Profielvoorstel, revisie 2026-09-07",Geen extern effectbewijs; zie bronclaims van bron_ids,Afleiding beoordeeld tegen bron-scope en expliciete tegenargumenten; geen directe bron-entailment geclaimd.,Eigen ontwerpkeuze/hypothese of lokale observatie; empirische validatie ontbreekt.,Geen feitelijke actuele normstatus geclaimd door deze ontwerpafleiding,MAJOR,2026-09-07,Bron-/ontwerpcontrole; geen prototype-evaluatie
R14,Valideer uitwisselprofielen en behoud betekenis bij API- en RDF/JSON-LD-representaties.,S18;S19;S20;S35,https://gitdocumentatie.logius.nl/publicatie/api/adr/2.2.0/ | https://spec.openapis.org/oas/v3.1.1.html | https://gitdocumentatie.logius.nl/publicatie/dk/restapi/ | https://www.w3.org/TR/json-ld11/,Relevante bronlocaties staan per bron-ID in de matrices,"Profielvoorstel, revisie 2026-09-07",Geen extern effectbewijs; zie bronclaims van bron_ids,Afleiding beoordeeld tegen bron-scope en expliciete tegenargumenten; geen directe bron-entailment geclaimd.,Eigen ontwerpkeuze/hypothese of lokale observatie; empirische validatie ontbreekt.,Geen feitelijke actuele normstatus geclaimd door deze ontwerpafleiding,MAJOR,2026-09-07,Bron-/ontwerpcontrole; geen prototype-evaluatie
R15,"Verbind notificatie met bronobject en schema; leg verwerking van duplicaten, volgorde en herstel vast.",S22;L14,https://gitdocumentatie.logius.nl/publicatie/notificatieservices/cloudevents-nl/1.1/ | https://www2.cs.arizona.edu/~rts/pubs/SIGMODRecordMarch94p52.pdf,Relevante bronlocaties staan per bron-ID in de matrices,"Profielvoorstel, revisie 2026-09-07",Geen extern effectbewijs; zie bronclaims van bron_ids,Afleiding beoordeeld tegen bron-scope en expliciete tegenargumenten; geen directe bron-entailment geclaimd.,Eigen ontwerpkeuze/hypothese of lokale observatie; empirische validatie ontbreekt.,Geen feitelijke actuele normstatus geclaimd door deze ontwerpafleiding,MAJOR,2026-09-07,Bron-/ontwerpcontrole; geen prototype-evaluatie
R16,"Scheid logische inferentie, constraints op beschikbare data en externe werkelijkheidscontrole.",S29;S30;S32;S12,https://www.w3.org/TR/rdf-schema/ | https://www.w3.org/TR/owl2-overview/ | https://www.w3.org/TR/shacl/ | https://www.iso.org/standard/35736.html,Relevante bronlocaties staan per bron-ID in de matrices,"Profielvoorstel, revisie 2026-09-07",Geen extern effectbewijs; zie bronclaims van bron_ids,Afleiding beoordeeld tegen bron-scope en expliciete tegenargumenten; geen directe bron-entailment geclaimd.,Eigen ontwerpkeuze/hypothese of lokale observatie; empirische validatie ontbreekt.,Geen feitelijke actuele normstatus geclaimd door deze ontwerpafleiding,MAJOR,2026-09-07,Bron-/ontwerpcontrole; geen prototype-evaluatie
R17,Bied machinevindbare betekenis en provenance en markeer ontbrekend of betwist bewijs.,S46;S33;L13;L16,https://www.nature.com/articles/sdata201618 | https://www.w3.org/TR/prov-o/ | https://doi.org/10.1145/3447772 | https://proceedings.neurips.cc/paper_files/paper/2020/hash/6b493230205f780e1bc26945df7481e5-Abstract.html,Relevante bronlocaties staan per bron-ID in de matrices,"Profielvoorstel, revisie 2026-09-07",Geen extern effectbewijs; zie bronclaims van bron_ids,Afleiding beoordeeld tegen bron-scope en expliciete tegenargumenten; geen directe bron-entailment geclaimd.,Eigen ontwerpkeuze/hypothese of lokale observatie; empirische validatie ontbreekt.,Geen feitelijke actuele normstatus geclaimd door deze ontwerpafleiding,MAJOR,2026-09-07,Bron-/ontwerpcontrole; geen prototype-evaluatie
R18,Beoordeel FDS-toelating met afzonderlijke verplichte en aanbevolen afspraken.,S27,https://federatief.datastelsel.nl/afspraken/afwegingskader/v1/,Relevante bronlocaties staan per bron-ID in de matrices,"Profielvoorstel, revisie 2026-09-07",Geen extern effectbewijs; zie bronclaims van bron_ids,Afleiding beoordeeld tegen bron-scope en expliciete tegenargumenten; geen directe bron-entailment geclaimd.,Eigen ontwerpkeuze/hypothese of lokale observatie; empirische validatie ontbreekt.,Geen feitelijke actuele normstatus geclaimd door deze ontwerpafleiding,MAJOR,2026-09-07,Bron-/ontwerpcontrole; geen prototype-evaluatie
R19,"Ondersteun terugmelding met bronhouder, status, afhandeling en traceerbare correctie.",S25;S26;S27,https://zoek.officielebekendmakingen.nl/kst-26387-18.html | https://www.digitaleoverheid.nl/wp-content/uploads/sites/8/2021/07/Baseline-kwaliteitszorg-stelsel-van-basisregistraties2.pdf | https://federatief.datastelsel.nl/afspraken/afwegingskader/v1/,Relevante bronlocaties staan per bron-ID in de matrices,"Profielvoorstel, revisie 2026-09-07",Geen extern effectbewijs; zie bronclaims van bron_ids,Afleiding beoordeeld tegen bron-scope en expliciete tegenargumenten; geen directe bron-entailment geclaimd.,Eigen ontwerpkeuze/hypothese of lokale observatie; empirische validatie ontbreekt.,Geen feitelijke actuele normstatus geclaimd door deze ontwerpafleiding,MAJOR,2026-09-07,Bron-/ontwerpcontrole; geen prototype-evaluatie
R20,Koppel bewaarde informatieobjecten en versies aan een afzonderlijk bewaarmetadata-profiel.,S24;S15,https://www.nationaalarchief.nl/archiveren/mdto | https://standaarden.overheid.nl/tooi/downloads,Relevante bronlocaties staan per bron-ID in de matrices,"Profielvoorstel, revisie 2026-09-07",Geen extern effectbewijs; zie bronclaims van bron_ids,Afleiding beoordeeld tegen bron-scope en expliciete tegenargumenten; geen directe bron-entailment geclaimd.,Eigen ontwerpkeuze/hypothese of lokale observatie; empirische validatie ontbreekt.,Geen feitelijke actuele normstatus geclaimd door deze ontwerpafleiding,MAJOR,2026-09-07,Bron-/ontwerpcontrole; geen prototype-evaluatie
R21,Maak toepasselijkheid van juridische en standaardverplichtingen afzonderlijk toetsbaar.,S42;S43;S25,https://eur-lex.europa.eu/eli/reg/2024/903 | https://eur-lex.europa.eu/legal-content/EN/TXT/?uri=celex%3A52017DC0134 | https://zoek.officielebekendmakingen.nl/kst-26387-18.html,Relevante bronlocaties staan per bron-ID in de matrices,"Profielvoorstel, revisie 2026-09-07",Geen extern effectbewijs; zie bronclaims van bron_ids,Afleiding beoordeeld tegen bron-scope en expliciete tegenargumenten; geen directe bron-entailment geclaimd.,Eigen ontwerpkeuze/hypothese of lokale observatie; empirische validatie ontbreekt.,Geen feitelijke actuele normstatus geclaimd door deze ontwerpafleiding,MAJOR,2026-09-07,Bron-/ontwerpcontrole; geen prototype-evaluatie
R22,"Toets identity, role en phase met ontologische analyse en vergelijk de benodigde inspanning.",L08;L09;L10;S40;S41,https://research.utwente.nl/en/publications/ontological-foundations-for-structural-conceptual-models/ | https://doi.org/10.3233/AO-150157 | https://doi.org/10.1145/503124.503150 | https://ontouml.org/ufo/ | https://ontouml.org/ufo/,Relevante bronlocaties staan per bron-ID in de matrices,"Profielvoorstel, revisie 2026-09-07",Geen extern effectbewijs; zie bronclaims van bron_ids,Afleiding beoordeeld tegen bron-scope en expliciete tegenargumenten; geen directe bron-entailment geclaimd.,Eigen ontwerpkeuze/hypothese of lokale observatie; empirische validatie ontbreekt.,Geen feitelijke actuele normstatus geclaimd door deze ontwerpafleiding,MAJOR,2026-09-07,Bron-/ontwerpcontrole; geen prototype-evaluatie
G01,Brede nieuwheid van semantische masterdata is niet houdbaar; de resterende kennisvraag betreft vergelijkende meerwaarde van contextbinding in de afgebakende Nederlandse casus.,L18;L19;S51;L04,https://www.vldb.org/pvldb/vol2/vldb09-1011.pdf | https://doi.org/10.15388/23-INFOR534 | https://www.omg.org/spec/DPROD/1.0/Beta1/PDF | https://ailab-ua.github.io/courses/MIS611D/gregor-2013-positioning-presenting-design-science-research.pdf,Abstracts; scopevergelijking,"Profielvoorstel, revisie 2026-09-07",Geen extern effectbewijs; zie bronclaims van bron_ids,Afleiding beoordeeld tegen bron-scope en expliciete tegenargumenten; geen directe bron-entailment geclaimd.,Brede noveltyclaim vervalt; restvraag blijft voorlopig en niet systematisch als gap bewezen.,Geen feitelijke actuele normstatus geclaimd door deze ontwerpafleiding,CRITICAL,2026-09-07,Bron-/ontwerpcontrole; geen prototype-evaluatie
G02,Geïntegreerde traceerbaarheid verbetert antwoordkwaliteit en wijzigingsanalyse.,L13;L16;S33,https://doi.org/10.1145/3447772 | https://proceedings.neurips.cc/paper_files/paper/2020/hash/6b493230205f780e1bc26945df7481e5-Abstract.html | https://www.w3.org/TR/prov-o/,Survey en benchmarkcontext,"Profielvoorstel, revisie 2026-09-07",Geen extern effectbewijs; zie bronclaims van bron_ids,Afleiding beoordeeld tegen bron-scope en expliciete tegenargumenten; geen directe bron-entailment geclaimd.,Eigen ontwerpkeuze/hypothese of lokale observatie; empirische validatie ontbreekt.,Geen feitelijke actuele normstatus geclaimd door deze ontwerpafleiding,MAJOR,2026-09-07,Bron-/ontwerpcontrole; geen prototype-evaluatie
G03,UFO/OntoUML levert meerwaarde boven directe MIM-modellering in deze casus.,L08;L09;L10,https://research.utwente.nl/en/publications/ontological-foundations-for-structural-conceptual-models/ | https://doi.org/10.3233/AO-150157 | https://doi.org/10.1145/503124.503150,Ontologische analyse,"Profielvoorstel, revisie 2026-09-07",Geen extern effectbewijs; zie bronclaims van bron_ids,Afleiding beoordeeld tegen bron-scope en expliciete tegenargumenten; geen directe bron-entailment geclaimd.,Eigen ontwerpkeuze/hypothese of lokale observatie; empirische validatie ontbreekt.,Geen feitelijke actuele normstatus geclaimd door deze ontwerpafleiding,MAJOR,2026-09-07,Bron-/ontwerpcontrole; geen prototype-evaluatie
O01,In /mnt/development/Codex/Paper waren bij aanvang geen projectbestanden aanwezig.,,,Directorylisting op onderzoeksdatum,"Profielvoorstel, revisie 2026-09-07",Geen extern effectbewijs; zie bronclaims van bron_ids,Afleiding beoordeeld tegen bron-scope en expliciete tegenargumenten; geen directe bron-entailment geclaimd.,Eigen ontwerpkeuze/hypothese of lokale observatie; empirische validatie ontbreekt.,Geen feitelijke actuele normstatus geclaimd door deze ontwerpafleiding,MINOR,2026-09-07,Bron-/ontwerpcontrole; geen prototype-evaluatie
R23,"Maak uitspraaksoort, registratiehandeling, productiemethode, onzekerheidsmodel, gezagsgrond en bewijsstatus afzonderlijk machineleesbaar per bewering.",S25;S33;S04;L11;L16,https://zoek.officielebekendmakingen.nl/kst-26387-18.html | https://www.w3.org/TR/prov-o/ | https://www.iso.org/standard/62393.html | https://doi.org/10.1038/sdata.2016.18 | https://proceedings.neurips.cc/paper_files/paper/2020/hash/6b493230205f780e1bc26945df7481e5-Abstract.html,paper.tex: epistemische status; sections/architecture.tex: formeel metamodel,"Profielvoorstel, revisie 2026-09-07",Geen extern effectbewijs; zie bronclaims van bron_ids,Afleiding beoordeeld tegen bron-scope en expliciete tegenargumenten; geen directe bron-entailment geclaimd.,Eigen ontwerpkeuze/hypothese of lokale observatie; empirische validatie ontbreekt.,Geen feitelijke actuele normstatus geclaimd door deze ontwerpafleiding,MAJOR,2026-09-07,Bron-/ontwerpcontrole; geen prototype-evaluatie
DP1,"DP1: Een Semantic Master Data Product MOET termen, begrippen, definities, ontologische klassen, modelelementen, data-elementen, entiteiten, records en producten als onderscheiden rollen typeren en hun verbindingen expliciet maken. Afzonderlijke fysieke resources zijn niet in alle gevallen vereist.",S03;S08;S11;S13;S30;S31,https://www.iso.org/standard/78501.html | https://www.iso.org/standard/78925.html | https://www.iso.org/standard/79077.html | https://docs.geostandaarden.nl/mim/def-st-mim-20240613/ | https://www.w3.org/TR/owl2-overview/ | https://www.w3.org/TR/skos-reference/,sections/principles.tex,"Profielvoorstel, revisie 2026-09-07",Geen extern effectbewijs; zie bronclaims van bron_ids,Afleiding beoordeeld tegen bron-scope en expliciete tegenargumenten; geen directe bron-entailment geclaimd.,Eigen ontwerpkeuze/hypothese of lokale observatie; empirische validatie ontbreekt.,Geen feitelijke actuele normstatus geclaimd door deze ontwerpafleiding,MAJOR,2026-09-07,Bron-/ontwerpcontrole; geen prototype-evaluatie
DP2,"DP2: Een Semantic Master Data Product MOET gezagsclaims en provenance verbinden met de uitspraak en haar context, en MOET technische afzenderidentiteit, wettelijke authenticiteit en feitelijke juistheid onderscheiden.",S04;S14;S21;S25;S33;S42;S43,https://www.iso.org/standard/62393.html | https://docs.geostandaarden.nl/nl-sbb/def-st-nl-sbb-20241010/ | https://gitdocumentatie.logius.nl/publicatie/fsc/core/2.0.0/ | https://zoek.officielebekendmakingen.nl/kst-26387-18.html | https://www.w3.org/TR/prov-o/ | https://eur-lex.europa.eu/eli/reg/2024/903 | https://eur-lex.europa.eu/legal-content/EN/TXT/?uri=celex%3A52017DC0134,sections/principles.tex,"Profielvoorstel, revisie 2026-09-07",Geen extern effectbewijs; zie bronclaims van bron_ids,Afleiding beoordeeld tegen bron-scope en expliciete tegenargumenten; geen directe bron-entailment geclaimd.,Eigen ontwerpkeuze/hypothese of lokale observatie; empirische validatie ontbreekt.,Geen feitelijke actuele normstatus geclaimd door deze ontwerpafleiding,MAJOR,2026-09-07,Bron-/ontwerpcontrole; geen prototype-evaluatie
DP3,DP3: Een Semantic Master Data Product MOET identifier-scope en referentsoort vastleggen en MOET versieerbare beschrijvingen onderscheiden van de geïdentificeerde entiteit.,L08;S14;S18;S23;S28;S38;S39;S47,https://research.utwente.nl/en/publications/ontological-foundations-for-structural-conceptual-models/ | https://docs.geostandaarden.nl/nl-sbb/def-st-nl-sbb-20241010/ | https://gitdocumentatie.logius.nl/publicatie/api/adr/2.2.0/ | https://gitdocumentatie.logius.nl/publicatie/bomos/fundament/3.0.2/ | https://www.w3.org/TR/rdf11-concepts/ | https://www.rfc-editor.org/info/rfc3986/ | https://www.rfc-editor.org/info/rfc3987/ | https://www.w3.org/TR/cooluris/ | https://www.w3.org/TR/2024/REC-vocab-dcat-3-20240822/,sections/principles.tex,"Profielvoorstel, revisie 2026-09-07",Geen extern effectbewijs; zie bronclaims van bron_ids,Afleiding beoordeeld tegen bron-scope en expliciete tegenargumenten; geen directe bron-entailment geclaimd.,Eigen ontwerpkeuze/hypothese of lokale observatie; empirische validatie ontbreekt.,Geen feitelijke actuele normstatus geclaimd door deze ontwerpafleiding,MAJOR,2026-09-07,Bron-/ontwerpcontrole; geen prototype-evaluatie
DP4,DP4: Een Semantic Master Data Product MOET geldigheid en registratiekennis afzonderlijk modelleren en ZOU bewaarde bewijsobjecten aan het toepasselijke bewaarmetadata-profiel verbinden.,L14;S04;S15;S22;S24;S33;S37,https://www2.cs.arizona.edu/~rts/pubs/SIGMODRecordMarch94p52.pdf | https://www.iso.org/standard/62393.html | https://standaarden.overheid.nl/tooi/downloads | https://gitdocumentatie.logius.nl/publicatie/notificatieservices/cloudevents-nl/1.1/ | https://www.nationaalarchief.nl/archiveren/mdto | https://www.w3.org/TR/prov-o/ | https://www.w3.org/TR/2017/REC-owl-time-20171019/,sections/principles.tex,"Profielvoorstel, revisie 2026-09-07",Geen extern effectbewijs; zie bronclaims van bron_ids,Afleiding beoordeeld tegen bron-scope en expliciete tegenargumenten; geen directe bron-entailment geclaimd.,Eigen ontwerpkeuze/hypothese of lokale observatie; empirische validatie ontbreekt.,Geen feitelijke actuele normstatus geclaimd door deze ontwerpafleiding,MAJOR,2026-09-07,Bron-/ontwerpcontrole; geen prototype-evaluatie
DP5,"DP5: Een Semantic Master Data Product MOET logische gevolgtrekking, toetsing van beschikbare gegevens en beoordeling van feitelijke kwaliteit als afzonderlijke processen en uitkomsten publiceren.",L15;S03;S05;S06;S12;S29;S30;S32;S34;S48,https://www.jmis-web.org/articles/1002 | https://www.iso.org/standard/78501.html | https://www.iso.org/standard/62394.html | https://www.iso.org/standard/62395.html | https://www.iso.org/standard/35736.html | https://www.w3.org/TR/rdf-schema/ | https://www.w3.org/TR/owl2-overview/ | https://www.w3.org/TR/shacl/ | https://www.w3.org/TR/vocab-dqv/ | https://www.noraonline.nl/wiki/Raamwerk_gegevenskwaliteit_NORA,sections/principles.tex,"Profielvoorstel, revisie 2026-09-07",Geen extern effectbewijs; zie bronclaims van bron_ids,Afleiding beoordeeld tegen bron-scope en expliciete tegenargumenten; geen directe bron-entailment geclaimd.,Eigen ontwerpkeuze/hypothese of lokale observatie; empirische validatie ontbreekt.,Geen feitelijke actuele normstatus geclaimd door deze ontwerpafleiding,MAJOR,2026-09-07,Bron-/ontwerpcontrole; geen prototype-evaluatie
DP6,"DP6: Een Semantic Master Data Product MOET een versiegebonden contract publiceren dat doel, eigenaar, datasets, diensten, kwaliteit, gebruikscondities en semantische afhankelijkheden machinevindbaar verbindt.",L12;L13;L16;S16;S18;S19;S20;S27;S33;S35;S46;S47,https://doi.org/10.1007/s12599-024-00876-5 | https://doi.org/10.1145/3447772 | https://proceedings.neurips.cc/paper_files/paper/2020/hash/6b493230205f780e1bc26945df7481e5-Abstract.html | https://docs.geostandaarden.nl/dcat/def-st-dcat-ap-nl30-20250526/ | https://gitdocumentatie.logius.nl/publicatie/api/adr/2.2.0/ | https://spec.openapis.org/oas/v3.1.1.html | https://gitdocumentatie.logius.nl/publicatie/dk/restapi/ | https://federatief.datastelsel.nl/afspraken/afwegingskader/v1/ | https://www.w3.org/TR/prov-o/ | https://www.w3.org/TR/json-ld11/ | https://www.nature.com/articles/sdata201618 | https://www.w3.org/TR/2024/REC-vocab-dcat-3-20240822/,sections/principles.tex,"Profielvoorstel, revisie 2026-09-07",Geen extern effectbewijs; zie bronclaims van bron_ids,Afleiding beoordeeld tegen bron-scope en expliciete tegenargumenten; geen directe bron-entailment geclaimd.,Eigen ontwerpkeuze/hypothese of lokale observatie; empirische validatie ontbreekt.,Geen feitelijke actuele normstatus geclaimd door deze ontwerpafleiding,MAJOR,2026-09-07,Bron-/ontwerpcontrole; geen prototype-evaluatie
DP7,"DP7: Een Semantic Master Data Product MOET semantische en technische wijzigingen, statusovergangen en terugmeldingen verbinden met verantwoordelijke besluiten en herstelbare versiecontext.",L07;L14;L17;S10;S14;S15;S18;S22;S23;S24;S25;S26;S27;S47,https://doi.org/10.1016/j.ijinfomgt.2019.07.008 | https://www2.cs.arizona.edu/~rts/pubs/SIGMODRecordMarch94p52.pdf | https://doi.org/10.1108/02635571311303550 | https://www.iso.org/standard/78916.html | https://docs.geostandaarden.nl/nl-sbb/def-st-nl-sbb-20241010/ | https://standaarden.overheid.nl/tooi/downloads | https://gitdocumentatie.logius.nl/publicatie/api/adr/2.2.0/ | https://gitdocumentatie.logius.nl/publicatie/notificatieservices/cloudevents-nl/1.1/ | https://gitdocumentatie.logius.nl/publicatie/bomos/fundament/3.0.2/ | https://www.nationaalarchief.nl/archiveren/mdto | https://zoek.officielebekendmakingen.nl/kst-26387-18.html | https://www.digitaleoverheid.nl/wp-content/uploads/sites/8/2021/07/Baseline-kwaliteitszorg-stelsel-van-basisregistraties2.pdf | https://federatief.datastelsel.nl/afspraken/afwegingskader/v1/ | https://www.w3.org/TR/2024/REC-vocab-dcat-3-20240822/,sections/principles.tex,"Profielvoorstel, revisie 2026-09-07",Geen extern effectbewijs; zie bronclaims van bron_ids,Afleiding beoordeeld tegen bron-scope en expliciete tegenargumenten; geen directe bron-entailment geclaimd.,Eigen ontwerpkeuze/hypothese of lokale observatie; empirische validatie ontbreekt.,Geen feitelijke actuele normstatus geclaimd door deze ontwerpafleiding,MAJOR,2026-09-07,Bron-/ontwerpcontrole; geen prototype-evaluatie
DP8,"DP8: Een Semantic Master Data Product ZOU ontologische analyse toepassen wanneer identiteit, rollen, fasen of afhankelijkheden tot relevante interpretatieverschillen leiden, en MOET de gemaakte keuze en extra inspanning verantwoorden.",L08;L09;L10;S08;S13;S30;S31;S40;S41,https://research.utwente.nl/en/publications/ontological-foundations-for-structural-conceptual-models/ | https://doi.org/10.3233/AO-150157 | https://doi.org/10.1145/503124.503150 | https://www.iso.org/standard/78925.html | https://docs.geostandaarden.nl/mim/def-st-mim-20240613/ | https://www.w3.org/TR/owl2-overview/ | https://www.w3.org/TR/skos-reference/ | https://ontouml.org/ufo/ | https://ontouml.org/ufo/,sections/principles.tex,"Profielvoorstel, revisie 2026-09-07",Geen extern effectbewijs; zie bronclaims van bron_ids,Afleiding beoordeeld tegen bron-scope en expliciete tegenargumenten; geen directe bron-entailment geclaimd.,Eigen ontwerpkeuze/hypothese of lokale observatie; empirische validatie ontbreekt.,Geen feitelijke actuele normstatus geclaimd door deze ontwerpafleiding,MAJOR,2026-09-07,Bron-/ontwerpcontrole; geen prototype-evaluatie
DP9,"DP9: Een Semantic Master Data Product MOET uitspraaksoort, registratiehandeling, productiemethode, onzekerheidsbeschrijving, gezagsgrond en bewijsstatus afzonderlijk machineleesbaar maken en MOET onbekend of betwist bewijs zichtbaar houden.",L11;L13;L16;S04;S21;S25;S33;S46,https://doi.org/10.1038/sdata.2016.18 | https://doi.org/10.1145/3447772 | https://proceedings.neurips.cc/paper_files/paper/2020/hash/6b493230205f780e1bc26945df7481e5-Abstract.html | https://www.iso.org/standard/62393.html | https://gitdocumentatie.logius.nl/publicatie/fsc/core/2.0.0/ | https://zoek.officielebekendmakingen.nl/kst-26387-18.html | https://www.w3.org/TR/prov-o/ | https://www.nature.com/articles/sdata201618,sections/principles.tex,"Profielvoorstel, revisie 2026-09-07",Geen extern effectbewijs; zie bronclaims van bron_ids,Afleiding beoordeeld tegen bron-scope en expliciete tegenargumenten; geen directe bron-entailment geclaimd.,Eigen ontwerpkeuze/hypothese of lokale observatie; empirische validatie ontbreekt.,Geen feitelijke actuele normstatus geclaimd door deze ontwerpafleiding,MAJOR,2026-09-07,Bron-/ontwerpcontrole; geen prototype-evaluatie
P01,De vijftienlaagse reference architecture en het getypeerde metamodel zijn een voorgestelde integratie; logische lagen impliceren geen verplichte fysieke services.,S13;S08;S31;S33;S47;L12,https://docs.geostandaarden.nl/mim/def-st-mim-20240613/ | https://www.iso.org/standard/78925.html | https://www.w3.org/TR/skos-reference/ | https://www.w3.org/TR/prov-o/ | https://www.w3.org/TR/2024/REC-vocab-dcat-3-20240822/ | https://doi.org/10.1007/s12599-024-00876-5,paper.tex en sections/,"Profielvoorstel, revisie 2026-09-07",Geen extern effectbewijs; zie bronclaims van bron_ids,Afleiding beoordeeld tegen bron-scope en expliciete tegenargumenten; geen directe bron-entailment geclaimd.,Eigen ontwerpkeuze/hypothese of lokale observatie; empirische validatie ontbreekt.,Geen feitelijke actuele normstatus geclaimd door deze ontwerpafleiding,MINOR,2026-09-07,Bron-/ontwerpcontrole; geen prototype-evaluatie
P02,"De verwachte meerwaarde van expliciete semantiek voor menselijke en AI-interpretatie is een te toetsen hypothese, geen empirisch resultaat van deze paper.",L11;L13;L16,https://doi.org/10.1038/sdata.2016.18 | https://doi.org/10.1145/3447772 | https://proceedings.neurips.cc/paper_files/paper/2020/hash/6b493230205f780e1bc26945df7481e5-Abstract.html,paper.tex en sections/,"Profielvoorstel, revisie 2026-09-07",Geen extern effectbewijs; zie bronclaims van bron_ids,Afleiding beoordeeld tegen bron-scope en expliciete tegenargumenten; geen directe bron-entailment geclaimd.,Eigen ontwerpkeuze/hypothese of lokale observatie; empirische validatie ontbreekt.,Geen feitelijke actuele normstatus geclaimd door deze ontwerpafleiding,MINOR,2026-09-07,Bron-/ontwerpcontrole; geen prototype-evaluatie
P03,De voorgestelde evaluatie vergelijkt dezelfde broninhoud met en zonder expliciete semantische koppelingen en gebruikt ablaties om mechanismen te onderscheiden.,L02;L03,https://doi.org/10.2753/MIS0742-1222240302 | https://doi.org/10.1057/ejis.2014.36,paper.tex en sections/,"Profielvoorstel, revisie 2026-09-07",Geen extern effectbewijs; zie bronclaims van bron_ids,Afleiding beoordeeld tegen bron-scope en expliciete tegenargumenten; geen directe bron-entailment geclaimd.,Eigen ontwerpkeuze/hypothese of lokale observatie; empirische validatie ontbreekt.,Geen feitelijke actuele normstatus geclaimd door deze ontwerpafleiding,MINOR,2026-09-07,Bron-/ontwerpcontrole; geen prototype-evaluatie
P04,"Het lokale dossier ondersteunt een BAG-fragment, maar geen gevalideerde keten met BRP, BRK en WOZ; deze grens beperkt generaliseerbaarheid.",S49,https://www.geobasisregistraties.nl/documenten/2018/03/12/catalogus-2018,paper.tex en sections/,"Profielvoorstel, revisie 2026-09-07",Geen extern effectbewijs; zie bronclaims van bron_ids,Afleiding beoordeeld tegen bron-scope en expliciete tegenargumenten; geen directe bron-entailment geclaimd.,Eigen ontwerpkeuze/hypothese of lokale observatie; empirische validatie ontbreekt.,Geen feitelijke actuele normstatus geclaimd door deze ontwerpafleiding,MINOR,2026-09-07,Bron-/ontwerpcontrole; geen prototype-evaluatie
P05,"De voorgestelde term semantic false agreement duidt hier op onterecht veronderstelde betekenisequivalentie; dit is een werkdefinitie, geen in het corpus geverifieerde afzonderlijke theorie.",S11;S31;L10,https://www.iso.org/standard/79077.html | https://www.w3.org/TR/skos-reference/ | https://doi.org/10.1145/503124.503150,paper.tex en sections/,"Profielvoorstel, revisie 2026-09-07",Geen extern effectbewijs; zie bronclaims van bron_ids,Afleiding beoordeeld tegen bron-scope en expliciete tegenargumenten; geen directe bron-entailment geclaimd.,Eigen ontwerpkeuze/hypothese of lokale observatie; empirische validatie ontbreekt.,Geen feitelijke actuele normstatus geclaimd door deze ontwerpafleiding,MINOR,2026-09-07,Bron-/ontwerpcontrole; geen prototype-evaluatie
P06,"Een machineleesbare, getypeerde bewijs- en afhankelijkhedengraaf vormt de voorgestelde verbindende ontwerpbijdrage; nieuwheid buiten het corpus is niet vastgesteld.",L04;S08;S33;S47,https://ailab-ua.github.io/courses/MIS611D/gregor-2013-positioning-presenting-design-science-research.pdf | https://www.iso.org/standard/78925.html | https://www.w3.org/TR/prov-o/ | https://www.w3.org/TR/2024/REC-vocab-dcat-3-20240822/,paper.tex en sections/,"Profielvoorstel, revisie 2026-09-07",Geen extern effectbewijs; zie bronclaims van bron_ids,Afleiding beoordeeld tegen bron-scope en expliciete tegenargumenten; geen directe bron-entailment geclaimd.,Eigen ontwerpkeuze/hypothese of lokale observatie; empirische validatie ontbreekt.,Geen feitelijke actuele normstatus geclaimd door deze ontwerpafleiding,MINOR,2026-09-07,Bron-/ontwerpcontrole; geen prototype-evaluatie
C-L18,"Wang et al. (2009) beschrijven reeds Semantic Master Data Management met virtuele RDF-toegang, ontologieën en mappings.",L18,https://www.vldb.org/pvldb/vol2/vldb09-1011.pdf,Abstract; §1 Introduction; §2 A Tour of the SMDM System; §3 Demonstration,2009,Relevante primaire passages; geen integrale conformiteitsaudit,"Primaire VLDB-PDF, abstract en architectuursecties gecontroleerd.",Direct antecedent dwingt afzwakking brede noveltyclaim.,Geselecteerde bronversie gecontroleerd; geen uitputtende zoektocht naar alle opvolgversies,CRITICAL,2026-09-07,Bron-/ontwerpcontrole; geen prototype-evaluatie
C-L19,Gualo et al. (2023) bieden een bestaand model met eigenschappen en metingen voor masterdatakwaliteit.,L19,https://doi.org/10.15388/23-INFOR534,"https://journals.sagepub.com/doi/10.15388/23-INFOR534 ; introduction, proposed model, measurement example",2023,Relevante primaire passages; geen integrale conformiteitsaudit,"Primaire uitgeverstekst, model en meetvoorbeeld bekeken.",Kwaliteitsoperationalisering is bestaand werk; geen SMDP-validatie.,Geselecteerde bronversie gecontroleerd; geen uitputtende zoektocht naar alle opvolgversies,MAJOR,2026-09-07,Bron-/ontwerpcontrole; geen prototype-evaluatie
C-S51,DPROD Beta 1 beschrijft dataproductmetadata; het productcontract is daarom geen onontgonnen standaardisatiegebied.,S51,https://www.omg.org/spec/DPROD/1.0/Beta1/PDF,Cover; §1 Scope; §8.1 DataProduct; §8.2 DataService; https://www.omg.org/spec/DPROD/1.0/Beta1/About-DPROD,"1.0 Beta 1; document februari 2025, catalogus adoption januari 2025",Relevante primaire passages; geen integrale conformiteitsaudit,"OMG Beta1-cover, product/dataservice-secties en catalogus gecontroleerd.",Relevante overlap; beta-status en geen casus-effectbewijs.,Geselecteerde bronversie gecontroleerd; geen uitputtende zoektocht naar alle opvolgversies,MAJOR,2026-09-07,Bron-/ontwerpcontrole; geen prototype-evaluatie
TP1,Bij voldoende bronkwaliteit kan expliciete contextbinding interpretatiefouten verminderen ten opzichte van dezelfde informatie in een conventioneel contextregister.,L13;L18;S08;S33,https://doi.org/10.1145/3447772 | https://www.vldb.org/pvldb/vol2/vldb09-1011.pdf | https://www.iso.org/standard/78925.html | https://www.w3.org/TR/prov-o/,sections/pre-evaluation.tex,"Profielvoorstel, revisie 2026-09-07",Geen extern effectbewijs; zie bronclaims van bron_ids,Afleiding beoordeeld tegen bron-scope en expliciete tegenargumenten; geen directe bron-entailment geclaimd.,Eigen ontwerpkeuze/hypothese of lokale observatie; empirische validatie ontbreekt.,Geen feitelijke actuele normstatus geclaimd door deze ontwerpafleiding,MAJOR,2026-09-07,Bron-/ontwerpcontrole; geen prototype-evaluatie
TP2,"Expliciete, betrouwbare epistemische annotatie kan onterechte gezagsopwaardering verminderen; misleidende annotatie kan dit voordeel omkeren.",S33;S25;L16,https://www.w3.org/TR/prov-o/ | https://zoek.officielebekendmakingen.nl/kst-26387-18.html | https://proceedings.neurips.cc/paper_files/paper/2020/hash/6b493230205f780e1bc26945df7481e5-Abstract.html,sections/pre-evaluation.tex,"Profielvoorstel, revisie 2026-09-07",Geen extern effectbewijs; zie bronclaims van bron_ids,Afleiding beoordeeld tegen bron-scope en expliciete tegenargumenten; geen directe bron-entailment geclaimd.,Eigen ontwerpkeuze/hypothese of lokale observatie; empirische validatie ontbreekt.,Geen feitelijke actuele normstatus geclaimd door deze ontwerpafleiding,MAJOR,2026-09-07,Bron-/ontwerpcontrole; geen prototype-evaluatie
TP3,"Ontologische verdieping levert alleen extra netto nut wanneer identiteit-, rol- of categorieproblemen relevant zijn en detectiewinst de extra inspanning rechtvaardigt.",L08;L09;L10,https://research.utwente.nl/en/publications/ontological-foundations-for-structural-conceptual-models/ | https://doi.org/10.3233/AO-150157 | https://doi.org/10.1145/503124.503150,sections/pre-evaluation.tex,"Profielvoorstel, revisie 2026-09-07",Geen extern effectbewijs; zie bronclaims van bron_ids,Afleiding beoordeeld tegen bron-scope en expliciete tegenargumenten; geen directe bron-entailment geclaimd.,Eigen ontwerpkeuze/hypothese of lokale observatie; empirische validatie ontbreekt.,Geen feitelijke actuele normstatus geclaimd door deze ontwerpafleiding,MAJOR,2026-09-07,Bron-/ontwerpcontrole; geen prototype-evaluatie
TP4,"Versiegebonden afhankelijkheden kunnen historische reconstructie en wijzigingsimpact verbeteren, maar kunnen bij verouderde mappings of resolutiestoringen meer fouten of kosten veroorzaken.",L14;S33;S47;S22,https://www2.cs.arizona.edu/~rts/pubs/SIGMODRecordMarch94p52.pdf | https://www.w3.org/TR/prov-o/ | https://www.w3.org/TR/2024/REC-vocab-dcat-3-20240822/ | https://gitdocumentatie.logius.nl/publicatie/notificatieservices/cloudevents-nl/1.1/,sections/pre-evaluation.tex,"Profielvoorstel, revisie 2026-09-07",Geen extern effectbewijs; zie bronclaims van bron_ids,Afleiding beoordeeld tegen bron-scope en expliciete tegenargumenten; geen directe bron-entailment geclaimd.,Eigen ontwerpkeuze/hypothese of lokale observatie; empirische validatie ontbreekt.,Geen feitelijke actuele normstatus geclaimd door deze ontwerpafleiding,MAJOR,2026-09-07,Bron-/ontwerpcontrole; geen prototype-evaluatie
