id,standaard,organisatie_eigenaar,type_document,status,versie,toepassingsgebied,abstractieniveau,belangrijkste_concepten,relatie_master_data,relatie_semantiek,relatie_ontologie,relatie_governance,relatie_ai,overlap_andere_standaarden,geconstateerde_hiaten,primaire_bron,bronlocatie,bewijsniveau,nederlandse_lijststatus,bron_lijststatus,geraadpleegd_op,claim_id
S01,DAMA-DMBOK,DAMA International,Body of knowledge / best practices,Gepubliceerde maintenance revision,"DMBOK2 Revised Edition, 2024",Datamanagement als discipline,Organisatie en processen,Governance; metadata; master/reference data; kwaliteit,Positioneert MDM,Betekenisbeheer als onderzoekscontext,Geen voorgeschreven foundational ontology,Rollen en disciplines te operationaliseren,Indirect: beheer van inputdata; geen prestatiebewijs,ISO 8000; ISO 11179; BOMOS,Geen conformiteitseisen afgeleid zonder boektekst,https://dama.org/dama-dmbok-revision/,Revision overview,Officiële editie-informatie; boek niet geraadpleegd,Niet vastgesteld in deze inventarisatie,,2026-09-07,C-S01
S02,ISO 8000-100,ISO/TC 184/SC 4,Internationale norm,Gepubliceerde internationale norm; ISO-catalogus vermeldt bevestiging in 2026,2016,Overzicht uitwisseling characteristic master data,Uitwisseling,Master data; characteristic data,Direct,Context voor semantic encoding,Geen ontologiekeuze vastgesteld,Kwaliteitsstrategie,Indirect: interpreteerbare invoer,8000-110/120/130/140,Geen generiek overheids-MDM-ontwerp,https://www.iso.org/standard/62392.html,Abstract,ISO-catalogus en openbaar abstract; volledige norm niet geraadpleegd,Niet vastgesteld in deze inventarisatie,,2026-09-07,C-S02
S03,ISO 8000-110,ISO/TC 184/SC 4,Internationale norm,Published,2021,Berichten met characteristic master data tussen systemen/organisaties,Bericht en semantische codering,Formele syntax; semantic encoding; data specification; dictionary,Directe uitwisselingseisen,Decodeerbare verwijzingen naar betekenis,Schrijft geen RDF of OWL voor,Geen intern MDM-beheer,Indirect: betekenis ontsluiten,11179; RDF; SHACL,Provenance en accuracy buiten eigen scope; geen totale kwaliteitsgarantie,https://www.iso.org/standard/78501.html,Abstract: scope en exclusions,ISO-catalogus en openbaar abstract; volledige norm niet geraadpleegd,Niet vastgesteld in deze inventarisatie,,2026-09-07,C-S03
S04,ISO 8000-120,ISO/TC 184/SC 4,Internationale norm,Published,2016,Provenance van characteristic master data,Gegeven en uitwisseling,Provenance-informatie,Direct,Herkomst van waarden,Mapping naar PROV-O te ontwerpen,Geen change control,Indirect: bronketen,PROV-O; MDTO,Geen uitwisselformaat of identifier-resolutie,https://www.iso.org/standard/62393.html,Abstract,ISO-catalogus en openbaar abstract; volledige norm niet geraadpleegd,Niet vastgesteld in deze inventarisatie,,2026-09-07,C-S04
S05,ISO 8000-130,ISO/TC 184/SC 4,Internationale norm,Published,2016,Uitwisseling van accuracy-informatie,Kwaliteitsmetadata,Accuracy assertion,Direct,Betekenis kwaliteitsuitspraak,DQV-mapping te onderzoeken,Normhouder bepaalt gebruikseis,Indirect: onzekerheidsinformatie,8000-120; 25012; DQV,Bepaalt geen algemene accuracy-drempel,https://www.iso.org/standard/62394.html,Abstract,ISO-catalogus en openbaar abstract; volledige norm niet geraadpleegd,Niet vastgesteld in deze inventarisatie,,2026-09-07,C-S05
S06,ISO 8000-140,ISO/TC 184/SC 4,Internationale norm,Published,2016,Uitwisseling van completeness-informatie,Kwaliteitsmetadata,Completeness assertion,Direct,Betekenis volledigheidsuitspraak,DQV-mapping te onderzoeken,Context bepaalt volledigheidsnorm,Indirect: ontbrekende gegevens,8000-120; 25012; DQV,Bepaalt geen algemene completeness-drempel,https://www.iso.org/standard/62395.html,Abstract,ISO-catalogus en openbaar abstract; volledige norm niet geraadpleegd,Niet vastgesteld in deze inventarisatie,,2026-09-07,C-S06
S07,ISO/IEC 11179-3,ISO/IEC JTC 1/SC 32,Internationale norm / metamodel,Published,2023,Gemeenschappelijke voorzieningen metadataregister,Meta,Registry item; designation; definition; registration,Beheer definities van masterdata,Registratie van betekenis,Geen domeinontologie,Registratie en beheer,Indirect: vindbare semantische metadata,NL-SBB; MIM; 11179-6/31/33,Data-elementuitwerking niet uitsluitend in dit deel zoeken,https://www.iso.org/standard/78915.html,Abstract,ISO-catalogus en openbaar abstract; volledige norm niet geraadpleegd,Niet vastgesteld in deze inventarisatie,,2026-09-07,C-S07
S08,ISO/IEC 11179-31,ISO/IEC JTC 1/SC 32,Internationale norm / metamodel,Published,2023,Registratie dataspecificaties,Meta en data-element,Data element concept; object class; property; conceptual/value domain,Koppeling van kenmerken aan waarden,Scheidt concept en representatie,Object class niet zonder mapping OWL-klasse,Metadataregistratie,Indirect: betekenis van velden,MIM-attribuutsoort; SHACL; OpenAPI,Crosswalk naar MIM en begrippenkaders nodig,https://www.iso.org/standard/78925.html,Abstract a-d,ISO-catalogus en openbaar abstract; volledige norm niet geraadpleegd,Niet vastgesteld in deze inventarisatie,,2026-09-07,C-S08
S09,ISO/IEC 11179-33,ISO/IEC JTC 1/SC 32,Internationale norm / metamodel,Published,2023,Registratie datasets,Meta en collectie,Data set registration,Collectiemetadata,Verbindt registratiemetadata,Geen domeinontologie,Registerbeheer,Indirect: datasetselectie,DCAT; DCAT-AP-NL,Gelijkstelling datasetregistratie en productbeheer niet aangetoond,https://www.iso.org/standard/81725.html,Abstract,ISO-catalogus en openbaar abstract; volledige norm niet geraadpleegd,Niet vastgesteld in deze inventarisatie,,2026-09-07,C-S09
S10,ISO/IEC 11179-6,ISO/IEC JTC 1/SC 32,Internationale norm,Published,2023,Registratie metadata,Governance van metadata,Registration,Beheer definities,Controle op geregistreerde betekenis,Geen domeinontologie,Registratieproces,Indirect: status metadata,BOMOS; 11179-3,Detailmapping lifecycle vereist volledige norm,https://www.iso.org/standard/78916.html,Abstract,ISO-catalogus en openbaar abstract; volledige norm niet geraadpleegd,Niet vastgesteld in deze inventarisatie,,2026-09-07,C-S10
S11,ISO 704,ISO/TC 37/SC 1,Internationale norm / terminologische methode,Published,2022,Terminologiewerk incl. juridische en bestuurlijke domeinen,Terminologie,Object; concept; definitie; designation,Definities van masterdata,Maakt basisondercheid expliciet,Geen computationale domeinontologie,Beheer terminologie,Indirect: terminologische disambiguatie,NL-SBB; SKOS; 11179,Natuurlijke-taaldefinitie is geen uitvoerbaar axioma,https://www.iso.org/standard/79077.html,Abstract,ISO-catalogus en openbaar abstract; volledige norm niet geraadpleegd,Niet vastgesteld in deze inventarisatie,,2026-09-07,C-S11
S12,ISO/IEC 25012,ISO/IEC JTC 1/SC 7,Internationale norm / kwaliteitsmodel,Published; confirmed 2025,2008,Kwaliteit gestructureerde data,Gegevenskwaliteit,15 kenmerken; inherent/system dependent,Kwaliteitseisen voor data,Interpretatie kwaliteit,Geen validatieontologie,Stakeholderprioritering,Indirect: inputkwaliteit,DQV; NORA-kwaliteit; 8000,Geen casusspecifieke meetdrempels,https://www.iso.org/standard/35736.html,Abstract; review status,ISO-catalogus en openbaar abstract; volledige norm niet geraadpleegd,Niet vastgesteld in deze inventarisatie,,2026-09-07,C-S12
S13,MIM,Geonovum; ontwikkeld met Kadaster en VNG,Standaard / metamodel,Vastgesteld 2024-06-13,1.2,Conceptuele en logische informatiemodellen,Meta; beschouwingsniveaus,Objecttype; attribuutsoort; relatie; datatype,Modelspecificatie,Modelbetekenis en begripsverwijzing,Geen foundational ontology,Modelbeheer te organiseren,Indirect: schemasemantiek,NL-SBB; 11179; OntoUML,Mappings tussen modelleertalen vragen controle op betekenisverlies; §1.6.1 hanteert begrip als combinatie van term en definitie; expliciet woordgebruikverschil met dit onderzoek,https://docs.geostandaarden.nl/mim/def-st-mim-20240613/,1.6; metamodelbeschrijvingen,primaire specificatie: relevante onderdelen,Aanbevolen,https://www.forumstandaardisatie.nl/open-standaarden/mim,2026-09-07,C-S13
S14,NL-SBB,Geonovum,Standaard voor begripsbeschrijving,Vastgesteld 2024-10-10,1.0,Begrippenlijsten; taxonomieën; thesauri,Begrip en terminologie,Begrip; term; definitie; grondslag,Betekenis van masterdata,Begrippenkaders,Geen automatische OWL-classificatie,Bronverwijzing; beheerafspraken,Indirect: betekenis en context,SKOS; ISO 704; MIM,Geen louter SKOS-profiel; lifecycle vraagt aanvullende afspraken,https://docs.geostandaarden.nl/nl-sbb/def-st-nl-sbb-20241010/,2; 4; 5.4-5.5; 7,primaire specificatie: relevante onderdelen,Pas toe of leg uit; per 2026-01-01 binnen toepassingsgebied,https://www.forumstandaardisatie.nl/open-standaarden/nl-sbb,2026-09-07,C-S14
S15,TOOI,KOOP,Kennismodel: ontologieën / thesauri / registers,Gepubliceerde modules; lijstprocedure loopt,Ontologie 1.6.2 (2025-07-04); lijstdocumentatie 1.3.4,Overheidsinformatie en overheidsorganisaties,Domeinsemantiek en referentiedata,Organisatie; informatie; TOOI-URI,Herbruikbare organisatie-identificatie,Overheidsspecifieke semantiek,Domeinontologie,Modulebeheer bij KOOP,Indirect: bronorganisatie herkennen,MDTO; SKOS; SEMIC CPOV,Versies van ontologie/documentatie/registers verschillen; niet stelselbrede MDM-ontologie,https://standaarden.overheid.nl/tooi/downloads,TOOI-ontologie; downloads,Officiële module- en versie-informatie,In behandeling; voorgestelde focus op register-URI’s,https://www.forumstandaardisatie.nl/open-standaarden/tooi,2026-09-07,C-S15
S16,DCAT-AP-NL,Geonovum,Standaard / applicatieprofiel,Vastgesteld 2025-05-26,3.0,Uitwisseling catalogusmetadata Nederland,Dataset; dienst; distributie,Dataset; DataService; Distribution; catalogus,Ontdekbaarheid masterdatasets,Metadata met vocabularia,RDF-vocabulaireprofiel,Uitgever en gebruiksmetadata,Indirect: discovery,DCAT-AP; DCAT; 11179-33,Geen volledige productverantwoordelijkheid of semantische keten,https://docs.geostandaarden.nl/dcat/def-st-dcat-ap-nl30-20250526/,3-4; klassen en eigenschappen,primaire specificatie: relevante onderdelen,In behandeling,https://www.forumstandaardisatie.nl/open-standaarden/dcat-ap-nl,2026-09-07,C-S16
S17,NEN 3610,NEN; commissie 351240,Nederlandse norm / basismodel,Definitief,2022,Locatiegebonden informatie,Conceptueel en logisch,Geo-informatie; ruimtelijk object; relaties,Relevant voor geo-masterdata,Geo-domeinbetekenis,Geen generieke foundational ontology,Sectorale modelafspraken,Indirect: geo-interpretatie,MIM; BAG-modellen,Buiten geo-domein geen algemene dekking; volledige norm nog nodig,https://www.nen.nl/nen-3610-2022-nl-296137,Omschrijving; specificaties,NEN-catalogus; volledige norm niet geraadpleegd,Onderdeel Geo-Standaarden op PTOLU; toepassingsgebied controleren,https://www.forumstandaardisatie.nl/open-standaarden/geo-standaarden,2026-09-07,C-S17
S18,NLGov REST API Design Rules,Logius,Standaard / API-specificatie,Definitieve publicatie,2.2.0; Forum vermeldt 2.2,Overheids-REST-API-ontwerp,Interface,Resources; HTTP; version; OpenAPI,Distributie,Interfaceconventies,Geen domeinontologie,API-beheerafspraken,Indirect: gereedschapstoegang,OpenAPI; Digikoppeling REST,API-uniformiteit bewijst geen betekenisgelijkheid,https://gitdocumentatie.logius.nl/publicatie/api/adr/2.2.0/,Conformance; rules,primaire specificatie: relevante onderdelen,Pas toe of leg uit,https://www.forumstandaardisatie.nl/open-standaarden/rest-api-design-rules,2026-09-07,C-S18
S19,OpenAPI Specification,OpenAPI Initiative / Linux Foundation,Interfacespecificatie,Gepubliceerde specificatie,Onderzoeksreferentie 3.1.1; Nederlandse lijst 3.0,HTTP API-beschrijving,Interface en payloadschema,Operation; parameter; Schema Object,Toegangscontract,Veldbeschrijving; geen formele domeinbetekenis,Geen domeinontologie,Interfaceversies,Indirect: machineleesbare tools,ADR; SHACL; JSON-LD,3.0 en 3.1 niet als identieke schemasemantiek behandelen,https://spec.openapis.org/oas/v3.1.1.html,Schema Object; OpenAPI Object,primaire specificatie: relevante onderdelen,Pas toe of leg uit; vermelde versie 3.0,https://www.forumstandaardisatie.nl/open-standaarden/openapi-specification,2026-09-07,C-S19
S20,Digikoppeling,Logius,Standaardenfamilie / koppelvlakspecificaties,Gepubliceerde deelspecificaties,Geen overkoepelend versienummer; REST-API 4.0.1,Gegevensuitwisseling tussen organisaties,Transport; beveiliging; koppelvlak,ebMS; WUS; Grote Berichten; REST,Betrouwbare distributie,Geen businessbetekenis,Geen ontologie,Identificatie en afspraken,Indirect: veilige uitwisseling,FSC; ADR; OpenAPI,Transportconformiteit is geen datakwaliteit,https://gitdocumentatie.logius.nl/publicatie/dk/restapi/,REST-API koppelvlak; conformance,primaire specificatie: relevante onderdelen,Pas toe of leg uit; releasegegevens bij beheerder,https://www.forumstandaardisatie.nl/open-standaarden/digikoppeling,2026-09-07,C-S20
S21,Federated Service Connectivity (FSC),Logius,Technische specificatie,Definitief 2026-04-21,Core 2.0.0,Federatieve API-connectiviteit,Vertrouwen en infrastructuur,Group; peer; contract; service,Gecontroleerde toegang,Service-identificatie,Geen domeinontologie,Federatieve vertrouwensafspraken,Indirect: toegang; geen AI-autorisatiebeleid,Digikoppeling REST; OpenAPI,Technisch vertrouwen is geen gezag over datawaarden,https://gitdocumentatie.logius.nl/publicatie/fsc/core/2.0.0/,Introduction; architecture; contracts,primaire specificatie: relevante onderdelen,Via toepasselijk Digikoppeling REST-profiel; geen aparte lijstclaim,https://www.forumstandaardisatie.nl/open-standaarden/digikoppeling,2026-09-07,C-S21
S22,NL GOV profile for CloudEvents,Logius,Standaard / notificatieprofiel,Definitief 2026-03-17,1.1,Notificatie-uitwisseling,Event envelope,id; source; type; specversion; dataschema; sequence,Wijzigingen bekendmaken,Type en schemareferentie,Occurrence niet vanzelf ontologisch gemodelleerd,Producent en contract,Indirect: actualiseren afgeleide AI-index,CloudEvents; ADR; PROV-O; OWL-Time,Geen algemene garantie op aflevering; time is niet automatisch valid time,https://gitdocumentatie.logius.nl/publicatie/notificatieservices/cloudevents-nl/1.1/,2.2; 3.3-3.5,"primaire specificatie: relevante onderdelen; review: lijstveld versie 1.1, specificatielinklabel noemt 1.0; geselecteerde 1.1-publicatie apart gecontroleerd",Pas toe of leg uit; versieveld 1.1,https://www.forumstandaardisatie.nl/open-standaarden/nl-gov-profile-cloudevents,2026-09-07,C-S22
S23,BOMOS,Logius,Governanceframework / best practices,Gepubliceerd fundament,Fundament 3.0.2; andere modules afzonderlijk,Beheer en ontwikkeling open standaarden/stelsels,Organisatorisch,Beheer; participatie; besluitvorming,Beheer semantische afspraken,Governance van vocabularia,Geen ontologische semantiek,Kernbijdrage,Indirect: gecontroleerde wijzigingen,DMBOK; FDS; 11179-6,Geen operationeel MDM- of dataproductschema,https://gitdocumentatie.logius.nl/publicatie/bomos/fundament/3.0.2/,Activiteitenmodel; organisatie en rollen,primaire specificatie: relevante onderdelen,Niet vastgesteld in deze inventarisatie,,2026-09-07,C-S23
S24,MDTO,Nationaal Archief,Norm / metagegevens- en uitwisselspecificatie,Gepubliceerd,1.0,Duurzame toegankelijkheid overheidsinformatie,Informatieobject en bewaring,Informatieobject; bestand; metagegevens,Bewaarwaardige bron- en versie-informatie,Interpretatie door de tijd,Geen masterdata-domeinontologie,Archiveringsmetadata,Indirect: bewaarde bewijscontext,TOOI; PROV-O; DCAT,Bewaring en catalogisering vragen onderscheiden mappings,https://www.nationaalarchief.nl/archiveren/mdto,Overzicht en specificatieonderdelen,Officiële overzichtspagina; geen clausuleconformiteit vastgesteld,In behandeling,https://www.forumstandaardisatie.nl/open-standaarden/mdto,2026-09-07,C-S24
S25,Twaalf eisen basisregistraties,Rijksoverheid / BZK en betrokken ministers,Beleidskader; geen technische standaard,Historische primaire beleidsbron,"Kamerstuk 26387 nr.18, 2003",Inrichting authentieke registraties,Juridisch en organisatorisch,Wet; terugmelding; kwaliteit; verantwoordelijkheid,Stelselcontext,Inhoud en bereik,Geen ontologie,Institutionele eisen,Indirect: gezag niet door AI te verlenen,Stelselafspraken; FDS,Actuele verplichting vereist registratie-specifieke wet,https://zoek.officielebekendmakingen.nl/kst-26387-18.html,Bijlage 2,primaire specificatie: relevante onderdelen,Niet vastgesteld in deze inventarisatie,,2026-09-07,C-S25
S26,Stelselafspraken / baseline kwaliteitszorg,BZK / Stelsel van Basisregistraties,Afspraken- en kwaliteitskader,Gepubliceerde baseline,Geraadpleegde publicatie 2021; geen release-ID vastgesteld,Kwaliteitszorg basisregistraties,Stelsel en processen,Bronhouder; verstrekker; afnemer; kwaliteitsborging,Publiek MDM in federatie,Kwaliteitsbegrippen,Geen ontologie,Verantwoordelijkheden en terugmelding,Indirect: bekende datakwaliteit,Twaalf eisen; NORA; FDS,Geen volledige semantische integratiespecificatie,https://www.digitaleoverheid.nl/wp-content/uploads/sites/8/2021/07/Baseline-kwaliteitszorg-stelsel-van-basisregistraties2.pdf,2.1-2.6; 2.7 onderscheid potentiële afspraken,Officiële PDF; hoofdstuk 2 geraadpleegd,Niet vastgesteld in deze inventarisatie,,2026-09-07,C-S26
S27,Federatief Datastelsel (FDS),Realisatie IBDS / betrokken overheden,Afsprakenstelsel / architectuurcontext,Gepubliceerd afwegingskader,"Afwegingskader v1, 2025-12-18",Toelating van data-aanbod,Federatief; organisatie tot dienst,Aanbieder; dataset; datadienst; bevoegd gezag,Federatief hergebruik,Sleutels en metadata,Geen generieke domeinontologie,Toelating en kwaliteitsafspraken,Indirect: verantwoord hergebruik,DCAT; ADR; NORA; stelselafspraken,Eigen binding per afspraak; geen algemene wet,https://federatief.datastelsel.nl/afspraken/afwegingskader/v1/,RE; MO; DA; ME; KW-afspraken,primaire specificatie: relevante onderdelen,Niet vastgesteld in deze inventarisatie,,2026-09-07,C-S27
S28,RDF,W3C,Standaard / abstract datamodel,W3C Recommendation,"1.1, 2014-02-25",Representatie van resources,Representatie,Triple; graph; IRI; literal; RDF dataset,Representatie-optie,Gemeenschappelijk gegevensmodel,Drager van ontologieën,Geen beheerbeleid,Indirect: graafverwerking,RDFS; OWL; JSON-LD,IRI alleen specificeert geen maatschappelijke referent,https://www.w3.org/TR/rdf11-concepts/,1.2-1.5; 3-4,primaire specificatie: relevante onderdelen,Niet vastgesteld in deze inventarisatie,,2026-09-07,C-S28
S29,RDFS,W3C,Standaard / vocabulaire,W3C Recommendation,"1.1, 2014-02-25",Basisschema’s RDF,Schema,Class; Property; domain; range; subClassOf,Typering,Inferentie,Lichtgewicht schemasemantiek,Geen governance,Indirect: afleidingen,RDF; OWL; SHACL,domain/range zijn geen gesloten validatieregels,https://www.w3.org/TR/rdf-schema/,2-3,primaire specificatie: relevante onderdelen,Niet vastgesteld in deze inventarisatie,,2026-09-07,C-S29
S30,OWL,W3C,Standaard / ontologietaal,W3C Recommendation,"OWL 2, second edition, 2012",Formele ontologieën,Formele semantiek,Class; individual; property; axioms; profiles,Domeinconstraints en classificatie,Logische betekenis,Ontologietaal; geen foundational ontology,Geen bevoegdhedenmodel,Indirect: expliciete redenering,RDFS; SKOS; SHACL; UFO,Open-world reasoning is geen volledigheidsvalidatie,https://www.w3.org/TR/owl2-overview/,Document Roadmap; semantics; profiles,primaire specificatie: relevante onderdelen,Niet vastgesteld in deze inventarisatie,,2026-09-07,C-S30
S31,SKOS,W3C,Standaard / vocabulaire,W3C Recommendation,2009-08-18,Kennisorganisatiesystemen,Begripsrepresentatie,Concept; label; definition; broader; mapping,Begrippen en referentielijsten,Conceptrelaties,Concept geen automatische domeinklasse,ConceptScheme ondersteunt ordening,Indirect: termen koppelen,NL-SBB; OWL; ISO 704,exactMatch niet owl:sameAs; broader niet subClassOf; §3.5.1 laat concept/klasse-dubbeltypering toe; scheiding is profielkeuze,https://www.w3.org/TR/skos-reference/,3; 5; 7; 8; 10,primaire specificatie: relevante onderdelen,Pas toe of leg uit binnen toepassingsgebied,https://www.forumstandaardisatie.nl/open-standaarden/skos,2026-09-07,C-S31
S32,SHACL,W3C,Standaard / constrainttaal,W3C Recommendation,2017-07-20,Validatie RDF-grafen,Uitvoerbare constraints,Shape; target; constraint; validation result,Record- en metadata-validatie,Operationele voorwaarden,Aanvulling op OWL,Regels hebben eigenaar en versie nodig,Indirect: validatie in-/uitvoer,OWL; OpenAPI; 11179,Slagen bewijst geen waarheid buiten de aangeleverde graaf,https://www.w3.org/TR/shacl/,Validation; shapes; Core constraints,primaire specificatie: relevante onderdelen,Niet vastgesteld in deze inventarisatie,,2026-09-07,C-S32
S33,PROV-O,W3C,Standaard / ontologie,W3C Recommendation,2013-04-30,Provenance,Bewering en proces,Entity; Activity; Agent; derivation,Herkomst van records en transformaties,Betekenis van afleiding,Provenance-ontologie,Attributie; geen bevoegdheidsbewijs,Indirect: verantwoording antwoorden,8000-120; MDTO; DQV,Provenance claim is niet automatisch betrouwbaar,https://www.w3.org/TR/prov-o/,Starting Point terms; Expanded terms; Qualified terms,primaire specificatie: relevante onderdelen,Niet vastgesteld in deze inventarisatie,,2026-09-07,C-S33
S34,DQV,W3C,Vocabulaire / Working Group Note,W3C Working Group Note; geen Recommendation,2016-12-15,Kwaliteitsmetadata,Meting en collectie,Dimension; Metric; QualityMeasurement,Kwaliteitsrapportage,Interpretatie metingen,RDF-vocabulaire,Norm en beoordelaar extern bepalen,Indirect: fitness for use,25012; 8000-130/140; NORA; PROV-O,Geen complete kwaliteitsdefinitie of validatie-engine,https://www.w3.org/TR/vocab-dqv/,Abstract; vocabulary; examples,primaire specificatie: relevante onderdelen,Niet vastgesteld in deze inventarisatie,,2026-09-07,C-S34
S35,JSON-LD,W3C,Standaard / serialisatiespecificatie,W3C Recommendation,"1.1, 2020-07-16",Linked Data in JSON,Representatie en interface,Context; IRI; expansion; compaction,JSON-uitwisseling met semantische koppeling,Context bindt velden aan IRIs,Geen zelfstandig ontologiemodel,Contextversies te beheren,Indirect: machineverwerking,RDF; OpenAPI,JSON-syntax alleen maakt JSON geen Linked Data,https://www.w3.org/TR/json-ld11/,Basic Concepts; Advanced Concepts,primaire specificatie: relevante onderdelen,Niet vastgesteld in deze inventarisatie,,2026-09-07,C-S35
S36,SPARQL,W3C,Standaardenfamilie / querytaal,W3C Recommendation suite,"1.1, 2013-03-21",RDF bevragen en verwerken,Query en protocol,Graph pattern; query; update; service,Keteninspectie,Query over expliciete betekenis,Afhankelijk van entailmentregime,Toegang apart regelen,Indirect: deterministische retrieval,RDF; SHACL; PROV-O,Endpoint is niet verplicht gevolg van RDF-gebruik,https://www.w3.org/TR/sparql11-overview/,Query; entailment; protocol,primaire specificatie: relevante onderdelen,Niet vastgesteld in deze inventarisatie,,2026-09-07,C-S36
S37,OWL-Time,W3C / OGC,Standaard / ontologie,Gekozen W3C Recommendation; latest-URL bevat latere CR Draft,Recommendation 2017-10-19,Tijdstippen en intervallen,Temporele semantiek,Instant; Interval; temporal relations,Historie modelleren,Betekenis tijdsrelaties,Tijdontologie,Geen retentiebeleid,Indirect: tijdgebonden antwoord,PROV-O; DCAT; temporele databaseliteratuur,Valid/transaction/publication time expliciet profileren,https://www.w3.org/TR/2017/REC-owl-time-20171019/,Ontology description; temporal relations,primaire specificatie: relevante onderdelen,Niet vastgesteld in deze inventarisatie,,2026-09-07,C-S37
S38,URI / IRI-identificatie,IETF / RFC Editor,Technische specificaties,RFC 3986: Internet Standard; RFC 3987: Proposed Standard,"RFC 3986 en 3987, 2005",Identifier-syntax,Identificatie,URI; IRI; reference; resolution,Identificatie van entiteiten en artefacten,Referentie; geen betekenisgarantie,Gebruikt door RDF,Persistentie vereist organisatorisch beleid,Indirect: stabiele verwijzingen,RDF; Cool URIs; FAIR,Syntactische geldigheid garandeert geen persistentie,https://www.rfc-editor.org/info/rfc3986/ | https://www.rfc-editor.org/info/rfc3987/,RFC status; syntax,primaire specificatie: relevante onderdelen,Niet vastgesteld in deze inventarisatie,,2026-09-07,C-S38
S39,Cool URIs for the Semantic Web,W3C,Best practice / Interest Group Note,W3C Interest Group Note,2008-12-03,Identificatie en dereferentie,Webpublicatie,Resource; document; hash; 303,Referent en beschrijving onderscheiden,IRIs toegankelijk beschrijven,Ondersteunt Linked Data,Persistent beheer nodig,Indirect: bronresolutie,RFC 3986/3987; RDF; FAIR,Geen garantie op beheer over decennia,https://www.w3.org/TR/cooluris/,Distinguishing resources and documents; solutions,primaire specificatie: relevante onderdelen,Niet vastgesteld in deze inventarisatie,,2026-09-07,C-S39
S40,UFO,Onderzoeksgemeenschap rond Guizzardi en mede-auteurs,Foundational ontology,Academisch gepubliceerd; geen NL-overheidsstandaardstatus afgeleid,Onderzoeksbasis 2005 en 2015; geen release vastgezet,Ontologische analyse,Foundational / domeinonafhankelijk,Object; event; identity; role; dependence,Identiteitscriteria analyseren,Ontologische precisie,Foundational ontology,Geen bestuurlijke bevoegdheden,Indirect: consistente kennisrepresentatie,OntoUML; OWL; OntoClean,ISO-traject niet gelijkgesteld aan vastgestelde norm; nut per casus evalueren,https://ontouml.org/ufo/,Overview,Primaire communitydocumentatie; aangevuld met L08-L09,Niet vastgesteld in deze inventarisatie,,2026-09-07,C-S40
S41,OntoUML,OntoUML-onderzoeksgemeenschap,Modelleertaal / metamodel; ondersteund door methoden,Academisch/community; geen Nederlandse overheidsstandaard,Geen eenduidige release vastgesteld; onderzoeksbaseline L08,Ontology-driven conceptual modelling,Conceptueel,Kind; role; phase; relator,Entiteit versus rol analyseren,Ontologische modeldiscipline,Gebaseerd op UFO,Geen vervanging MIM-governance,Indirect: modelhelderheid,UFO; MIM; OWL,Vertaling kan modale en temporele betekenis verliezen,https://ontouml.org/ufo/,UFO as foundation of OntoUML,Communitydocumentatie en proefschrift L08,Niet vastgesteld in deze inventarisatie,,2026-09-07,C-S41
S42,Interoperable Europe Act,Europees Parlement en Raad,EU-verordening; geen technische standaard,Gepubliceerde EU-wetgeving,Verordening (EU) 2024/903,Trans-Europese digitale overheidsdiensten,Juridisch en governance,Interoperability assessment; binding requirement,Kader voor grensoverschrijdend hergebruik,Semantische laag naast andere lagen,Schrijft geen OWL/UFO voor,Beoordeling bij toepasselijke nieuwe/gewijzigde bindende eisen,Geen algemene AI-conformiteitsclaim,EIF; SEMIC,Toepasselijkheid art.1-3 per besluit beoordelen,https://eur-lex.europa.eu/eli/reg/2024/903,Art.1-3; 6; 23; Annex,primaire specificatie: relevante onderdelen,Niet vastgesteld in deze inventarisatie,,2026-09-07,C-S42
S43,European Interoperability Framework,Europese Commissie,Interoperabiliteitskader / aanbevelingen,Gepubliceerd beleidskader,"2017, COM(2017)134",Interoperabele publieke diensten,Juridisch; organisatorisch; semantisch; technisch,Interoperability governance; layers,Kader voor samenwerking,Zelfstandige interoperabiliteitslaag,Geen ontologietaalvoorschrift,Integrale governance,Indirect: context voor hergebruik,IEA; FDS; SEMIC,Aanbevelingen geen universele technische verplichtingen,https://eur-lex.europa.eu/legal-content/EN/TXT/?uri=celex%3A52017DC0134,Annex 2; interoperability layers; recommendations,primaire specificatie: relevante onderdelen,Niet vastgesteld in deze inventarisatie,,2026-09-07,C-S43
S44,SEMIC Core Vocabularies,Europese Commissie / SEMIC,Vocabulairefamilie / herbruikbare modellen,SEMIC Recommendations; geraadpleegde releases gepubliceerd 2024-05-06,Onderzoeksreferenties: Person 2.1.1; Business 2.2.0; Location 2.1.0; Public Organisation 2.1.1; geen familieversie,Person; Business; Location; Public Organisation als kandidaten,Domeinconceptueel en uitwisseling,Persoon; rechtspersoon; locatie; publieke organisatie,Hergebruik kernentiteiten,Grensoverschrijdende semantiek,Lichtgewicht vocabularia,Beheer bij SEMIC,Indirect: uitwisselbare entiteiten,TOOI; BAG; MIM,Europese generieke begrippen niet automatisch juridische equivalenten,https://semiceu.github.io/Core-Person-Vocabulary/releases/2.1.1/ | https://semiceu.github.io/Core-Business-Vocabulary/releases/2.2.0/ | https://semiceu.github.io/Core-Location-Vocabulary/releases/2.1.0/ | https://semiceu.github.io/CPOV/releases/2.1.1/,Per release: Summary; Status; Overview,Primaire releasepagina’s; scope en relevante concepten,Niet vastgesteld in deze inventarisatie,,2026-09-07,C-S44
S45,DCAT-AP,Europese Commissie / SEMIC,Applicatieprofiel,Gepubliceerde release,3.0.1,Europese catalogusuitwisseling,Dataset; distributie; dienst,Catalog; Dataset; Distribution; DataService,Masterdatasets ontdekken,Metadataharmonisatie,Profiel op RDF-vocabulaire,Uitgever en gebruikscondities,Indirect: discovery,DCAT; DCAT-AP-NL,NL 3.0 niet zonder toets op EU 3.0.1 baseren,https://semiceu.github.io/DCAT-AP/releases/3.0.1/,Classes; properties; conformance,primaire specificatie: relevante onderdelen,Niet vastgesteld in deze inventarisatie,,2026-09-07,C-S45
S46,FAIR-principes,Wilkinson et al.; FAIR-gemeenschap,Principes / best practice; geen certificerende norm,Wetenschappelijk gepubliceerd,2016,Vindbaarheid en hergebruik data/metadata,Levenscyclus,Findable; Accessible; Interoperable; Reusable,Masterdata hergebruik,Gedeelde vocabularia en verwijzingen,Geen verplichte OWL-keuze,Licentie; provenance; persistentie,Machine-actionability; geen AI-juistheidsbewijs,DCAT; PROV-O; URI,FAIR betekent niet noodzakelijk openbaar,https://www.nature.com/articles/sdata201618,Box 2; principles,Peer-reviewed artikel; relevante tekst,Niet vastgesteld in deze inventarisatie,,2026-09-07,C-S46
S47,DCAT,W3C,Standaard / vocabulaire,W3C Recommendation,"3, 2024-08-22",Catalogisering data en diensten,Metadata,Dataset; Distribution; DataService; DatasetSeries; version,Datasets en versies,Catalogussemantiek,RDF-vocabulaire,Publicatieverantwoordelijkheid,Indirect: machine discovery,DCAT-AP; 11179-33; DQV,Geen volledige productcontractontologie,https://www.w3.org/TR/2024/REC-vocab-dcat-3-20240822/,Dataset; DataService; Distribution; versioning,primaire specificatie: relevante onderdelen,Niet vastgesteld in deze inventarisatie,,2026-09-07,C-S47
S48,NORA Raamwerk gegevenskwaliteit,NORA Expertgroep Gegevensmanagement,Kwaliteitsraamwerk / begrippen en metrieken,Informatief; levende publicatie,Webversie geraadpleegd 2026-09-07,Kwaliteitsbeschrijving Nederlandse overheid,Kwaliteitssemantiek,Dimensie; attribuut; metriek; zinsjabloon,Kwaliteit masterdata,Gemeenschappelijke kwaliteitstaal,DQV-representatie beschikbaar,Gebruik binnen FDS nader getypeerd,Indirect: interpretatie kwaliteit,25012; DQV; FDS,DQV kent geen eigen equivalent van elk NORA-attribuut,https://www.noraonline.nl/wiki/Raamwerk_gegevenskwaliteit_NORA,Doel; vertaling naar DQV; voorgeschiedenis,primaire specificatie: relevante onderdelen,Niet vastgesteld in deze inventarisatie,,2026-09-07,C-S48
S49,Catalogus BAG 2018,BZK; Kadaster; Geonovum,Domeincatalogus / gegevensspecificatie,Gepubliceerde definitieve catalogus; wijzigingen apart,"2018, versie 1.0; wijzigingsvoorstellen niet automatisch normatief",BAG als afgebakende casus,Domein; model; registratie,Pand; verblijfsobject; nummeraanduiding,Concrete masterdata-objecten,Afgrenzing objecten en attributen,Geen UFO-conformiteitsbewijs,Registratiespecifieke voorschriften,Indirect: benchmarkcontext,Wet BAG; NEN 3610; MIM,Bij evaluatie geldende catalogus en wijzigingen opnieuw vastzetten,https://www.geobasisregistraties.nl/documenten/2018/03/12/catalogus-2018,Catalogus en wijzigingsoverzicht,Officiële publicatiepagina; objectcontext via Kadaster,Niet vastgesteld in deze inventarisatie,,2026-09-07,C-S49
S50,OntoClean,Guarino en Welty,Methodologie voor ontologische analyse,Wetenschappelijk gepubliceerd,2002 artikel,Toetsing taxonomische beslissingen,Ontologische analyse,Identity; rigidity; unity; dependence,Onderscheid soort en rol,Toetsbare modelanalyse,Aanvullende vergelijkingsmethode,Geen overheidsgouvernance,Indirect: modelkwaliteit,UFO; OntoUML; OWL,Geen empirisch bewijs van voordeel in deze casus,https://www.loa.istc.cnr.it/old/Papers/CACM2002.pdf,Ontological metaproperties; methodology,Auteursmanuscript van gepubliceerd artikel,Niet vastgesteld in deze inventarisatie,,2026-09-07,C-S50
S51,Data Product Ontology (DPROD),Object Management Group (OMG),Ontologie / specificatie,OMG Adopted Beta Specification; catalogus vermeldt 1.0 beta; geen Nederlandse lijststatus vastgesteld,"1.0 Beta 1; document februari 2025, catalogus adoption januari 2025",Beschrijven van dataproducten en hun datasets/diensten,Productmetadata en semantische catalogisering,DataProduct; owner; purpose; lifecycleStatus; input/output; DataService; Dataset,Niet uitsluitend gericht op masterdata; vergelijking voor productpublicatie,RDF-gebaseerde productbeschrijving,Bestaande ontologie voor productmetadata; geen volledige domeinontologie,Eigenaar en lifecycle als metadatabouwstenen; geen bewijs van werkend beheer,Geen geverifieerd SMDP- of AI-effect,DCAT; RDF; SHACL; eigen C12/DP6,"Volledige Nederlandse gezags-, tijd- en registratieketen niet vastgesteld; beta-status; geen noodzakelijkheid aangetoond",https://www.omg.org/spec/DPROD/1.0/Beta1/PDF,Cover; §1 Scope; §8.1 DataProduct; §8.2 DataService; https://www.omg.org/spec/DPROD/1.0/Beta1/About-DPROD,Primaire PDF: geselecteerde secties en primaire catalogus gecontroleerd tijdens review,Niet vastgesteld; niet als Nederlandse verplichting gebruikt,,2026-09-07,C-S51
