research_question,literature_and_standards,requirement,design_principle,architecture_component,proposed_evaluation_metric,test_id,metric_name,operationalization,evaluation_status
OV2,S11;S13;S31;S08,R01,DP1,C2;C3;C4;C5;C6,M01,T01,Typezuiverheid,Aandeel correct getypeerde knopen en relaties in een onafhankelijk beoordeelde steekproef; verwarringsmatrix per type.,Voorgesteld; niet uitgevoerd
OV1;OV3,S14;S25;S33,R02,DP2,C1;C2;C9,M02,T02,Definitietraceerbaarheid,"Volledig herleidbare definities / alle toepasselijke definities; bron, context, versie, verantwoordelijke en periode afzonderlijk scoren.",Voorgesteld; niet uitgevoerd
OV3,S28;S38;S39;L08,R03,DP3,C7,M03,T03,Identifierkwaliteit,"Uniciteit binnen scope, persistentie over versies en correcte resolutie apart meten; nul verwisselingen tussen entiteit en document in kritieke taken.",Voorgesteld; niet uitgevoerd
OV2;OV3,S08;S13,R04,DP1,C5;C6,M04,T04,Elementdekking,"Elementen met gevalideerde concept-, eigenschap- en domeinkoppeling / toepasselijke elementen.",Voorgesteld; niet uitgevoerd
OV1;OV4,S03,R05,DP1;DP5,C6;C10;C13,M05,T05,Decodeerbaarheid,"Correct gedecodeerde waarden / testwaarden; syntaxis, betekenisreferentie en dataspecificatie afzonderlijk beoordelen.",Voorgesteld; niet uitgevoerd
OV3;OV5,L14;S37;S22,R06,DP4,C8;C11;C14,M06,T06,Temporele reconstructie,Correcte antwoorden op vooraf vastgestelde geldig-op/bekend-op-vragen / temporele vragen; publicatie- en eventtijd apart controleren.,Voorgesteld; niet uitgevoerd
OV3;OV5,S04;S33,R07,DP2;DP4,C9;C11,M07,T07,Provenancedekking,Beweringen met volledige bron- en afleidingsketen / beweringen waarvoor die keten vereist is; onbekend geldt als onvolledig.,Voorgesteld; niet uitgevoerd
OV1;OV3,S25;S21;S33,R08,DP2;DP9,C1;C9;C13,M08,T08,Gezagsgetrouwheid,Juist geclassificeerde gezagsclaims / beoordeelde claims; aantal onterecht authentiek genoemde waarden afzonderlijk rapporteren.,Voorgesteld; niet uitgevoerd
OV1;OV5,S05;S06;S12;S34;S48;L15,R09,DP5,C10;C12,M09,T09,Kwaliteitsmetadata,Kwaliteitsmetingen met alle vereiste contextvelden / metingen; nauwkeurigheid van de waarden apart extern toetsen.,Voorgesteld; niet uitgevoerd
OV3;OV5,S14;S23;S47;S18,R10,DP3;DP7,C2;C4;C5;C6;C12;C13,M10,T10,Versie-impact,Precisie en recall van voorspelde afhankelijkheden tegenover handmatig gereviewde wijzigingen; reproduceerbaarheid van oude release.,Voorgesteld; niet uitgevoerd
OV2;OV5,S31;S30;S13;S08,R11,DP1;DP8,C3;C4;C5;C6,M11,T11,Mappingnauwkeurigheid,Precisie/recall van equivalente en niet-equivalente mappings tegen dubbel beoordeelde gouden standaard; onbekend apart houden.,Voorgesteld; niet uitgevoerd
OV4;OV5,S10;S23;L07;L17,R12,DP7,C1;C12;C14,M12,T12,Lifecyclevolledigheid,Toegestane statusovergangen met verantwoordelijke en besluitspoor / getoetste overgangen; ongeautoriseerde publicaties tellen.,Voorgesteld; niet uitgevoerd
OV4;OV5,L12;S16;S47;S27,R13,DP6,C12,M13,T13,Productcontractdekking,Aanwezige en inhoudelijk geldige contractvelden / toepasselijke velden; eigenaar en gebruiksdoel afzonderlijk scoren.,Voorgesteld; niet uitgevoerd
OV1;OV5,S18;S19;S20;S35,R14,DP6,C13,M14,T14,Interfaceconformiteit,"Geslaagde toepasselijke profielcontroles / controles, uitgesplitst naar profielversie; semantische rondreis per representatie.",Voorgesteld; niet uitgevoerd
OV3;OV5,S22;L14,R15,DP7,C8;C14,M15,T15,Wijzigingsverwerking,"Correcte eindtoestanden bij duplicaat-, volgorde- en herstelgevallen / scenario’s; detectie ontbrekende events en verwerkingstijd.",Voorgesteld; niet uitgevoerd
OV2;OV5,S29;S30;S32;S12,R16,DP5,C4;C10,M16,T16,Validatiezuiverheid,Precisie/recall van constraintdetectie; inferentie-uitkomsten en externe feitelijke juistheid als aparte uitkomsten rapporteren.,Voorgesteld; niet uitgevoerd
OV6,S46;S33;L13;L16,R17,DP6;DP9,C9;C12;C15,M17,T17,Machine-interpretatie,Correct beantwoorde betekenisvragen met geldige bronverwijzing / vragen; gepaste onthouding bij ontbrekend bewijs apart scoren.,Voorgesteld; niet uitgevoerd
OV1;OV4,S27,R18,DP6,C1;C12;C13,M18,T18,FDStoepasselijkheid,Afspraken met gedocumenteerde toepasselijkheid en correcte bindendheidsclassificatie / geselecteerde toepasselijke afspraken.,Voorgesteld; niet uitgevoerd
OV4;OV5,S25;S26;S27,R19,DP7,C1;C11;C14,M19,T19,Terugmeldtraceerbaarheid,"Terugmeldscenario’s met bronhouder, status, beslissing en correctiespoor / scenario’s; doorlooptijd aanvullend meten.",Voorgesteld; niet uitgevoerd
OV1;OV3,S24;S15,R20,DP4;DP7,C9;C12,M20,T20,Bewaartraceerbaarheid,Als bewijs te bewaren objecten met passend metadata-profiel / geselecteerde bewaarobjecten; geen algemene MDTO-conformiteitsclaim.,Voorgesteld; niet uitgevoerd
OV1;OV4,S42;S43;S25,R21,DP2,C1,M21,T21,Juridische toepasselijkheid,Door deskundige beoordeelde juiste scopebeslissingen / beslissingen; wettelijke plicht en profielkeuze afzonderlijk scoren.,Voorgesteld; niet uitgevoerd
OV2;OV5,L08;L09;L10;S40;S41,R22,DP8,C3;C4;C5,M22,T22,Ontologische meerwaarde,"Gedetecteerde identiteit/rol/fasefouten, fout-positieven en benodigde analistentijd; vergelijking met MIM-analyse zonder UFO.",Voorgesteld; niet uitgevoerd
OV3;OV6,S25;S33;S04;L11;L16,R23,DP9,C1;C9;C15,M23,T23,Epistemische getrouwheid,Overeenstemming met deskundigen over categorie en gezagsgrond; nul onterechte opwaarderingen in kritieke scenario’s als voorgestelde acceptatiegrens.,Voorgesteld; niet uitgevoerd
