source_id,source_role,url,checked_at,http_status,resolved_url,sha256,bytes,local_snapshot,retrieval_result
S01,primaire_bron,https://dama.org/dama-dmbok-revision/,2026-09-07T19:38:10.524754+00:00,200,https://dama.org/dama-dmbok-revision/,6336f6eff1a5600a5a41e5f07c47a749ef42a3dbf4281f7978fe0ab0ebab3406,297258,/tmp/paper-review-sources/S01-primaire_bron-0.html,retrieved; interpretation requires separate review
S02,primaire_bron,https://www.iso.org/standard/62392.html,2026-09-07T19:38:10.525361+00:00,,,,0,,HTTP Error 403: Forbidden
S03,primaire_bron,https://www.iso.org/standard/78501.html,2026-09-07T19:38:10.525717+00:00,,,,0,,HTTP Error 403: Forbidden
S04,primaire_bron,https://www.iso.org/standard/62393.html,2026-09-07T19:38:10.526280+00:00,,,,0,,HTTP Error 403: Forbidden
S05,primaire_bron,https://www.iso.org/standard/62394.html,2026-09-07T19:38:10.526764+00:00,,,,0,,HTTP Error 403: Forbidden
S06,primaire_bron,https://www.iso.org/standard/62395.html,2026-09-07T19:38:10.527265+00:00,,,,0,,HTTP Error 403: Forbidden
S07,primaire_bron,https://www.iso.org/standard/78915.html,2026-09-07T19:38:10.527590+00:00,,,,0,,HTTP Error 403: Forbidden
S08,primaire_bron,https://www.iso.org/standard/78925.html,2026-09-07T19:38:10.528271+00:00,,,,0,,HTTP Error 403: Forbidden
S09,primaire_bron,https://www.iso.org/standard/81725.html,2026-09-07T19:38:10.585193+00:00,,,,0,,HTTP Error 403: Forbidden
S10,primaire_bron,https://www.iso.org/standard/78916.html,2026-09-07T19:38:10.589177+00:00,,,,0,,HTTP Error 403: Forbidden
S11,primaire_bron,https://www.iso.org/standard/79077.html,2026-09-07T19:38:10.594716+00:00,,,,0,,HTTP Error 403: Forbidden
S12,primaire_bron,https://www.iso.org/standard/35736.html,2026-09-07T19:38:10.595376+00:00,,,,0,,HTTP Error 403: Forbidden
S13,primaire_bron,https://docs.geostandaarden.nl/mim/def-st-mim-20240613/,2026-09-07T19:38:10.603893+00:00,200,https://docs.geostandaarden.nl/mim/def-st-mim-20240613/,11e4a17a23decbdebe03c7ed7ece1faf669d3e0ba1761b1ed699547224bf8a1e,964712,/tmp/paper-review-sources/S13-primaire_bron-0.html,retrieved; interpretation requires separate review
S13,bron_lijststatus,https://www.forumstandaardisatie.nl/open-standaarden/mim,2026-09-07T19:38:10.606278+00:00,200,https://www.forumstandaardisatie.nl/open-standaarden/mim,a869edc36122872d9eb1efca4d34588c8dce9ebe7eb530b7a595ded04e34ab75,48728,/tmp/paper-review-sources/S13-bron_lijststatus-0.html,retrieved; interpretation requires separate review
S14,primaire_bron,https://docs.geostandaarden.nl/nl-sbb/def-st-nl-sbb-20241010/,2026-09-07T19:38:10.631555+00:00,200,https://docs.geostandaarden.nl/nl-sbb/def-st-nl-sbb-20241010/,8c52ed1c898f8767ce014900a8545ad531c7c5ac048b3f3db9b871acaf6d825d,333782,/tmp/paper-review-sources/S14-primaire_bron-0.html,retrieved; interpretation requires separate review
S14,bron_lijststatus,https://www.forumstandaardisatie.nl/open-standaarden/nl-sbb,2026-09-07T19:38:10.632274+00:00,200,https://www.forumstandaardisatie.nl/open-standaarden/nl-sbb,236ab17191bf0400e90c41c3748c53ca0d127e56d90b127df978d158623723e8,62809,/tmp/paper-review-sources/S14-bron_lijststatus-0.html,retrieved; interpretation requires separate review
S15,primaire_bron,https://standaarden.overheid.nl/tooi/downloads,2026-09-07T19:38:10.632946+00:00,200,https://standaarden.overheid.nl/tooi/downloads,8bc1ac4d66048f72fb126beb3122989aa0ac7c335a491b2ca2dc949f5d1a3394,47758,/tmp/paper-review-sources/S15-primaire_bron-0.html,retrieved; interpretation requires separate review
S15,bron_lijststatus,https://www.forumstandaardisatie.nl/open-standaarden/tooi,2026-09-07T19:38:10.636323+00:00,200,https://www.forumstandaardisatie.nl/open-standaarden/tooi,9c7adba5abc26d7cdcb17dfec93dcafe4afc031be23030dda25f57d0ed3a8cb7,35660,/tmp/paper-review-sources/S15-bron_lijststatus-0.html,retrieved; interpretation requires separate review
S16,primaire_bron,https://docs.geostandaarden.nl/dcat/def-st-dcat-ap-nl30-20250526/,2026-09-07T19:38:10.654030+00:00,200,https://docs.geostandaarden.nl/dcat/def-st-dcat-ap-nl30-20250526/,b7a216fe034fdd779cf3bd1987f43bcdb6799efbd0f9bc37f09df8ad921461de,359176,/tmp/paper-review-sources/S16-primaire_bron-0.html,retrieved; interpretation requires separate review
S16,bron_lijststatus,https://www.forumstandaardisatie.nl/open-standaarden/dcat-ap-nl,2026-09-07T19:38:10.724392+00:00,200,https://www.forumstandaardisatie.nl/open-standaarden/dcat-ap-nl,d63ab956b9a0084310167618cfb1a7a0e596fdd55bfc4ce4f37cef4ebdc3d181,34980,/tmp/paper-review-sources/S16-bron_lijststatus-0.html,retrieved; interpretation requires separate review
S17,primaire_bron,https://www.nen.nl/nen-3610-2022-nl-296137,2026-09-07T19:38:10.732731+00:00,200,https://www.nen.nl/nen-3610-2022-nl-296137,5c2a507af3ba2724ee0b891d433c6d6745f87c1d79de9b3aedeeff19ea85dca7,143979,/tmp/paper-review-sources/S17-primaire_bron-0.html,retrieved; interpretation requires separate review
S17,bron_lijststatus,https://www.forumstandaardisatie.nl/open-standaarden/geo-standaarden,2026-09-07T19:38:10.801314+00:00,200,https://www.forumstandaardisatie.nl/open-standaarden/geo-standaarden,859f5278c252ffa61b5ddb3ea25c04900ac8a5f71acbfa16fedb39fcff472ed5,74805,/tmp/paper-review-sources/S17-bron_lijststatus-0.html,retrieved; interpretation requires separate review
S18,primaire_bron,https://gitdocumentatie.logius.nl/publicatie/api/adr/2.2.0/,2026-09-07T19:38:10.816336+00:00,200,https://gitdocumentatie.logius.nl/publicatie/api/adr/2.2.0/,c62a46896a86bc98e659366f7721643b58a27e322ec473fb4695a5c66144cd5b,225516,/tmp/paper-review-sources/S18-primaire_bron-0.html,retrieved; interpretation requires separate review
S18,bron_lijststatus,https://www.forumstandaardisatie.nl/open-standaarden/rest-api-design-rules,2026-09-07T19:38:10.838099+00:00,200,https://www.forumstandaardisatie.nl/open-standaarden/rest-api-design-rules,a6ff5c643c9a5496b768cd209a2f56c0cb24c8bc729aafa3096bfcfbb9c647c7,62401,/tmp/paper-review-sources/S18-bron_lijststatus-0.html,retrieved; interpretation requires separate review
S19,primaire_bron,https://spec.openapis.org/oas/v3.1.1.html,2026-09-07T19:38:10.853183+00:00,200,https://spec.openapis.org/oas/v3.1.1.html,15fbd8e4e9ab6490d439f3e357afa8b0d43bfdabdbda12ae122034ef07fc3eff,574412,/tmp/paper-review-sources/S19-primaire_bron-0.html,retrieved; interpretation requires separate review
S19,bron_lijststatus,https://www.forumstandaardisatie.nl/open-standaarden/openapi-specification,2026-09-07T19:38:10.855225+00:00,200,https://www.forumstandaardisatie.nl/open-standaarden/openapi-specification,6832abe9a802b651ab5c82798baeaf25ced00ff8dc8b3044507e18617b7015e9,64632,/tmp/paper-review-sources/S19-bron_lijststatus-0.html,retrieved; interpretation requires separate review
S20,primaire_bron,https://gitdocumentatie.logius.nl/publicatie/dk/restapi/,2026-09-07T19:38:10.907373+00:00,200,https://gitdocumentatie.logius.nl/publicatie/dk/restapi/,da873351b76a4be2527a50f2e71ac10bb335cee99cfc7a2d63c95716e5d20b22,344,/tmp/paper-review-sources/S20-primaire_bron-0.html,retrieved; interpretation requires separate review
S20,bron_lijststatus,https://www.forumstandaardisatie.nl/open-standaarden/digikoppeling,2026-09-07T19:38:10.943336+00:00,200,https://www.forumstandaardisatie.nl/open-standaarden/digikoppeling,3b054ac41cc6b2f1d79ff6af602aa53d6e05199d46037e975da71b0b0b3ae6ae,62077,/tmp/paper-review-sources/S20-bron_lijststatus-0.html,retrieved; interpretation requires separate review
S21,primaire_bron,https://gitdocumentatie.logius.nl/publicatie/fsc/core/2.0.0/,2026-09-07T19:38:10.944656+00:00,200,https://gitdocumentatie.logius.nl/publicatie/fsc/core/2.0.0/,68ce1f8fe311cac47b555bf796910027464f08739d8c8653291be91c3b3c23ed,182421,/tmp/paper-review-sources/S21-primaire_bron-0.html,retrieved; interpretation requires separate review
S21,bron_lijststatus,https://www.forumstandaardisatie.nl/open-standaarden/digikoppeling,2026-09-07T19:38:10.960097+00:00,200,https://www.forumstandaardisatie.nl/open-standaarden/digikoppeling,d1c888d9d5cebacd30659cdda36be6614902d1339c2b574d45ca020a143b5734,62077,/tmp/paper-review-sources/S21-bron_lijststatus-0.html,retrieved; interpretation requires separate review
S22,primaire_bron,https://gitdocumentatie.logius.nl/publicatie/notificatieservices/cloudevents-nl/1.1/,2026-09-07T19:38:10.962829+00:00,200,https://gitdocumentatie.logius.nl/publicatie/notificatieservices/cloudevents-nl/1.1/,6e60c5455656f0bcfc39737c27e30da53ee712cae314c6063137dbb0a09141dd,125320,/tmp/paper-review-sources/S22-primaire_bron-0.html,retrieved; interpretation requires separate review
S22,bron_lijststatus,https://www.forumstandaardisatie.nl/open-standaarden/nl-gov-profile-cloudevents,2026-09-07T19:38:10.990485+00:00,200,https://www.forumstandaardisatie.nl/open-standaarden/nl-gov-profile-cloudevents,4139a6eb2fa8c93af86d8359e5e250c571d8c82a7e23a40ac91c5fa9f801f33b,35976,/tmp/paper-review-sources/S22-bron_lijststatus-0.html,retrieved; interpretation requires separate review
S23,primaire_bron,https://gitdocumentatie.logius.nl/publicatie/bomos/fundament/3.0.2/,2026-09-07T19:38:11.020813+00:00,200,https://gitdocumentatie.logius.nl/publicatie/bomos/fundament/3.0.2/,bd092c45b478e3ca8908354d2e5c17afc7bdba0966b98b65dd536d6da2e9b6f3,123172,/tmp/paper-review-sources/S23-primaire_bron-0.html,retrieved; interpretation requires separate review
S24,primaire_bron,https://www.nationaalarchief.nl/archiveren/mdto,2026-09-07T19:38:11.029324+00:00,200,https://www.nationaalarchief.nl/archiveren/mdto,acecadb9b25850438afca308d47d48847606f8356e70dddbf49a65aad03238d0,40592,/tmp/paper-review-sources/S24-primaire_bron-0.html,retrieved; interpretation requires separate review
S24,bron_lijststatus,https://www.forumstandaardisatie.nl/open-standaarden/mdto,2026-09-07T19:38:11.041868+00:00,200,https://www.forumstandaardisatie.nl/open-standaarden/mdto,9b252cf16b98b6a21406d0aa5d911ff8e58c08148308625d16cd222381a6f701,36104,/tmp/paper-review-sources/S24-bron_lijststatus-0.html,retrieved; interpretation requires separate review
S25,primaire_bron,https://zoek.officielebekendmakingen.nl/kst-26387-18.html,2026-09-07T19:38:11.104499+00:00,200,https://zoek.officielebekendmakingen.nl/kst-26387-18.html,b6078983d8d9cadab47e287a22bc7cddbeca4b2bddc59d37bb3ec72c23e966bb,70919,/tmp/paper-review-sources/S25-primaire_bron-0.html,retrieved; interpretation requires separate review
S26,primaire_bron,https://www.digitaleoverheid.nl/wp-content/uploads/sites/8/2021/07/Baseline-kwaliteitszorg-stelsel-van-basisregistraties2.pdf,2026-09-07T19:38:11.106133+00:00,200,https://www.digitaleoverheid.nl/wp-content/uploads/sites/8/2021/07/Baseline-kwaliteitszorg-stelsel-van-basisregistraties2.pdf,73f7e4a959898b443acb6af1e4c7d05e3e8d2c51f3c9dcfa4019fdf6e386ca1b,145398,/tmp/paper-review-sources/S26-primaire_bron-0.pdf,retrieved; interpretation requires separate review
S27,primaire_bron,https://federatief.datastelsel.nl/afspraken/afwegingskader/v1/,2026-09-07T19:38:11.108287+00:00,200,https://federatief.datastelsel.nl/afspraken/afwegingskader/v1/,e13c99af499a4cde1eba2f9646200ab4dca0fe985240aaf3ec8324635642ed4e,61319,/tmp/paper-review-sources/S27-primaire_bron-0.html,retrieved; interpretation requires separate review
S28,primaire_bron,https://www.w3.org/TR/rdf11-concepts/,2026-09-07T19:38:11.110527+00:00,200,https://www.w3.org/TR/rdf11-concepts/,3838c992097f72ee8784b6c96194d9879f86f2e08f53ced5a05aa4031750c5ac,120924,/tmp/paper-review-sources/S28-primaire_bron-0.html,retrieved; interpretation requires separate review
S29,primaire_bron,https://www.w3.org/TR/rdf-schema/,2026-09-07T19:38:11.121931+00:00,200,https://www.w3.org/TR/rdf-schema/,9d4e0a945d43bebae090aec3776ae0ef83273498c0afa1bb3148df6ab3c24413,85439,/tmp/paper-review-sources/S29-primaire_bron-0.html,retrieved; interpretation requires separate review
S30,primaire_bron,https://www.w3.org/TR/owl2-overview/,2026-09-07T19:38:11.153334+00:00,200,https://www.w3.org/TR/owl2-overview/,d5d22b811eb348c845c5aa5aaa5c05448e61b63e3a8ee24b129075916d6115a5,43840,/tmp/paper-review-sources/S30-primaire_bron-0.html,retrieved; interpretation requires separate review
S31,primaire_bron,https://www.w3.org/TR/skos-reference/,2026-09-07T19:38:11.181422+00:00,200,https://www.w3.org/TR/skos-reference/,3aa00cd16ee4d86d3a19b75501bb317d0b0c134e1f4029e9f3098c4dd3669e4c,227150,/tmp/paper-review-sources/S31-primaire_bron-0.html,retrieved; interpretation requires separate review
S31,bron_lijststatus,https://www.forumstandaardisatie.nl/open-standaarden/skos,2026-09-07T19:38:11.200425+00:00,200,https://www.forumstandaardisatie.nl/open-standaarden/skos,2b2c51f830cbf4f8ed6e2643080a1ebb897759a310b979d0d4706acaa75fc675,67598,/tmp/paper-review-sources/S31-bron_lijststatus-0.html,retrieved; interpretation requires separate review
S32,primaire_bron,https://www.w3.org/TR/shacl/,2026-09-07T19:38:11.201685+00:00,200,https://www.w3.org/TR/shacl/,ccca77caed771f42ea649c03d190b9c7ea0b82286c22c457b9edc8087c9ad0f8,531275,/tmp/paper-review-sources/S32-primaire_bron-0.html,retrieved; interpretation requires separate review
S33,primaire_bron,https://www.w3.org/TR/prov-o/,2026-09-07T19:38:11.207790+00:00,200,https://www.w3.org/TR/prov-o/,6b96671ab84faf12ce3f041aca12c3f93a6df2ed242348810743179a68e69555,464179,/tmp/paper-review-sources/S33-primaire_bron-0.html,retrieved; interpretation requires separate review
S34,primaire_bron,https://www.w3.org/TR/vocab-dqv/,2026-09-07T19:38:11.226715+00:00,200,https://www.w3.org/TR/vocab-dqv/,271d3e820c681127131595d2c8bf8345e925149192f6cab821f101f09d372a63,183523,/tmp/paper-review-sources/S34-primaire_bron-0.html,retrieved; interpretation requires separate review
S35,primaire_bron,https://www.w3.org/TR/json-ld11/,2026-09-07T19:38:11.301598+00:00,200,https://www.w3.org/TR/json-ld11/,9e2c9972d0f60bc744e975731643a9a63d410afc6b682eb8898ad2720e452866,1021461,/tmp/paper-review-sources/S35-primaire_bron-0.html,retrieved; interpretation requires separate review
S36,primaire_bron,https://www.w3.org/TR/sparql11-overview/,2026-09-07T19:38:11.345693+00:00,200,https://www.w3.org/TR/sparql11-overview/,f47e4fbfe9c72f3f5f6e8572649f6770e2f1e912aaa9d5a384492cdbe9865fd6,38201,/tmp/paper-review-sources/S36-primaire_bron-0.html,retrieved; interpretation requires separate review
S37,primaire_bron,https://www.w3.org/TR/2017/REC-owl-time-20171019/,2026-09-07T19:38:11.366303+00:00,200,https://www.w3.org/TR/2017/REC-owl-time-20171019/,07341fe8a46f50c7f559516d28bf8a7b0840c354331b88ce8f6d5f8793903263,305874,/tmp/paper-review-sources/S37-primaire_bron-0.html,retrieved; interpretation requires separate review
S38,primaire_bron,https://www.rfc-editor.org/info/rfc3986/,2026-09-07T19:38:11.374717+00:00,200,https://www.rfc-editor.org/info/rfc3986/,e538f68f0c4f58a0063da78b570f52cc2a921bc58b52e0a75a847865eb933a8f,636877,/tmp/paper-review-sources/S38-primaire_bron-0.html,retrieved; interpretation requires separate review
S38,primaire_bron,https://www.rfc-editor.org/info/rfc3987/,2026-09-07T19:38:11.401040+00:00,200,https://www.rfc-editor.org/info/rfc3987/,a64b11468bf5c286e170c0da1763a459673ae4464d5d8091928dae272b298df8,512308,/tmp/paper-review-sources/S38-primaire_bron-1.html,retrieved; interpretation requires separate review
S39,primaire_bron,https://www.w3.org/TR/cooluris/,2026-09-07T19:38:11.404766+00:00,200,https://www.w3.org/TR/cooluris/,71c25a8c9ab567a238eab66f7023bf5d70efba50ce8f60515f97ad2e363a2c7a,71641,/tmp/paper-review-sources/S39-primaire_bron-0.html,retrieved; interpretation requires separate review
S40,primaire_bron,https://ontouml.org/ufo/,2026-09-07T19:38:11.446402+00:00,200,https://ontouml.org/ufo/,6db0016360ee02ac127daf9e7a649b62570cee2fd3c7bd89cba3c8e9e1c3c246,79236,/tmp/paper-review-sources/S40-primaire_bron-0.html,retrieved; interpretation requires separate review
S41,primaire_bron,https://ontouml.org/ufo/,2026-09-07T19:38:11.461117+00:00,200,https://ontouml.org/ufo/,6db0016360ee02ac127daf9e7a649b62570cee2fd3c7bd89cba3c8e9e1c3c246,79236,/tmp/paper-review-sources/S41-primaire_bron-0.html,retrieved; interpretation requires separate review
S42,primaire_bron,https://eur-lex.europa.eu/eli/reg/2024/903,2026-09-07T19:38:11.511412+00:00,200,https://eur-lex.europa.eu/eli/reg/2024/903,0b13146796c1a979bedb22311dbadf3ff4e310c48193645e1941a293ec1a584c,504074,/tmp/paper-review-sources/S42-primaire_bron-0.html,retrieved; interpretation requires separate review
S43,primaire_bron,https://eur-lex.europa.eu/legal-content/EN/TXT/?uri=celex%3A52017DC0134,2026-09-07T19:38:11.594492+00:00,200,https://eur-lex.europa.eu/legal-content/EN/TXT/?uri=celex%3A52017DC0134,4887d5344476bbbb312ab05eb46a5c72d6115361533f7e47d477031ea3a986d1,399887,/tmp/paper-review-sources/S43-primaire_bron-0.html,retrieved; interpretation requires separate review
S44,primaire_bron,https://semiceu.github.io/Core-Person-Vocabulary/releases/2.1.1/,2026-09-07T19:38:11.630077+00:00,200,https://semiceu.github.io/Core-Person-Vocabulary/releases/2.1.1/,0648067ae255032bd33cfc4189b618b4d5cb0191c06c727c232746d7ee9e888f,210953,/tmp/paper-review-sources/S44-primaire_bron-0.html,retrieved; interpretation requires separate review
S44,primaire_bron,https://semiceu.github.io/Core-Business-Vocabulary/releases/2.2.0/,2026-09-07T19:38:11.639210+00:00,200,https://semiceu.github.io/Core-Business-Vocabulary/releases/2.2.0/,d242ab230dc356aa63fc4f74f6681f2009ed6a260af48919521dd0b1d09906cc,177632,/tmp/paper-review-sources/S44-primaire_bron-1.html,retrieved; interpretation requires separate review
S44,primaire_bron,https://semiceu.github.io/Core-Location-Vocabulary/releases/2.1.0/,2026-09-07T19:38:11.656751+00:00,200,https://semiceu.github.io/Core-Location-Vocabulary/releases/2.1.0/,47ebebb0cc8fa9c752819a70e619080c7c2aac9975102f842eebf6833f897143,153956,/tmp/paper-review-sources/S44-primaire_bron-2.html,retrieved; interpretation requires separate review
S44,primaire_bron,https://semiceu.github.io/CPOV/releases/2.1.1/,2026-09-07T19:38:11.869883+00:00,200,https://semiceu.github.io/CPOV/releases/2.1.1/,ceb6ac148c8b24511a2ace03a75585c4fd818d6203bb62a0524bedccbd482a02,230730,/tmp/paper-review-sources/S44-primaire_bron-3.html,retrieved; interpretation requires separate review
S45,primaire_bron,https://semiceu.github.io/DCAT-AP/releases/3.0.1/,2026-09-07T19:38:11.882523+00:00,200,https://semiceu.github.io/DCAT-AP/releases/3.0.1/,f5cbe0a03f3686b12f9e7f7fc0b5948921e7634459a7d83f6b4cb11c07d66a00,603747,/tmp/paper-review-sources/S45-primaire_bron-0.html,retrieved; interpretation requires separate review
S46,primaire_bron,https://www.nature.com/articles/sdata201618,2026-09-07T19:38:11.892662+00:00,200,https://www.nature.com/articles/sdata201618?error=cookies_not_supported&code=f951a96f-5915-4f9a-9c6a-055129ab4e3a,4484055b312699257241ccfa1f05df27540902539d15f8b66905008f6b2663ac,440097,/tmp/paper-review-sources/S46-primaire_bron-0.html,retrieved; interpretation requires separate review
S47,primaire_bron,https://www.w3.org/TR/2024/REC-vocab-dcat-3-20240822/,2026-09-07T19:38:11.979591+00:00,200,https://www.w3.org/TR/2024/REC-vocab-dcat-3-20240822/,068b43f7814525ea784b7d565ada8de2b4538f5377517c4f0ec9b162a34dedfb,664822,/tmp/paper-review-sources/S47-primaire_bron-0.html,retrieved; interpretation requires separate review
S48,primaire_bron,https://www.noraonline.nl/wiki/Raamwerk_gegevenskwaliteit_NORA,2026-09-07T19:38:11.982659+00:00,200,https://www.noraonline.nl/wiki/Raamwerk_gegevenskwaliteit_NORA,d68a05244a110ada59cd90455d8c5d069183302c7c4b833ee43f2e84e2c985e1,78304,/tmp/paper-review-sources/S48-primaire_bron-0.html,retrieved; interpretation requires separate review
S49,primaire_bron,https://www.geobasisregistraties.nl/documenten/2018/03/12/catalogus-2018,2026-09-07T19:38:12.121426+00:00,200,https://www.geobasisregistraties.nl/documenten/2018/03/12/catalogus-2018,8dc3bc6c9d2d032d8bf33d52a8cdeea339ec80150dd998bc6e5d3b837ccd848a,211823,/tmp/paper-review-sources/S49-primaire_bron-0.html,retrieved; interpretation requires separate review
S50,primaire_bron,https://www.loa.istc.cnr.it/old/Papers/CACM2002.pdf,2026-09-07T19:38:12.124045+00:00,200,https://www.loa.istc.cnr.it/old/Papers/CACM2002.pdf,00ebe14c630b267ed1e8179145cbda28f4ac11514cdd9caeb7e546e3521bfdd3,95756,/tmp/paper-review-sources/S50-primaire_bron-0.pdf,retrieved; interpretation requires separate review
L01,doi_of_stabiele_bron,https://aisel.aisnet.org/misq/vol28/iss1/6/,2026-09-07T19:38:12.149673+00:00,200,https://aisel.aisnet.org/misq/vol28/iss1/6/,826d20d4c2cc037420e947847442ec80d1404bc27c7c971142b95605e44701e1,56115,/tmp/paper-review-sources/L01-doi_of_stabiele_bron-0.html,retrieved; interpretation requires separate review
L02,doi_of_stabiele_bron,https://doi.org/10.2753/MIS0742-1222240302,2026-09-07T19:38:12.187299+00:00,,,,0,,HTTP Error 403: Forbidden
L02,bronlocatie,https://www.jmis-web.org/articles/765,2026-09-07T19:38:12.235261+00:00,200,https://www.jmis-web.org/articles/765,6ce0c2cdeb38293b0f5ad41f371488e9b783bbf5ac2bf2f52bf384d9d577f08a,3764,/tmp/paper-review-sources/L02-bronlocatie-0.html,retrieved; interpretation requires separate review
L02,bronlocatie,https://scholar.cgu.edu/samir-chatterjee/wp-content/uploads/sites/6/2013/07/jmis-article.pdf,2026-09-07T19:38:12.423580+00:00,200,https://scholar.cgu.edu/samir-chatterjee/wp-content/uploads/sites/6/2013/07/jmis-article.pdf,3b0eee0e13dec73c03672caa9dec073f139c73cdaaf36b2f90045e48c38b0c36,507442,/tmp/paper-review-sources/L02-bronlocatie-1.pdf,retrieved; interpretation requires separate review
L03,doi_of_stabiele_bron,https://doi.org/10.1057/ejis.2014.36,2026-09-07T19:38:12.430468+00:00,,,,0,,HTTP Error 403: Forbidden
L04,doi_of_stabiele_bron,https://ailab-ua.github.io/courses/MIS611D/gregor-2013-positioning-presenting-design-science-research.pdf,2026-09-07T19:38:12.533508+00:00,200,https://ailab-ua.github.io/courses/MIS611D/gregor-2013-positioning-presenting-design-science-research.pdf,dfed15162209cc9602e8e821c307224e55a4ad153e441f75a697c3afd3d7dddb,1202637,/tmp/paper-review-sources/L04-doi_of_stabiele_bron-0.pdf,retrieved; interpretation requires separate review
L05,doi_of_stabiele_bron,https://doi.org/10.1007/s10257-011-0178-0,2026-09-07T19:38:12.557213+00:00,200,https://link.springer.com/article/10.1007/s10257-011-0178-0?error=cookies_not_supported&code=da0fd809-8e47-45c2-9262-79d724088a63,ac4e8b25b12d14d50c81a7107374ae74954d27acf1595c493c2bdc09468b0746,359306,/tmp/paper-review-sources/L05-doi_of_stabiele_bron-0.html,retrieved; interpretation requires separate review
L06,doi_of_stabiele_bron,https://doi.org/10.1108/17410391111122862,2026-09-07T19:38:12.578725+00:00,,,,0,,HTTP Error 403: Forbidden
L06,bronlocatie,https://portal.findresearcher.sdu.dk/en/publications/barriers-to-master-data-quality/,2026-09-07T19:38:12.615489+00:00,200,https://portal.findresearcher.sdu.dk/en/publications/barriers-to-master-data-quality/,4d1d3806db80c12f2d7a02f05f244653f399feb808d236a7f563e75c361adafe,39667,/tmp/paper-review-sources/L06-bronlocatie-0.html,retrieved; interpretation requires separate review
L07,doi_of_stabiele_bron,https://doi.org/10.1016/j.ijinfomgt.2019.07.008,2026-09-07T19:38:12.656715+00:00,200,https://linkinghub.elsevier.com/retrieve/pii/S0268401219300787,1958c9cab60e64d2c16bd001a8d96eb4365a00b8bfc282bee2747bfbe8cb9906,2693,/tmp/paper-review-sources/L07-doi_of_stabiele_bron-0.html,retrieved; interpretation requires separate review
L07,bronlocatie,https://www.wi.uni-muenster.de/research/publications/86740390,2026-09-07T19:38:12.697740+00:00,200,https://www.wi.uni-muenster.de/research/publications/86740390,672c6c32018347fcd0e998f10f07fec4fed3767f1a1f579ab3f2686bba09e701,32543,/tmp/paper-review-sources/L07-bronlocatie-0.html,retrieved; interpretation requires separate review
L08,doi_of_stabiele_bron,https://research.utwente.nl/en/publications/ontological-foundations-for-structural-conceptual-models/,2026-09-07T19:38:12.743037+00:00,200,https://research.utwente.nl/en/publications/ontological-foundations-for-structural-conceptual-models/,743f8a0a5231f8baca94560549477e8d23b9b6cf4724763dee244377a7476c13,61477,/tmp/paper-review-sources/L08-doi_of_stabiele_bron-0.html,retrieved; interpretation requires separate review
L09,doi_of_stabiele_bron,https://doi.org/10.3233/AO-150157,2026-09-07T19:38:12.760897+00:00,,,,0,,HTTP Error 403: Forbidden
L09,bronlocatie,https://bia.unibz.it/esploro/outputs/journalArticle/Towards-ontological-foundations-for-conceptual-modeling/991005925750201241,2026-09-07T19:38:12.801832+00:00,200,https://bia.unibz.it/esploro/outputs/journalArticle/Towards-ontological-foundations-for-conceptual-modeling/991005925750201241,31bccb50357843e33e44444c6dadcbe9f040e23cbbfc62a3e28d07eeea45a435,2328,/tmp/paper-review-sources/L09-bronlocatie-0.html,retrieved; interpretation requires separate review
L10,doi_of_stabiele_bron,https://doi.org/10.1145/503124.503150,2026-09-07T19:38:12.861193+00:00,,,,0,,HTTP Error 403: Forbidden
L10,bronlocatie,https://www.loa.istc.cnr.it/old/Papers/CACM2002.pdf,2026-09-07T19:38:12.885983+00:00,200,https://www.loa.istc.cnr.it/old/Papers/CACM2002.pdf,00ebe14c630b267ed1e8179145cbda28f4ac11514cdd9caeb7e546e3521bfdd3,95756,/tmp/paper-review-sources/L10-bronlocatie-0.pdf,retrieved; interpretation requires separate review
L11,doi_of_stabiele_bron,https://doi.org/10.1038/sdata.2016.18,2026-09-07T19:38:12.912098+00:00,200,https://www.nature.com/articles/sdata201618?error=cookies_not_supported&code=fde464b6-71a2-466a-8941-621bcadc957c,63ceb450335e344c98ec587de043a77f5ea8a61d41c714b34f8bc4ba50b244c6,440097,/tmp/paper-review-sources/L11-doi_of_stabiele_bron-0.html,retrieved; interpretation requires separate review
L12,doi_of_stabiele_bron,https://doi.org/10.1007/s12599-024-00876-5,2026-09-07T19:38:12.981859+00:00,200,https://link.springer.com/article/10.1007/s12599-024-00876-5?error=cookies_not_supported&code=92b3e4c1-4c2c-4b7b-be84-2dbcef246d1e,ea3354daac2d92e6e66d9da291b46066713903578c2c336f60e1b67ae1f98f52,392090,/tmp/paper-review-sources/L12-doi_of_stabiele_bron-0.html,retrieved; interpretation requires separate review
L13,doi_of_stabiele_bron,https://doi.org/10.1145/3447772,2026-09-07T19:38:13.006360+00:00,,,,0,,HTTP Error 403: Forbidden
L13,bronlocatie,https://aidanhogan.com/docs/knowledge-graphs-computing-surveys.pdf,2026-09-07T19:38:13.033216+00:00,200,https://aidanhogan.com/docs/knowledge-graphs-computing-surveys.pdf,54845ff68df19147095b32101a3228b15ccf8eaa5cfe2f631c245996341fa3c7,1312846,/tmp/paper-review-sources/L13-bronlocatie-0.pdf,retrieved; interpretation requires separate review
L14,doi_of_stabiele_bron,https://www2.cs.arizona.edu/~rts/pubs/SIGMODRecordMarch94p52.pdf,2026-09-07T19:38:13.102818+00:00,200,https://www2.cs.arizona.edu/~rts/pubs/SIGMODRecordMarch94p52.pdf,81894b6696dc9201659ab76fe8a31fd45ce1e50f247057f1233d55885620ea66,1423397,/tmp/paper-review-sources/L14-doi_of_stabiele_bron-0.pdf,retrieved; interpretation requires separate review
L15,doi_of_stabiele_bron,https://www.jmis-web.org/articles/1002,2026-09-07T19:38:13.102972+00:00,200,https://www.jmis-web.org/articles/1002,e36631d35e9710bb764f8017aa26d7fa969cea1ffd82e3853439bc227878ac85,3597,/tmp/paper-review-sources/L15-doi_of_stabiele_bron-0.html,retrieved; interpretation requires separate review
L16,doi_of_stabiele_bron,https://proceedings.neurips.cc/paper_files/paper/2020/hash/6b493230205f780e1bc26945df7481e5-Abstract.html,2026-09-07T19:38:13.177680+00:00,200,https://proceedings.neurips.cc/paper_files/paper/2020/hash/6b493230205f780e1bc26945df7481e5-Abstract.html,5a425ab1b904e69e8ec394bc5f3cf61cd84db96b72c6cfd2a6c1c139443a73e8,10881,/tmp/paper-review-sources/L16-doi_of_stabiele_bron-0.html,retrieved; interpretation requires separate review
L17,doi_of_stabiele_bron,https://doi.org/10.1108/02635571311303550,2026-09-07T19:38:13.299256+00:00,,,,0,,HTTP Error 403: Forbidden
L17,bronlocatie,https://portal.findresearcher.sdu.dk/en/publications/master-data-quality-barriers-an-empirical-investigation/,2026-09-07T19:38:13.333519+00:00,200,https://portal.findresearcher.sdu.dk/en/publications/master-data-quality-barriers-an-empirical-investigation/,95050031386839f143e9552229765cc5489d242a2476535d2b726ecca24446cb,61251,/tmp/paper-review-sources/L17-bronlocatie-0.html,retrieved; interpretation requires separate review
