id,auteur,jaar,titel,publicatietype,onderzoeksvraag,methode,belangrijkste_bevinding,relevantie_paper,beperkingen,doi_of_stabiele_bron,bewijsniveau,bronlocatie,geraadpleegd_op,claim_id
L01,Alan R. Hevner; Salvatore T. March; Jinsoo Park; Sudha Ram,2004,Design Science in Information Systems Research,Peer-reviewed tijdschriftartikel; MIS Quarterly,Hoe DSR als IS-onderzoeksparadigma uitvoeren? (parafrase),Methodologisch raamwerk en richtlijnen; voorbeelden,Ontwerp en evaluatie van artefacten horen bij kennisontwikkeling,DSR-fundering,Geen empirisch bewijs voor dit artefact,https://aisel.aisnet.org/misq/vol28/iss1/6/,Uitgeversabstract en bibliografie,Abstract,2026-09-07,C-L01
L02,Ken Peffers; Tuure Tuunanen; Marcus A. Rothenberger; Samir Chatterjee,2007,A Design Science Research Methodology for Information Systems Research,Peer-reviewed tijdschriftartikel; JMIS,Welke werkbare methode verbindt DSR-uitvoering en presentatie? (parafrase),Methodesynthese; procesmodel; demonstratie in cases,"DSRM verbindt probleem, doelen, ontwerp, demonstratie, evaluatie en communicatie",Fasen en beslismomenten,Proces volgen garandeert geen geldige bijdrage,https://doi.org/10.2753/MIS0742-1222240302,Uitgeversabstract en auteurs-PDF,https://www.jmis-web.org/articles/765 ; https://scholar.cgu.edu/samir-chatterjee/wp-content/uploads/sites/6/2013/07/jmis-article.pdf,2026-09-07,C-L02
L03,John Venable; Jan Pries-Heje; Richard Baskerville,2016,FEDS: a Framework for Evaluation in Design Science Research,Peer-reviewed tijdschriftartikel; EJIS,"Hoe waarom, wanneer, wat en hoe evalueren bepalen? (parafrase)",Ontwikkeling en evaluatie evaluatieraamwerk,Formative/summative en artificial/naturalistic ondersteunen evaluatiekeuze,Afzonderlijke evaluatie-episodes,"Geen voorgeschreven steekproef of effectdrempel voor deze casus; online gepubliceerd 2014, issue 2016",https://doi.org/10.1057/ejis.2014.36,Uitgeversabstract en bibliografie,Abstract; publication dates ; review: uitgeversmetadata https://www.tandfonline.com/doi/pdf/10.1057/ejis.2014.36 ; volledige inhoud niet opnieuw gelezen,2026-09-07,C-L03
L04,Shirley Gregor; Alan R. Hevner,2013,Positioning and Presenting Design Science Research for Maximum Impact,Peer-reviewed methodologisch essay; MIS Quarterly,Hoe kennisbijdragen van DSR positioneren? (parafrase),Conceptueel raamwerk; analyse exemplarische publicaties,Artefactabstractie en kennisbijdrage moeten expliciet worden onderscheiden,Positioneer integratie als mogelijke exaptation/improvement,Novelty van deze paper blijft afzonderlijk te toetsen,https://ailab-ua.github.io/courses/MIS611D/gregor-2013-positioning-presenting-design-science-research.pdf,Universitaire kopie gepubliceerd artikel; relevante tekst,Abstract; contribution framework,2026-09-07,C-L04
L05,Boris Otto; Kai M. Hüner; Hubert Österle,2012,Toward a functional reference model for master data quality management,Peer-reviewed tijdschriftartikel; Information Systems and e-Business Management,Hoe een functioneel MDQM-referentiemodel ontwerpen? (parafrase),Iteratieve ontwerp/evaluatiecycli; participatieve case Beiersdorf,MDQM vereist organisatorische inrichting én systeemondersteuning,Direct antecedent: referentiemodel en DSR voor masterdata,"Bedrijfscontext; alleen abstract gelezen; online 2011, issue 2012",https://doi.org/10.1007/s10257-011-0178-0,Uitgeversabstract; volledige tekst achter toegang,Abstract,2026-09-07,C-L05
L06,Anders Haug; Jan Stentoft Arlbjørn,2011,Barriers to master data quality,Peer-reviewed tijdschriftartikel; Journal of Enterprise Information Management,Welke barrières belemmeren masterdatakwaliteit? (titelgebaseerde parafrase),Nog niet vastgesteld uit toegankelijke primaire tekst,Nog niet inhoudelijk vastgesteld; bibliografisch geverifieerd,Gerichte vervolgbron voor organisatorische barrières,Metadata-only; secundaire samenvatting niet als bevinding overgenomen,https://doi.org/10.1108/17410391111122862,Institutioneel bibliografisch record; uitgever niet toegankelijk,https://portal.findresearcher.sdu.dk/en/publications/barriers-to-master-data-quality/,2026-09-07,C-L06
L07,Rene Abraham; Johannes Schneider; Jan vom Brocke,2019,"Data governance: A conceptual framework, structured review, and research agenda",Peer-reviewed tijdschriftartikel; International Journal of Information Management,Wat zijn bouwstenen en onderzoeksvragen van data governance? (parafrase),Structured review van 145 wetenschappelijke en praktijkpublicaties,Raamwerk ordent governance in zes dimensies,Ontwerp van bevoegdheden en verantwoordelijkheden,Gemengde evidence; geen effectmeting voor Nederlandse registraties,https://doi.org/10.1016/j.ijinfomgt.2019.07.008,Institutioneel abstract en bibliografie,https://www.wi.uni-muenster.de/research/publications/86740390,2026-09-07,C-L07
L08,Giancarlo Guizzardi,2005,Ontological foundations for structural conceptual models,Proefschrift; Universiteit Twente,Hoe structurele conceptuele modellen ontologisch funderen? (parafrase),Ontologische analyse; evaluatie en uitbreiding UML-fragment,Foundational ontology kan analyse van modelconstructies structureren,Identiteit; soorten; rollen; conceptuele modellering,Geen directe effectmeting in Stelsel van Basisregistraties,https://research.utwente.nl/en/publications/ontological-foundations-for-structural-conceptual-models/,Institutioneel abstract en bibliografie,Abstract,2026-09-07,C-L08
L09,Giancarlo Guizzardi; Gerd Wagner; João Paulo A. Almeida; Renata S. S. Guizzardi,2015,Towards ontological foundations for conceptual modeling: The unified foundational ontology (UFO) story,Peer-reviewed tijdschriftartikel; Applied Ontology,Welke ontwikkeling en grondslagen ondersteunen UFO? (parafrase),Conceptuele en retrospectieve uiteenzetting,Positioneert UFO als ontologische basis voor conceptual modelling,Onderbouwing ontologische analysekandidaat,Geen standaardenstatus of gegarandeerde ontwerpwinst afleiden,https://doi.org/10.3233/AO-150157,Institutioneel record en abstract,"https://bia.unibz.it/esploro/outputs/journalArticle/Towards-ontological-foundations-for-conceptual-modeling/991005925750201241 ; review: https://journals.sagepub.com/doi/10.3233/AO-150157 ; uitgeversrecord geverifieerd, volledige tekst niet opnieuw gelezen",2026-09-07,C-L09
L10,Nicola Guarino; Christopher Welty,2002,Evaluating ontological decisions with OntoClean,Tijdschriftartikel; Communications of the ACM,Hoe taxonomische beslissingen ontologisch beoordelen? (parafrase),Formele metaeigenschappen en analysevoorbeelden,Identiteit en rigiditeit maken taxonomische fouten bespreekbaar,Alternatief of aanvulling op UFO/OntoUML,Geen geïntegreerd overheidsdataproduct; casusvoordeel onbekend,https://doi.org/10.1145/503124.503150,Auteurs-PDF; relevante tekst,https://www.loa.istc.cnr.it/old/Papers/CACM2002.pdf,2026-09-07,C-L10
L11,Mark D. Wilkinson et al. (volledige auteurslijst in bron),2016,The FAIR Guiding Principles for scientific data management and stewardship,Peer-reviewed artikel; Scientific Data,Welke principes ondersteunen hergebruik door mens en machine? (parafrase),Gemeenschapsvorming en principesynthese; voorbeelden,FAIR geeft richting aan machine-actionable data en metadata,Identifiers; metadata; provenance; hergebruik,Principes geen productschema of experimenteel AI-prestatiebewijs,https://doi.org/10.1038/sdata.2016.18,Volledige openbare artikeltekst; relevante passages,Box 2,2026-09-07,C-L11
L12,Ivo Blohm; Felix Wortmann; Christine Legner; Felix Köbler,2024,"Data products, data mesh, and data fabric: New paradigm(s) for data and analytics?",Tijdschriftbijdrage type Catchword; Business & Information Systems Engineering,Hoe deze begrippen afbakenen en positioneren? (parafrase),Conceptuele synthese en vergelijking,Dataproductdenken richt zich op gebruikersbehoeften en waarde,Werkdefinitie data product; geen verplichte data-mesharchitectuur,Conceptuele bijdrage; geen causale validatie van SMDP,https://doi.org/10.1007/s12599-024-00876-5,Volledige openbare artikeltekst; relevante secties,Data products; comparison,2026-09-07,C-L12
L13,Aidan Hogan et al. (volledige auteurslijst in bron),2021,Knowledge Graphs,Peer-reviewed survey; ACM Computing Surveys,"Welke modellen, technieken en toepassingen kenmerken knowledge graphs? (parafrase)",Breed literatuuroverzicht en technische vergelijking,"Verbindt grafen, queries, validatie, ontologieën en toepassingen",Alternatieven en technische afwegingen,Survey is geen bewijs van AI-voordeel in Nederlandse overheid,https://doi.org/10.1145/3447772,Auteurs-PDF; abstract en relevante tekst,https://aidanhogan.com/docs/knowledge-graphs-computing-surveys.pdf,2026-09-07,C-L13
L14,Christian S. Jensen et al. (volledige auteurslijst in bron),1994,A Consensus Glossary of Temporal Database Concepts,Wetenschappelijke glossary; ACM SIGMOD Record,Hoe temporele databasebegrippen consistent definiëren? (parafrase),Consensusvorming; definities en voorbeelden,Valid time en transaction time beschrijven verschillende zaken,Bitemporele historie en reconstructie,Geen moderne event- of productmetadata-specificatie,https://www2.cs.arizona.edu/~rts/pubs/SIGMODRecordMarch94p52.pdf,Auteurs-PDF; definities gelezen,3.1 Valid Time; 3.2 Transaction Time,2026-09-07,C-L14
L15,Richard Y. Wang; Diane M. Strong,1996,Beyond Accuracy: What Data Quality Means to Data Consumers,Peer-reviewed tijdschriftartikel; JMIS,Welke kwaliteitskenmerken zijn voor datagebruikers relevant? (parafrase),Tweestapsurvey en tweefasige sorteerstudie; volgens uitgeversabstract,Datakwaliteit omvat meer dan accuracy,Gebruiksafhankelijke evaluatie,Abstractniveau; geen Nederlandse basisregistratiecase,https://www.jmis-web.org/articles/1002,Uitgeversabstract en issue-metadata,Abstract; JMIS volume 12 issue 4,2026-09-07,C-L15
L16,Patrick Lewis et al. (volledige auteurslijst in bron),2020,Retrieval-Augmented Generation for Knowledge-Intensive NLP Tasks,Peer-reviewed conferentiepaper; NeurIPS,Kan retrieval generatieve kennisintensieve NLP verbeteren? (parafrase),Modelontwikkeling; benchmarkexperimenten met baselines,Retrieval-augmented modellen verbeteren resultaten op onderzochte taken,Motivatie voor gecontroleerde AI-consumenttest,"Geen bewijs voor semantische masterdata, juridische juistheid of algemene hallucinatiereductie",https://proceedings.neurips.cc/paper_files/paper/2020/hash/6b493230205f780e1bc26945df7481e5-Abstract.html,Proceedingsabstract,Abstract,2026-09-07,C-L16
L17,Anders Haug; Jan Stentoft Arlbjørn; Frederik Zachariassen; Jakob Schlichter,2013,Master data quality barriers: An empirical investigation,Peer-reviewed tijdschriftartikel; Industrial Management & Data Systems,Welke barrières belemmeren masterdatakwaliteit en hoe verschilt hun belang? (parafrase),Literatuurgebaseerde classificatie; vragenlijst bij 787 Deense productiebedrijven,Twaalf barrières onderzocht; organisatorische problemen verdienen expliciete aandacht,Empirische aanvulling voor governance en verantwoordelijkheidsverdeling,Productiebedrijven; masterdata; abstractniveau; geen Nederlandse overheidseffectmeting,https://doi.org/10.1108/02635571311303550,Institutioneel abstract en bibliografie,https://portal.findresearcher.sdu.dk/en/publications/master-data-quality-barriers-an-empirical-investigation/,2026-09-07,C-L17
L18,Xiaoyuan Wang; Xingzhi Sun; Feng Cao; Li Ma; Nick Kanellos; Kang Zhang; Yue Pan; Yong Yu,2009,SMDM: Enhancing Enterprise-Wide Master Data Management Using Semantic Web Technologies,Conferentiedemonstratiepaper; Proceedings of the VLDB Endowment,"Hoe bestaande MDM semantisch uitbreiden met ontologieën, mappings en queries? (parafrase)",Systeemontwerp en demonstratie; technische queryvergelijking gerapporteerd,Semantische MDM met virtuele RDF-toegang en ontologieën is een bestaand antecedent.,Weerlegt brede nieuwheid van semantische masterdata; relevante eenvoudigere architectuurvariant.,Bedrijfscontext en demonstratie; geen bewijs voor Nederlands SMDP of menselijke/AI-interpretatie.,https://www.vldb.org/pvldb/vol2/vldb09-1011.pdf,Primaire proceedings-PDF; abstract en architectuursecties gelezen,Abstract; §1 Introduction; §2 A Tour of the SMDM System; §3 Demonstration,2026-09-07,C-L18
L19,Fernando Gualo; Ismael Caballero; Moisés Rodríguez; Mario Piattini,2023,A Data Quality Model for Master Data Repositories,Tijdschriftartikel; Informatica,Hoe een kwaliteitsmodel en metingen afstemmen op masterdatarepositories? (parafrase),Ontwerp van kwaliteitsmodel op basis van internationale standaarden; uitgewerkt meetvoorbeeld,Bestaand werk operationaliseert masterdatakwaliteit met eigenschappen en metingen.,Antecedent voor kwaliteit; voorkomt dat eigen M01-M23 als nieuwe kwaliteitsmeettaxonomie worden gepresenteerd.,"Geen validatie van dit SMDP, Nederlandse gezagsketens of AI; claims beperkt tot gelezen model- en meetbeschrijving.",https://doi.org/10.15388/23-INFOR534,Primaire uitgeverstekst; model- en meetsecties gecontroleerd tijdens review,"https://journals.sagepub.com/doi/10.15388/23-INFOR534 ; introduction, proposed model, measurement example",2026-09-07,C-L19
